{
"type": "FeatureCollection",
"name": "aggregate_boundaries",
"crs": { "type": "name", "properties": { "name": "urn:ogc:def:crs:OGC:1.3:CRS84" } },
"features": [
{ "type": "Feature", "properties": { "ltla_code": "Aberta dos Morros", "ltla_name": "Aberta dos Morros" }, "geometry": { "type": "Polygon", "coordinates": [ [ [ -51.204461299999934, -30.167883099999965 ], [ -51.208060099999955, -30.168507299999931 ], [ -51.206352599999946, -30.163965699999952 ], [ -51.207518, -30.159556399999921 ], [ -51.208033499999942, -30.156918699999942 ], [ -51.210723599999938, -30.155098399999929 ], [ -51.210603299999953, -30.154854599999958 ], [ -51.209989, -30.15074 ], [ -51.208611899999937, -30.150849899999969 ], [ -51.208281199999931, -30.150717599999936 ], [ -51.204549, -30.147663899999941 ], [ -51.204205399999978, -30.147237299999965 ], [ -51.203968, -30.147301499999966 ], [ -51.193425399999967, -30.145800299999959 ], [ -51.191437599999972, -30.145534399999974 ], [ -51.190326899999953, -30.15634969999995 ], [ -51.190795799999933, -30.158556399999949 ], [ -51.1917511166872, -30.15857025458142 ], [ -51.191193199999987, -30.158577099999931 ], [ -51.198449899999957, -30.171668 ], [ -51.201386199999945, -30.171248199999976 ], [ -51.202004299999942, -30.171299799999922 ], [ -51.202207499999986, -30.171411399999954 ], [ -51.201297199999942, -30.16736249999996 ], [ -51.204461299999934, -30.167883099999965 ] ], [ [ -51.203909060984991, -30.148044224365979 ], [ -51.204100199999971, -30.147902199999972 ], [ -51.204549, -30.147663899999941 ], [ -51.203909060984991, -30.148044224365979 ] ], [ [ -51.202661099999943, -30.149098099999943 ], [ -51.203421099999957, -30.148406799999965 ], [ -51.20346977560073, -30.148370631971474 ], [ -51.202661099999943, -30.149098099999943 ] ], [ [ -51.201398159621, -30.150814558662354 ], [ -51.201503199999934, -30.150556199999976 ], [ -51.201596540838494, -30.150428715331174 ], [ -51.201398159621, -30.150814558662354 ] ], [ [ -51.201197510873065, -30.151361272101859 ], [ -51.201203599999985, -30.151293099999972 ], [ -51.2012317754508, -30.151223799300009 ], [ -51.201197510873065, -30.151361272101859 ] ], [ [ -51.199518399999931, -30.154799699999948 ], [ -51.199487652025461, -30.154825428975151 ], [ -51.199555409190708, -30.154753460292984 ], [ -51.199518399999931, -30.154799699999948 ] ], [ [ -51.198878199999967, -30.155335399999956 ], [ -51.198735599999964, -30.155428799999978 ], [ -51.19783953722164, -30.156039670506324 ], [ -51.199157688349551, -30.155101532600892 ], [ -51.198878199999967, -30.155335399999956 ] ], [ [ -51.200219199999935, -30.156282399999952 ], [ -51.200175825075355, -30.156346225740037 ], [ -51.200291499999935, -30.156023699999928 ], [ -51.200219199999935, -30.156282399999952 ] ], [ [ -51.200101699999948, -30.156455299999941 ], [ -51.199867799999936, -30.156644099999934 ], [ -51.200132891052952, -30.15640940269726 ], [ -51.200101699999948, -30.156455299999941 ] ], [ [ -51.200789773219768, -30.159544005117475 ], [ -51.200641399999938, -30.159074 ], [ -51.200244199999986, -30.157802099999959 ], [ -51.200789773219768, -30.159544005117475 ] ], [ [ -51.199649699999952, -30.167366099999985 ], [ -51.194571899999971, -30.158220799999974 ], [ -51.195981299999971, -30.160731099999957 ], [ -51.196656, -30.161951099999953 ], [ -51.199649699999952, -30.167366099999985 ] ], [ [ -51.203421899999967, -30.151897599999977 ], [ -51.206950399999982, -30.154637299999933 ], [ -51.205548699999952, -30.153571899999967 ], [ -51.203421899999967, -30.151897599999977 ] ], [ [ -51.203217399999971, -30.153666899999962 ], [ -51.203190799999959, -30.152905499999971 ], [ -51.203235129918518, -30.153793144785116 ], [ -51.203217399999971, -30.153666899999962 ] ], [ [ -51.203244799999936, -30.153862 ], [ -51.20324273842111, -30.153847320655817 ], [ -51.203468, -30.154215299999969 ], [ -51.203244799999936, -30.153862 ] ], [ [ -51.203275099999985, -30.154333 ], [ -51.202715199999943, -30.15459959999998 ], [ -51.203468, -30.154215299999969 ], [ -51.203275099999985, -30.154333 ] ], [ [ -51.19662758970248, -30.157214371997114 ], [ -51.197491599999978, -30.15628729999997 ], [ -51.196736299999941, -30.157133099999946 ], [ -51.19662758970248, -30.157214371997114 ] ], [ [ -51.192834797612512, -30.158556958242311 ], [ -51.193173539863245, -30.15852597659396 ], [ -51.193043299999943, -30.15855439999995 ], [ -51.192834797612512, -30.158556958242311 ] ], [ [ -51.196171639846789, -30.15751626960521 ], [ -51.196422470742512, -30.157367719268922 ], [ -51.196298499999962, -30.15746039999993 ], [ -51.196171639846789, -30.15751626960521 ] ] ] } },
{ "type": "Feature", "properties": { "ltla_code": "Agronomia", "ltla_name": "Agronomia" }, "geometry": { "type": "Polygon", "coordinates": [ [ [ -51.136269699999957, -30.075383 ], [ -51.136565399999938, -30.07546509999997 ], [ -51.136762499999975, -30.075810099999945 ], [ -51.137107599999979, -30.075810099999948 ], [ -51.137222599999973, -30.076237299999935 ], [ -51.137699, -30.07640159999994 ], [ -51.137699, -30.077009499999967 ], [ -51.136762499999975, -30.077502399999954 ], [ -51.136466799999937, -30.078077399999987 ], [ -51.136549, -30.078438899999973 ], [ -51.136614699999939, -30.079293199999942 ], [ -51.136072499999955, -30.079441099999944 ], [ -51.135760299999959, -30.079950399999976 ], [ -51.13628609999995, -30.080624 ], [ -51.136549, -30.081051199999926 ], [ -51.136696799999982, -30.081396199999975 ], [ -51.137091099999964, -30.081544 ], [ -51.137280099999941, -30.081790499999954 ], [ -51.137091099999964, -30.082168399999944 ], [ -51.136696799999982, -30.082513399999979 ], [ -51.136869299999944, -30.083039099999947 ], [ -51.136779, -30.08323629999995 ], [ -51.136565399999938, -30.083302 ], [ -51.136598299999946, -30.083564899999942 ], [ -51.136417499999936, -30.08379489999993 ], [ -51.13641389999998, -30.084610299999945 ], [ -51.136769, -30.084462899999952 ], [ -51.137111299999958, -30.084438599999935 ], [ -51.138742799999932, -30.084662 ], [ -51.139072899999974, -30.084852199999943 ], [ -51.13930019999998, -30.085039799999944 ], [ -51.140245499999935, -30.086119399999976 ], [ -51.142252399999961, -30.087698399999965 ], [ -51.142680399999968, -30.088472699999954 ], [ -51.143055799999956, -30.088867599999951 ], [ -51.144019, -30.089681299999931 ], [ -51.145002699999964, -30.089981699999953 ], [ -51.145305899999983, -30.090189499999948 ], [ -51.146119799999951, -30.09152359999996 ], [ -51.146490799999981, -30.091919899999933 ], [ -51.146995599999968, -30.092196599999959 ], [ -51.147851699999933, -30.092555899999972 ], [ -51.148598799999945, -30.091090199999933 ], [ -51.148721599999931, -30.090945199999965 ], [ -51.14988459999995, -30.091440399999939 ], [ -51.150526799999966, -30.091806699999943 ], [ -51.152169399999934, -30.092594199999947 ], [ -51.152228099999945, -30.092567899999953 ], [ -51.153665099999955, -30.087856299999938 ], [ -51.156238, -30.07991689999994 ], [ -51.156471499999952, -30.079245299999972 ], [ -51.156456299999945, -30.079109299999963 ], [ -51.156308299999978, -30.078837299999968 ], [ -51.15596069999998, -30.078707299999955 ], [ -51.15639589999995, -30.078018299999929 ], [ -51.156604399999935, -30.078027299999963 ], [ -51.156692099999987, -30.077957799999975 ], [ -51.156991299999959, -30.077271799999949 ], [ -51.157161699999961, -30.076542 ], [ -51.157514099999958, -30.076283499999928 ], [ -51.158037799999938, -30.075661699999959 ], [ -51.157616, -30.07567089999997 ], [ -51.154434199999969, -30.076566099999976 ], [ -51.153948499999956, -30.076408599999976 ], [ -51.152908899999943, -30.076387599999961 ], [ -51.151688199999974, -30.075943899999963 ], [ -51.151331099999936, -30.075962299999961 ], [ -51.150690599999962, -30.075849399999981 ], [ -51.150391299999967, -30.075752199999947 ], [ -51.150173399999971, -30.075523799999921 ], [ -51.150007199999948, -30.075443899999982 ], [ -51.150060799999949, -30.075438499999972 ], [ -51.149911299999985, -30.075322399999941 ], [ -51.149701099999959, -30.075229 ], [ -51.149459799999939, -30.075229 ], [ -51.149273, -30.07530679999995 ], [ -51.148743699999955, -30.075353499999942 ], [ -51.148642499999937, -30.07530679999995 ], [ -51.149600099999986, -30.072954199999966 ], [ -51.15048429999996, -30.07071679999995 ], [ -51.150483, -30.070132199999932 ], [ -51.150848199999984, -30.069139899999971 ], [ -51.15088429999998, -30.068721399999951 ], [ -51.150768299999982, -30.068392399999937 ], [ -51.150680372901107, -30.068419935326848 ], [ -51.151684799999941, -30.068089 ], [ -51.151646699999958, -30.065463399999931 ], [ -51.151298599999961, -30.065630799999955 ], [ -51.150151699999981, -30.063936699999946 ], [ -51.149733, -30.065053799999919 ], [ -51.149084499999958, -30.065991099999959 ], [ -51.14877759999996, -30.066269 ], [ -51.148046, -30.066718199999965 ], [ -51.147594799999979, -30.066934599999957 ], [ -51.147020099999963, -30.067147499999972 ], [ -51.145932799999969, -30.067381199999939 ], [ -51.143410599999982, -30.068094599999938 ], [ -51.143031099999973, -30.06815679999993 ], [ -51.143030199999941, -30.068024399999953 ], [ -51.142884699999968, -30.067736899999947 ], [ -51.142880099999964, -30.067445599999921 ], [ -51.142764199999931, -30.06708389999994 ], [ -51.142562699999985, -30.066970499999968 ], [ -51.142068299999949, -30.066914599999954 ], [ -51.141618199999982, -30.066667299999949 ], [ -51.141353199999969, -30.06607669999994 ], [ -51.140982, -30.065976299999928 ], [ -51.14072, -30.065849499999956 ], [ -51.14009359999995, -30.065215899999941 ], [ -51.13957819999996, -30.06511149999994 ], [ -51.138925599999936, -30.065151099999973 ], [ -51.138405599999949, -30.065251 ], [ -51.137388, -30.063734899999925 ], [ -51.136259299999949, -30.053896499999958 ], [ -51.132437599999946, -30.053769499999927 ], [ -51.130819399999957, -30.05397639999995 ], [ -51.130038599999978, -30.05400839999993 ], [ -51.129706099999964, -30.053858899999977 ], [ -51.129714499999977, -30.053541499999934 ], [ -51.129830199999958, -30.053209 ], [ -51.1298, -30.053131799999953 ], [ -51.129605099999935, -30.052985399999951 ], [ -51.129239299999938, -30.052922099999932 ], [ -51.128219899999976, -30.052942599999941 ], [ -51.128099799999973, -30.052972899999919 ], [ -51.127850899999942, -30.053263699999949 ], [ -51.12768669999997, -30.053382599999953 ], [ -51.127016399999945, -30.053714099999972 ], [ -51.126613799999973, -30.053684399999948 ], [ -51.126405199999965, -30.053501599999944 ], [ -51.125805299999968, -30.053355099999976 ], [ -51.120572099999947, -30.055284099999938 ], [ -51.122027299999957, -30.05538539999997 ], [ -51.122430099999974, -30.055938899999944 ], [ -51.121834499999977, -30.056855 ], [ -51.120688499999979, -30.057215099999954 ], [ -51.119287199999974, -30.057236399999972 ], [ -51.118427, -30.057166599999945 ], [ -51.118355399999984, -30.061792 ], [ -51.11768619999998, -30.062145099999949 ], [ -51.117425399999945, -30.063048299999934 ], [ -51.120423399999936, -30.063104399999926 ], [ -51.120400699999955, -30.064959 ], [ -51.120346, -30.065073899999952 ], [ -51.120419899999945, -30.065460699999953 ], [ -51.120219299999974, -30.065982499999961 ], [ -51.120204599999965, -30.066176599999942 ], [ -51.120363699999984, -30.066830299999928 ], [ -51.120136699999932, -30.066960799999947 ], [ -51.119215299999951, -30.067181899999973 ], [ -51.118764499999941, -30.067373599999929 ], [ -51.118300799999986, -30.067797599999938 ], [ -51.118119099999944, -30.068325299999973 ], [ -51.11808869999993, -30.069340899999929 ], [ -51.117744899999934, -30.071428799999975 ], [ -51.11760419999996, -30.071994599999982 ], [ -51.11725279999996, -30.072935099999931 ], [ -51.117159399999935, -30.073059599999958 ], [ -51.116963699999985, -30.073181599999945 ], [ -51.116764799999942, -30.073194599999965 ], [ -51.116565599999944, -30.073146 ], [ -51.115743699999939, -30.07255 ], [ -51.114753599999972, -30.072617699999963 ], [ -51.113794, -30.073333499999929 ], [ -51.112534699999969, -30.074635499999946 ], [ -51.112213, -30.075148699999939 ], [ -51.11104249999994, -30.076328 ], [ -51.110021, -30.077018699999936 ], [ -51.10943119999996, -30.077712299999959 ], [ -51.109238299999959, -30.078326399999973 ], [ -51.110021, -30.078661199999935 ], [ -51.11056259999998, -30.078966699999967 ], [ -51.1109, -30.079286399999933 ], [ -51.111377, -30.0798842 ], [ -51.111805099999977, -30.080167399999933 ], [ -51.112177199999962, -30.080263699999925 ], [ -51.11268229999996, -30.08019709999996 ], [ -51.11499409999994, -30.079293899999978 ], [ -51.115522899999974, -30.079138099999959 ], [ -51.116241399999986, -30.078969099999934 ], [ -51.118198599999971, -30.078726399999933 ], [ -51.118551499999967, -30.078645799999943 ], [ -51.119190599999968, -30.078343599999975 ], [ -51.120130499999959, -30.077719199999933 ], [ -51.12079609999995, -30.07743 ], [ -51.123110099999963, -30.076859 ], [ -51.123646699999938, -30.076798599999947 ], [ -51.125251, -30.076815099999973 ], [ -51.126899799999933, -30.076970899999925 ], [ -51.128496899999959, -30.076952199999941 ], [ -51.12885609999995, -30.076902899999926 ], [ -51.131433499999957, -30.076261799999944 ], [ -51.133847099999969, -30.075611199999962 ], [ -51.135126830648517, -30.07495474433194 ], [ -51.134963199999959, -30.075047699999967 ], [ -51.13521819999994, -30.075399399999974 ], [ -51.135645299999965, -30.075465099999967 ], [ -51.136269699999957, -30.075383 ] ], [ [ -51.143535911932311, -30.069129821311154 ], [ -51.143792099999985, -30.069010699999975 ], [ -51.144114781943841, -30.06890702997471 ], [ -51.143535911932311, -30.069129821311154 ] ], [ [ -51.142996267056155, -30.069402490897765 ], [ -51.143145399999987, -30.06931139999994 ], [ -51.143483088783967, -30.069154382809078 ], [ -51.142996267056155, -30.069402490897765 ] ], [ [ -51.137725299999943, -30.073478599999923 ], [ -51.13763907942328, -30.07352758037965 ], [ -51.142279, -30.069840599999953 ], [ -51.137725299999943, -30.073478599999923 ] ] ] } },
{ "type": "Feature", "properties": { "ltla_code": "Anchieta", "ltla_name": "Anchieta" }, "geometry": { "type": "Polygon", "coordinates": [ [ [ -51.186147699999935, -29.995709499999972 ], [ -51.186048099999937, -29.995445899999932 ], [ -51.186089099999947, -29.995299399999965 ], [ -51.186320599999931, -29.995062099999981 ], [ -51.186385, -29.994824899999969 ], [ -51.186408399999948, -29.993553599999981 ], [ -51.187002099999972, -29.993526099999944 ], [ -51.182437199999988, -29.988572599999937 ], [ -51.181942299999946, -29.987744899999932 ], [ -51.181557299999952, -29.987064699999966 ], [ -51.181031899999937, -29.984659899999937 ], [ -51.179197199999976, -29.978642 ], [ -51.178252199999974, -29.975566699999945 ], [ -51.176829799999958, -29.971870799999973 ], [ -51.176433599999939, -29.970451099999931 ], [ -51.176343599999939, -29.969788199999979 ], [ -51.176362199999971, -29.96772419999996 ], [ -51.174403599999955, -29.967491 ], [ -51.173416, -29.967324099999924 ], [ -51.171922099999961, -29.967382399999956 ], [ -51.171122, -29.967396299999965 ], [ -51.169841499999961, -29.967201099999947 ], [ -51.168673099999978, -29.966887299999943 ], [ -51.167812, -29.966953499999924 ], [ -51.166858399999967, -29.967277899999946 ], [ -51.16639859999998, -29.967256799999973 ], [ -51.166049199999975, -29.96704 ], [ -51.165902099999983, -29.96675579999993 ], [ -51.165155, -29.965828499999922 ], [ -51.164575099999979, -29.965598799999949 ], [ -51.163886, -29.96565779999996 ], [ -51.163233, -29.965884199999941 ], [ -51.162469399999964, -29.96630649999997 ], [ -51.161749899999961, -29.966858499999937 ], [ -51.16130789999994, -29.967115199999963 ], [ -51.160763399999951, -29.967206399999949 ], [ -51.160266299999932, -29.967108 ], [ -51.159751, -29.966786799999952 ], [ -51.159336899999971, -29.966314499999957 ], [ -51.159115, -29.965724399999935 ], [ -51.158831899999939, -29.965157199999968 ], [ -51.158393299999943, -29.964834199999924 ], [ -51.156967099999974, -29.964623199999949 ], [ -51.156254499999932, -29.964449599999966 ], [ -51.155900499999973, -29.964545599999951 ], [ -51.155697399999951, -29.964714899999937 ], [ -51.155584499999975, -29.965056799999942 ], [ -51.155484299999955, -29.966097499999925 ], [ -51.155341399999941, -29.966493599999982 ], [ -51.155097199999943, -29.966833799999964 ], [ -51.155197599999951, -29.967630899999961 ], [ -51.155152899999962, -29.968111699999952 ], [ -51.155300799999964, -29.971357599999983 ], [ -51.155883499999959, -29.971392 ], [ -51.15568959999996, -29.972036499999941 ], [ -51.155635299999972, -29.972666199999921 ], [ -51.155072799999971, -29.985140599999966 ], [ -51.154994699999975, -29.987009 ], [ -51.154873099999975, -29.989427099999943 ], [ -51.15444789999998, -29.989344799999962 ], [ -51.146210699999983, -29.989509299999952 ], [ -51.146317299999964, -29.993774199999955 ], [ -51.146381699999949, -29.993800299999972 ], [ -51.14641789999996, -29.997332099999937 ], [ -51.154615, -29.997178799999961 ], [ -51.154642099999933, -29.996719899999956 ], [ -51.157946899999956, -29.996854499999984 ], [ -51.157950799999981, -29.996776 ], [ -51.158734599999946, -29.996690299999944 ], [ -51.159303, -29.996693199999971 ], [ -51.160252699999944, -29.996833899999942 ], [ -51.163056799999936, -29.996828099999952 ], [ -51.171490499999948, -29.996673099999938 ], [ -51.171939899999984, -30.003202499999912 ], [ -51.185156099999972, -30.003225399999963 ], [ -51.185940399999936, -30.00306089999998 ], [ -51.187353099999939, -30.002660299999938 ], [ -51.187946799999963, -30.001383499999971 ], [ -51.188275499999975, -30.000948 ], [ -51.187577199999964, -29.999815699999932 ], [ -51.18782159999995, -29.99971689999995 ], [ -51.186326399999984, -29.997305899999951 ], [ -51.186147699999935, -29.995709499999972 ] ], [ [ -51.16099939999998, -29.96835139999996 ], [ -51.159650799999952, -29.9683017 ], [ -51.155152899999962, -29.968111699999952 ], [ -51.16099939999998, -29.96835139999996 ] ], [ [ -51.171673377719848, -29.971345679749298 ], [ -51.171731199999954, -29.971419199999957 ], [ -51.174783699999978, -29.978420499999974 ], [ -51.171673377719848, -29.971345679749298 ] ], [ [ -51.171217599999977, -29.970890099999959 ], [ -51.171460099999933, -29.971074499999915 ], [ -51.171574012831037, -29.971219338630988 ], [ -51.171217599999977, -29.970890099999959 ] ] ] } },
{ "type": "Feature", "properties": { "ltla_code": "Arquipélago", "ltla_name": "Arquipélago" }, "geometry": { "type": "MultiPolygon", "coordinates": [ [ [ [ -51.291996599999948, -30.06481209999998 ], [ -51.29200179999998, -30.064224199999948 ], [ -51.291535499999952, -30.063233699999959 ], [ -51.291010299999982, -30.060323199999971 ], [ -51.29131689999997, -30.059670299999929 ], [ -51.292780499999935, -30.058778699999952 ], [ -51.293646099999933, -30.056557 ], [ -51.294478599999934, -30.055706299999944 ], [ -51.294705099999938, -30.05424829999998 ], [ -51.294645699999933, -30.054053 ], [ -51.294462499999952, -30.054007299999959 ], [ -51.294205499999975, -30.054024899999938 ], [ -51.294093, -30.054219699999976 ], [ -51.294063599999959, -30.054958 ], [ -51.293169199999966, -30.056119299999974 ], [ -51.290591199999938, -30.058352599999971 ], [ -51.289571699999954, -30.058485299999965 ], [ -51.289143399999944, -30.05865469999997 ], [ -51.288950099999965, -30.058906499999978 ], [ -51.288936799999931, -30.059387 ], [ -51.288682299999948, -30.060172199999943 ], [ -51.287682299999972, -30.060380799999958 ], [ -51.286972699999978, -30.060217699999953 ], [ -51.286547299999938, -30.059820199999926 ], [ -51.286445599999979, -30.059608299999965 ], [ -51.286442099999931, -30.059056799999954 ], [ -51.286361299999953, -30.058996799999932 ], [ -51.286116899999968, -30.058964099999947 ], [ -51.285635699999943, -30.06022239999993 ], [ -51.286877299999958, -30.063278 ], [ -51.288267099999985, -30.064045199999946 ], [ -51.290153499999974, -30.064968699999948 ], [ -51.291468299999963, -30.06513509999996 ], [ -51.291996599999948, -30.06481209999998 ] ] ], [ [ [ -51.253322199999957, -30.041971799999942 ], [ -51.253523799999982, -30.042310799999939 ], [ -51.253895499999942, -30.042520799999981 ], [ -51.254236099999957, -30.042585599999931 ], [ -51.254949899999986, -30.043382799999961 ], [ -51.254953199999932, -30.043641299999919 ], [ -51.25455, -30.044110799999945 ], [ -51.254543499999954, -30.04432979999995 ], [ -51.255129399999937, -30.045612699999943 ], [ -51.256164299999973, -30.047058399999962 ], [ -51.257229799999948, -30.048355699999945 ], [ -51.258220299999948, -30.048504899999944 ], [ -51.258597599999973, -30.048820399999958 ], [ -51.259056899999962, -30.049297699999947 ], [ -51.259599299999934, -30.050091199999944 ], [ -51.260407899999962, -30.050817799999951 ], [ -51.260709899999938, -30.051425799999951 ], [ -51.26165519999995, -30.052640799999939 ], [ -51.262489, -30.053567399999949 ], [ -51.263475799999981, -30.054168099999966 ], [ -51.26451979999996, -30.054601199999972 ], [ -51.265391499999964, -30.054821499999939 ], [ -51.266174899999953, -30.055170599999929 ], [ -51.266939299999933, -30.055753699999961 ], [ -51.266983399999958, -30.055967299999956 ], [ -51.266943499999968, -30.056106699999919 ], [ -51.266835699999945, -30.05616909999997 ], [ -51.266629599999931, -30.056190799999968 ], [ -51.26647909999997, -30.056298 ], [ -51.266396699999973, -30.056516299999934 ], [ -51.266425899999945, -30.05684569999994 ], [ -51.266536199999962, -30.057113599999976 ], [ -51.266890199999978, -30.057284099999947 ], [ -51.267833899999971, -30.057472399999938 ], [ -51.268452399999944, -30.057504799999936 ], [ -51.268765299999984, -30.057670499999983 ], [ -51.268927, -30.05797089999993 ], [ -51.269180899999981, -30.058167599999933 ], [ -51.269805399999939, -30.058329199999942 ], [ -51.270423799999946, -30.058554599999976 ], [ -51.270555, -30.058792899999958 ], [ -51.270274899999947, -30.059809699999963 ], [ -51.270331299999953, -30.059974599999961 ], [ -51.270431299999984, -30.060056899999942 ], [ -51.270594, -30.060097199999966 ], [ -51.270826499999949, -30.060033599999947 ], [ -51.271993399999985, -30.059222499999972 ], [ -51.272142499999973, -30.057743699999943 ], [ -51.271284599999944, -30.055924899999976 ], [ -51.271287799999982, -30.055694399999933 ], [ -51.271449299999972, -30.055309799999986 ], [ -51.271467099999938, -30.055065199999941 ], [ -51.271401499999968, -30.054939899999958 ], [ -51.271113899999932, -30.054768199999952 ], [ -51.269539799999961, -30.054304699999925 ], [ -51.26786489999995, -30.054017099999946 ], [ -51.265857799999935, -30.053404599999961 ], [ -51.264752699999974, -30.052503599999969 ], [ -51.264037099999939, -30.0507 ], [ -51.263842199999942, -30.050452199999945 ], [ -51.263553099999967, -30.050373099999952 ], [ -51.263075499999957, -30.050489199999951 ], [ -51.262847599999986, -30.050412699999981 ], [ -51.262235799999985, -30.049489799999947 ], [ -51.262132, -30.049152399999965 ], [ -51.262206599999956, -30.048892699999943 ], [ -51.262362199999984, -30.04875519999996 ], [ -51.262638, -30.048651899999985 ], [ -51.262716, -30.048572699999969 ], [ -51.262709799999982, -30.048375399999941 ], [ -51.262330599999984, -30.048019499999949 ], [ -51.261672399999952, -30.047724199999941 ], [ -51.261583799999983, -30.047633899999948 ], [ -51.261549799999955, -30.047513799999933 ], [ -51.26164579999994, -30.047315699999949 ], [ -51.262020599999971, -30.047093399999923 ], [ -51.262154099999975, -30.046794199999965 ], [ -51.262086799999963, -30.045553699999967 ], [ -51.262799599999937, -30.044640699999938 ], [ -51.262995399999966, -30.04227679999995 ], [ -51.262673699999937, -30.040257199999914 ], [ -51.261536599999943, -30.03905009999994 ], [ -51.260391899999945, -30.037452699999957 ], [ -51.259434899999974, -30.035042 ], [ -51.259365699999933, -30.0343276 ], [ -51.259548799999948, -30.033683699999976 ], [ -51.260489099999972, -30.033656599999969 ], [ -51.262831699999936, -30.034864 ], [ -51.26427979999994, -30.03574679999997 ], [ -51.266527699999983, -30.035853899999946 ], [ -51.268132599999944, -30.035170899999954 ], [ -51.269441699999959, -30.035154299999931 ], [ -51.270043699999974, -30.03547159999993 ], [ -51.270354599999962, -30.036210599999944 ], [ -51.270290699999975, -30.037079699999932 ], [ -51.27064009999998, -30.03807 ], [ -51.271899599999983, -30.038972099999967 ], [ -51.272918599999969, -30.038442599999936 ], [ -51.273568299999965, -30.037427699999952 ], [ -51.273814199999947, -30.036237699999962 ], [ -51.273479899999984, -30.035085599999938 ], [ -51.272493499999939, -30.034017299999956 ], [ -51.271336199999951, -30.033132 ], [ -51.269910899999957, -30.032653799999942 ], [ -51.268548299999964, -30.031532899999945 ], [ -51.267778599999986, -30.030427599999935 ], [ -51.267147899999941, -30.028943899999952 ], [ -51.266205899999932, -30.026260799999925 ], [ -51.2652935, -30.023956699999932 ], [ -51.264679, -30.019441799999981 ], [ -51.264494699999943, -30.01868189999994 ], [ -51.26377679999996, -30.016061099999948 ], [ -51.26361849999995, -30.015033899999942 ], [ -51.263595199999941, -30.014234699999975 ], [ -51.263464599999963, -30.013593699999941 ], [ -51.263193899999976, -30.013064699999966 ], [ -51.262901, -30.012701799999942 ], [ -51.262422599999979, -30.012142899999962 ], [ -51.262301299999933, -30.011879699999938 ], [ -51.261984499999983, -30.011192399999963 ], [ -51.261811399999942, -30.00964259999995 ], [ -51.263698699999964, -30.004574299999934 ], [ -51.26511789999995, -30.000763 ], [ -51.271365499999945, -29.989548399999926 ], [ -51.271963, -29.988648799999961 ], [ -51.275272399999949, -29.984653499999972 ], [ -51.27854149999996, -29.981296599999947 ], [ -51.281475599999965, -29.97727 ], [ -51.283349099999953, -29.973113599999969 ], [ -51.285182899999938, -29.970588499999955 ], [ -51.289631399999962, -29.966982599999941 ], [ -51.293773699999974, -29.964685799999977 ], [ -51.29753089999997, -29.963331499999985 ], [ -51.29926329999995, -29.961141699999928 ], [ -51.302508799999941, -29.95323529999996 ], [ -51.303245199999935, -29.950072699999964 ], [ -51.299356899999964, -29.94929339999992 ], [ -51.294019099999957, -29.948369899999939 ], [ -51.288566499999945, -29.94709929999993 ], [ -51.283242, -29.944888299999946 ], [ -51.280091, -29.94281379999995 ], [ -51.267316199999982, -29.935152599999974 ], [ -51.263554299999953, -29.93419879999993 ], [ -51.256619599999972, -29.932829699999957 ], [ -51.251027899999947, -29.932302199999977 ], [ -51.245656299999951, -29.932624799999921 ], [ -51.241808099999957, -29.933826099999976 ], [ -51.237095499999953, -29.936479399999932 ], [ -51.233496499999944, -29.938739699999925 ], [ -51.231185699999969, -29.941115299999971 ], [ -51.229984599999966, -29.943795599999937 ], [ -51.228909099999953, -29.94716819999995 ], [ -51.227938299999948, -29.952818299999937 ], [ -51.227575899999977, -29.956476699999932 ], [ -51.225884599999972, -29.958963799999928 ], [ -51.221136599999973, -29.966121599999955 ], [ -51.220143599999972, -29.966764 ], [ -51.218634499999951, -29.966748199999987 ], [ -51.216638699999976, -29.966093499999936 ], [ -51.211769199999935, -29.964522299999935 ], [ -51.209145899999953, -29.964360599999949 ], [ -51.20823009999998, -29.96437769999994 ], [ -51.206433299999958, -29.965663 ], [ -51.205217699999935, -29.966695799999954 ], [ -51.204622099999938, -29.967449 ], [ -51.204242599999986, -29.968251399999925 ], [ -51.203795099999979, -29.969034699999956 ], [ -51.202556099999981, -29.97013869999995 ], [ -51.200901699999974, -29.971492899999927 ], [ -51.200127699999939, -29.97201339999998 ], [ -51.200619499999959, -29.972297799999975 ], [ -51.200596899999937, -29.972426 ], [ -51.200468699999931, -29.972433499999966 ], [ -51.200393299999973, -29.972501399999945 ], [ -51.201087099999938, -29.97295389999994 ], [ -51.201351, -29.97325549999994 ], [ -51.202338899999972, -29.975027599999965 ], [ -51.202565099999958, -29.975329299999945 ], [ -51.203341799999976, -29.977674499999971 ], [ -51.203613299999972, -29.979152499999945 ], [ -51.203711299999959, -29.980140399999986 ], [ -51.203530299999954, -29.980479699999933 ], [ -51.203530299999954, -29.981105599999971 ], [ -51.203289, -29.981610899999961 ], [ -51.203553, -29.981678699999971 ], [ -51.203571099999976, -29.981794699999959 ], [ -51.202836599999955, -29.981922599999958 ], [ -51.20264549999996, -29.982083399999958 ], [ -51.202886799999931, -29.982445399999964 ], [ -51.202836599999955, -29.983641899999956 ], [ -51.202736, -29.983752499999976 ], [ -51.202866699999959, -29.984013899999983 ], [ -51.203138199999955, -29.984034 ], [ -51.20344989999996, -29.984848399999969 ], [ -51.203419699999984, -29.985803599999937 ], [ -51.204123599999946, -29.987150899999964 ], [ -51.20480189999995, -29.987875099999933 ], [ -51.205159199999969, -29.988201599999979 ], [ -51.205219499999941, -29.988199099999967 ], [ -51.206099299999948, -29.990863599999951 ], [ -51.206120699999985, -29.990989 ], [ -51.205987, -29.991019399999967 ], [ -51.206727699999931, -29.993348799999982 ], [ -51.206848399999963, -29.993315199999984 ], [ -51.20704939999996, -29.993767699999985 ], [ -51.20631549999996, -29.993952 ], [ -51.20648639999996, -29.994464799999943 ], [ -51.207227099999955, -29.994287199999974 ], [ -51.207351099999983, -29.99465919999993 ], [ -51.206620399999963, -29.99486029999996 ], [ -51.206948899999986, -29.995885899999955 ], [ -51.20750529999998, -29.995738399999929 ], [ -51.207692899999984, -29.997119199999926 ], [ -51.207773399999951, -29.998238599999972 ], [ -51.210273599999937, -30.005446099999965 ], [ -51.215873, -30.016147799999942 ], [ -51.219725399999959, -30.01972869999997 ], [ -51.219716399999982, -30.019868 ], [ -51.218976399999974, -30.020874099999958 ], [ -51.219905, -30.021682499999937 ], [ -51.220111599999939, -30.021682499999933 ], [ -51.220875099999944, -30.020836599999935 ], [ -51.220974299999966, -30.020854799999935 ], [ -51.221415899999954, -30.021245699999955 ], [ -51.220998599999973, -30.022748699999958 ], [ -51.221869599999934, -30.02317 ], [ -51.222213899999986, -30.021970899999925 ], [ -51.22361559999996, -30.022647399999983 ], [ -51.223599399999955, -30.024000399999984 ], [ -51.224482499999965, -30.024421699999944 ], [ -51.22449869999997, -30.023307699999972 ], [ -51.225726099999974, -30.023911299999945 ], [ -51.22570989999997, -30.025025299999982 ], [ -51.226293299999952, -30.025304899999977 ], [ -51.226301399999961, -30.024381199999929 ], [ -51.2272129, -30.024814699999979 ], [ -51.227192599999967, -30.025661299999957 ], [ -51.227763799999934, -30.025673499999975 ], [ -51.227767799999981, -30.025090099999943 ], [ -51.241012599999976, -30.031563599999959 ], [ -51.241042, -30.031745899999969 ], [ -51.241219199999932, -30.031845199999964 ], [ -51.241224299999942, -30.032417399999932 ], [ -51.240653099999975, -30.032773899999931 ], [ -51.240867799999933, -30.032873099999954 ], [ -51.241487599999971, -30.032526799999967 ], [ -51.241518, -30.032575399999914 ], [ -51.241271899999958, -30.032723199999957 ], [ -51.241490599999963, -30.032783 ], [ -51.241663799999969, -30.032770799999984 ], [ -51.241892699999937, -30.032954199999942 ], [ -51.241905799999984, -30.033226599999978 ], [ -51.24175189999994, -30.033540499999955 ], [ -51.241472399999964, -30.03364589999995 ], [ -51.24131639999996, -30.033842299999947 ], [ -51.242246099999932, -30.03413 ], [ -51.242207599999972, -30.034257599999933 ], [ -51.241937199999938, -30.03416639999994 ], [ -51.241706299999976, -30.034789299999936 ], [ -51.24242639999995, -30.034834799999938 ], [ -51.24253269999997, -30.034898599999956 ], [ -51.242482099999961, -30.034997899999944 ], [ -51.24265459999998, -30.035128099999959 ], [ -51.2502406, -30.03529959999997 ], [ -51.25083589999997, -30.035551099999964 ], [ -51.251191899999981, -30.036166899999948 ], [ -51.251974399999938, -30.038752299999935 ], [ -51.253322199999957, -30.041971799999942 ] ], [ [ -51.262884, -30.017247699999928 ], [ -51.263698799999986, -30.017973199999961 ], [ -51.264494699999943, -30.01868189999994 ], [ -51.262884, -30.017247699999928 ] ], [ [ -51.2558509, -30.019548199999981 ], [ -51.256257799999958, -30.018506799999951 ], [ -51.256664599999972, -30.01754659999995 ], [ -51.2558509, -30.019548199999981 ] ], [ [ -51.254434499999945, -30.023240099999949 ], [ -51.254291799999976, -30.02364289999997 ], [ -51.254980299999943, -30.021598599999948 ], [ -51.254434499999945, -30.023240099999949 ] ], [ [ -51.254778, -30.023325499999935 ], [ -51.255924099999959, -30.023673899999945 ], [ -51.254434499999945, -30.023240099999949 ], [ -51.254778, -30.023325499999935 ] ], [ [ -51.258247599999947, -30.021565899999931 ], [ -51.25580709999997, -30.023788499999963 ], [ -51.255924099999959, -30.023673899999945 ], [ -51.258247599999947, -30.021565899999931 ] ], [ [ -51.250354099999981, -30.033098599999949 ], [ -51.250980799999979, -30.03511849999995 ], [ -51.250097899999957, -30.03233 ], [ -51.250354099999981, -30.033098599999949 ] ], [ [ -51.257095399999976, -30.021567299999965 ], [ -51.256884899999939, -30.021677899999922 ], [ -51.257139086384058, -30.021529193993402 ], [ -51.257095399999976, -30.021567299999965 ] ], [ [ -51.257314599999972, -30.02137609999992 ], [ -51.257230981703998, -30.021449037126718 ], [ -51.257371582945417, -30.021264208932283 ], [ -51.257314599999972, -30.02137609999992 ] ], [ [ -51.224919799999952, -29.986831699999971 ], [ -51.224066099999966, -29.986695199999915 ], [ -51.224277899999947, -29.986712699999941 ], [ -51.224919799999952, -29.986831699999971 ] ], [ [ -51.233990199999937, -29.987355 ], [ -51.234300699999956, -29.989044499999974 ], [ -51.234319082604898, -29.989223001198848 ], [ -51.233990199999937, -29.987355 ] ], [ [ -51.247231299999953, -29.98176779999994 ], [ -51.241226599999948, -29.980107899999943 ], [ -51.240770899999973, -29.979981899999981 ], [ -51.247231299999953, -29.98176779999994 ] ], [ [ -51.227173799999953, -30.019718399999935 ], [ -51.227871, -30.019721499999932 ], [ -51.228506799999934, -30.019724399999966 ], [ -51.227173799999953, -30.019718399999935 ] ], [ [ -51.231608699999981, -30.019263899999952 ], [ -51.231803799999966, -30.020496799999929 ], [ -51.231327299999975, -30.017515 ], [ -51.231608699999981, -30.019263899999952 ] ], [ [ -51.23099469999994, -29.999557199999966 ], [ -51.231004806897765, -29.999473813758982 ], [ -51.231053, -29.999979799999942 ], [ -51.23099469999994, -29.999557199999966 ] ], [ [ -51.227937899999972, -29.995319799999958 ], [ -51.228219199999955, -29.99521789999994 ], [ -51.228295351179284, -29.995211285439012 ], [ -51.227937899999972, -29.995319799999958 ] ], [ [ -51.22221959999996, -29.993911399999945 ], [ -51.221564699999931, -29.99804 ], [ -51.222010299999965, -29.995171299999981 ], [ -51.22221959999996, -29.993911399999945 ] ], [ [ -51.222406199999966, -29.986972299999927 ], [ -51.222442399999977, -29.987246099999933 ], [ -51.222304899999983, -29.986434699999954 ], [ -51.222406199999966, -29.986972299999927 ] ] ] ] } },
{ "type": "Feature", "properties": { "ltla_code": "Auxiliadora", "ltla_name": "Auxiliadora" }, "geometry": { "type": "MultiPolygon", "coordinates": [ [ [ [ -51.193547799999976, -30.024537499999955 ], [ -51.19509069999998, -30.024685199999968 ], [ -51.196579499999984, -30.02481779999993 ], [ -51.19685039999996, -30.023079599999949 ], [ -51.19537159999993, -30.022455899999958 ], [ -51.194920199999956, -30.022259799999969 ], [ -51.195074299999931, -30.020821 ], [ -51.195309499999951, -30.018637499999951 ], [ -51.194216199999971, -30.018592 ], [ -51.194028262524967, -30.020280720491606 ], [ -51.194112899999936, -30.019469299999965 ], [ -51.194287699999961, -30.017791499999927 ], [ -51.190432599999959, -30.017651599999958 ], [ -51.189691499999981, -30.017639199999952 ], [ -51.188683899999951, -30.017539799999941 ], [ -51.187639199999985, -30.017471799999946 ], [ -51.186508299999964, -30.017399899999926 ], [ -51.186335199999974, -30.019255899999958 ], [ -51.186178, -30.01975689999994 ], [ -51.184583399999958, -30.021920199999951 ], [ -51.183615399999951, -30.023783599999934 ], [ -51.185102399999948, -30.024349899999955 ], [ -51.185603899999933, -30.024375 ], [ -51.185659799999939, -30.023816199999935 ], [ -51.18649819999996, -30.023868899999968 ], [ -51.18736679999995, -30.023940399999958 ], [ -51.188795299999981, -30.02407489999996 ], [ -51.192012099999943, -30.02438439999997 ], [ -51.193547799999976, -30.024537499999955 ] ], [ [ -51.189226440363662, -30.022626422379339 ], [ -51.189226434818828, -30.022626424638858 ], [ -51.189395099999956, -30.020776599999973 ], [ -51.189691499999981, -30.017639199999952 ], [ -51.189226440363662, -30.022626422379339 ] ], [ [ -51.188378799999953, -30.020709099999987 ], [ -51.188212599999986, -30.022412599999935 ], [ -51.188683899999951, -30.017539799999941 ], [ -51.188378799999953, -30.020709099999987 ] ], [ [ -51.188492899999972, -30.02266 ], [ -51.188173331555774, -30.022384423349262 ], [ -51.188212599999986, -30.022412599999935 ], [ -51.188492899999972, -30.02266 ] ], [ [ -51.193707399999937, -30.023186599999967 ], [ -51.192178299999966, -30.023048 ], [ -51.190552199999956, -30.02287849999993 ], [ -51.193707399999937, -30.023186599999967 ] ], [ [ -51.187830599999984, -30.022138499999979 ], [ -51.187942613163393, -30.022218873843133 ], [ -51.187568299999953, -30.022015199999945 ], [ -51.187830599999984, -30.022138499999979 ] ], [ [ -51.186757023723032, -30.021967509926569 ], [ -51.187225199999943, -30.021977699999979 ], [ -51.187568299999953, -30.022015199999945 ], [ -51.186757023723032, -30.021967509926569 ] ] ], [ [ [ -51.197552599999938, -30.018721 ], [ -51.195309499999951, -30.018637499999951 ], [ -51.195208, -30.019599099999937 ], [ -51.194920199999956, -30.022259799999969 ], [ -51.19685039999996, -30.023079599999949 ], [ -51.197357099999977, -30.01985429999996 ], [ -51.197552599999938, -30.018721 ] ] ], [ [ [ -51.194216199999971, -30.018592 ], [ -51.197552599999938, -30.018721 ], [ -51.197641, -30.017904299999941 ], [ -51.194287699999961, -30.017791499999927 ], [ -51.194216199999971, -30.018592 ] ] ] ] } },
{ "type": "Feature", "properties": { "ltla_code": "Azenha", "ltla_name": "Azenha" }, "geometry": { "type": "Polygon", "coordinates": [ [ [ -51.216773099999955, -30.059587199999953 ], [ -51.217395899999985, -30.059040099999944 ], [ -51.217663, -30.058711 ], [ -51.217971399999954, -30.05810549999994 ], [ -51.218093799999963, -30.057446 ], [ -51.218255, -30.056044799999928 ], [ -51.218365499999948, -30.054802599999963 ], [ -51.218401099999937, -30.053629399999977 ], [ -51.218333799999982, -30.052451299999959 ], [ -51.21826219999997, -30.051279199999946 ], [ -51.218188899999973, -30.050075699999972 ], [ -51.218117499999948, -30.048851899999924 ], [ -51.218271799999968, -30.048152499999947 ], [ -51.21842289999995, -30.047100699999923 ], [ -51.218546799999963, -30.04659179999992 ], [ -51.218787, -30.045918 ], [ -51.219388599999945, -30.045107399999946 ], [ -51.220062299999938, -30.044500399999936 ], [ -51.220772099999976, -30.04402819999995 ], [ -51.221074199999975, -30.043894199999954 ], [ -51.219846299999972, -30.043151599999931 ], [ -51.217734399999983, -30.041957 ], [ -51.216395299999931, -30.041175799999962 ], [ -51.215618399999983, -30.04217559999995 ], [ -51.215118, -30.042817399999937 ], [ -51.214624899999933, -30.04346379999998 ], [ -51.214281199999959, -30.04406159999996 ], [ -51.214377799999966, -30.044101099999967 ], [ -51.21418529999994, -30.044024599999947 ], [ -51.211919199999961, -30.04692869999997 ], [ -51.210024, -30.049367 ], [ -51.209052399999969, -30.050573699999969 ], [ -51.208627599999943, -30.0513304 ], [ -51.209023299999956, -30.052814799999961 ], [ -51.210796099999982, -30.052694599999942 ], [ -51.210850599999958, -30.053621299999975 ], [ -51.211785199999952, -30.053539199999925 ], [ -51.210066499999982, -30.056919799999939 ], [ -51.208336299999985, -30.058890199999951 ], [ -51.209227, -30.059601899999961 ], [ -51.2104662, -30.059422299999923 ], [ -51.209822699999961, -30.059537599999945 ], [ -51.210249499999975, -30.060038099999939 ], [ -51.210729599999986, -30.060940599999977 ], [ -51.211667499999976, -30.061734799999943 ], [ -51.211526899999967, -30.060741799999949 ], [ -51.21329609999998, -30.058209799999926 ], [ -51.214907, -30.055998699999968 ], [ -51.213440299999945, -30.058014399999919 ], [ -51.214805, -30.058661699999959 ], [ -51.216211599999951, -30.059307 ], [ -51.216397899999947, -30.059335199999957 ], [ -51.216773099999955, -30.059587199999953 ] ], [ [ -51.21516349999996, -30.053934 ], [ -51.216924499999948, -30.053761799999965 ], [ -51.218401099999937, -30.053629399999977 ], [ -51.21516349999996, -30.053934 ] ], [ [ -51.216987899999936, -30.042970799999974 ], [ -51.216022399999986, -30.044271799999933 ], [ -51.216492099999982, -30.043623699999962 ], [ -51.217734399999983, -30.041957 ], [ -51.216987899999936, -30.042970799999974 ] ], [ [ -51.217721199999971, -30.04523589999997 ], [ -51.218011899999965, -30.045411199999943 ], [ -51.216022399999986, -30.044271799999933 ], [ -51.217721199999971, -30.04523589999997 ] ], [ [ -51.214873799999964, -30.055903899999972 ], [ -51.215186799999969, -30.056593199999952 ], [ -51.215600599999959, -30.057546399999978 ], [ -51.214907, -30.055998699999968 ], [ -51.214873799999964, -30.055903899999972 ] ], [ [ -51.216785199999947, -30.05495059999998 ], [ -51.21469959999996, -30.055145799999934 ], [ -51.215321499999959, -30.055086299999978 ], [ -51.216785199999947, -30.05495059999998 ] ], [ [ -51.213570397337186, -30.052510758402509 ], [ -51.213730899999973, -30.052865899999968 ], [ -51.21469959999996, -30.055145799999934 ], [ -51.213570397337186, -30.052510758402509 ] ], [ [ -51.214678048915786, -30.047662788909999 ], [ -51.214677294379463, -30.047662686091304 ], [ -51.214732599999934, -30.047464499999929 ], [ -51.2155595, -30.04492 ], [ -51.214678048915786, -30.047662788909999 ] ], [ [ -51.213427667340802, -30.048512513646173 ], [ -51.213446499999975, -30.04842359999996 ], [ -51.213643399999974, -30.04752179999997 ], [ -51.213427667340802, -30.048512513646173 ] ], [ [ -51.213032499999947, -30.050449 ], [ -51.212901199999976, -30.050964699999941 ], [ -51.213087399999949, -30.050119 ], [ -51.213319869408892, -30.049021454369495 ], [ -51.213032499999947, -30.050449 ] ], [ [ -51.212358637308888, -30.050542160738527 ], [ -51.21222819999997, -30.05061789999996 ], [ -51.21212621821978, -30.050664854161614 ], [ -51.212358637308888, -30.050542160738527 ] ] ] } },
{ "type": "Feature", "properties": { "ltla_code": "Bela Vista", "ltla_name": "Bela Vista" }, "geometry": { "type": "Polygon", "coordinates": [ [ [ -51.191908699999942, -30.038496399999929 ], [ -51.194452099999978, -30.038514199999948 ], [ -51.195216899999934, -30.038670199999949 ], [ -51.19587869999998, -30.038950499999935 ], [ -51.195810899999977, -30.037576099999949 ], [ -51.195721299999946, -30.035029699999924 ], [ -51.195725099999947, -30.034615599999924 ], [ -51.19594909999995, -30.034075 ], [ -51.195927199999971, -30.033214899999955 ], [ -51.195866299999977, -30.029264599999973 ], [ -51.195305, -30.029231099999944 ], [ -51.195314599999961, -30.028767399999921 ], [ -51.19456109999993, -30.028693199999957 ], [ -51.194517, -30.029096299999928 ], [ -51.194506505062598, -30.030778534312581 ], [ -51.194509799999935, -30.029463199999956 ], [ -51.192958299999987, -30.029499799999932 ], [ -51.192975799999942, -30.030686799999948 ], [ -51.193277799999976, -30.030712699999984 ], [ -51.190602799999965, -30.030686899999974 ], [ -51.190086899999983, -30.030667799999932 ], [ -51.189559399999951, -30.030556399999959 ], [ -51.189525, -30.031161599999962 ], [ -51.189568699999938, -30.031297 ], [ -51.188896399999983, -30.031116299999937 ], [ -51.18680137472208, -30.030573615717998 ], [ -51.186908399999936, -30.029309699999938 ], [ -51.184695399999953, -30.029164299999927 ], [ -51.18518819999997, -30.029188 ], [ -51.185234299999934, -30.02852229999996 ], [ -51.181827799999951, -30.027331799999953 ], [ -51.180906799999946, -30.029485 ], [ -51.182110399999942, -30.029824699999946 ], [ -51.182591899999984, -30.030096499999956 ], [ -51.183153499999946, -30.030612399999931 ], [ -51.183436099999938, -30.03104379999996 ], [ -51.184108799999933, -30.032370699999952 ], [ -51.185118, -30.034406799999946 ], [ -51.185621, -30.035391399999973 ], [ -51.187709, -30.037509099999966 ], [ -51.189337899999941, -30.03824439999994 ], [ -51.190155399999981, -30.03842879999997 ], [ -51.190963599999975, -30.038450399999931 ], [ -51.191908699999942, -30.038496399999929 ] ], [ [ -51.190980799999977, -30.037647699999976 ], [ -51.191006699999946, -30.036724199999977 ], [ -51.190963599999975, -30.038450399999931 ], [ -51.190980799999977, -30.037647699999976 ] ], [ [ -51.189875599999937, -30.036634 ], [ -51.19317584953356, -30.036884436813519 ], [ -51.193175849381689, -30.036884441127771 ], [ -51.191006699999946, -30.036724199999977 ], [ -51.189875599999937, -30.036634 ] ], [ [ -51.192038499999967, -30.03451159999997 ], [ -51.191795099999979, -30.03465059999996 ], [ -51.192166699999973, -30.034383699999978 ], [ -51.192038499999967, -30.03451159999997 ] ], [ [ -51.192829399999937, -30.03598919999995 ], [ -51.192881164260214, -30.036003688197546 ], [ -51.189397399999962, -30.035595699999927 ], [ -51.19154519999995, -30.035828799999926 ], [ -51.192829399999937, -30.03598919999995 ] ], [ [ -51.188472, -30.035252399999926 ], [ -51.187466580057475, -30.034845679338503 ], [ -51.189397399999962, -30.035595699999927 ], [ -51.188472, -30.035252399999926 ] ], [ [ -51.193690099999976, -30.037731199999925 ], [ -51.19335744815394, -30.037723279268853 ], [ -51.194432462810909, -30.037676908943741 ], [ -51.193690099999976, -30.037731199999925 ] ], [ [ -51.185520299999951, -30.030937599999966 ], [ -51.186632799999984, -30.032564399999949 ], [ -51.186134299999935, -30.031847599999928 ], [ -51.185520299999951, -30.030937599999966 ] ] ] } },
{ "type": "Feature", "properties": { "ltla_code": "Belém Novo", "ltla_name": "Belém Novo" }, "geometry": { "type": "MultiPolygon", "coordinates": [ [ [ [ -51.192908699999975, -30.241847 ], [ -51.193029899999942, -30.241946 ], [ -51.193096399999945, -30.242122399999968 ], [ -51.193236699999943, -30.242177099999939 ], [ -51.193339499999979, -30.242150199999962 ], [ -51.193374099999971, -30.242027199999939 ], [ -51.193315699999971, -30.241900899999951 ], [ -51.193095299999982, -30.241743099999951 ], [ -51.193074799999977, -30.241661099999927 ], [ -51.19323049999997, -30.2415 ], [ -51.193482299999971, -30.241472099999942 ], [ -51.193470399999967, -30.241379399999968 ], [ -51.192894699999954, -30.241235299999975 ], [ -51.192465299999981, -30.241294 ], [ -51.192061599999931, -30.241113899999963 ], [ -51.191964, -30.241115 ], [ -51.191845599999965, -30.241221899999971 ], [ -51.191813199999963, -30.241446699999987 ], [ -51.192138699999987, -30.241874699999986 ], [ -51.192294699999934, -30.241919899999964 ], [ -51.192908699999975, -30.241847 ] ] ], [ [ [ -51.180764899999986, -30.214362199999972 ], [ -51.181109499999934, -30.214239599999928 ], [ -51.181349399999938, -30.214016799999975 ], [ -51.181826, -30.21382269999997 ], [ -51.181944199999975, -30.213680199999946 ], [ -51.182015299999932, -30.213415399999974 ], [ -51.182263299999931, -30.213151099999948 ], [ -51.182595599999956, -30.212946299999942 ], [ -51.183599499999957, -30.212846799999962 ], [ -51.184055899999976, -30.212708 ], [ -51.184263099999953, -30.212507899999935 ], [ -51.184576799999945, -30.212468499999929 ], [ -51.184743599999933, -30.212275199999961 ], [ -51.185039, -30.21222089999997 ], [ -51.185241699999949, -30.212040399999982 ], [ -51.185633299999949, -30.211980899999958 ], [ -51.18625789999993, -30.211976399999958 ], [ -51.186432, -30.21196029999993 ], [ -51.186571699999945, -30.212037099999982 ], [ -51.186616799999967, -30.212117199999962 ], [ -51.186718799999937, -30.212758099999977 ], [ -51.186783099999957, -30.212766599999942 ], [ -51.186843, -30.212570699999954 ], [ -51.186824399999978, -30.211769799999953 ], [ -51.186915899999974, -30.211674199999951 ], [ -51.187338899999986, -30.211453 ], [ -51.18758779999996, -30.211467399999936 ], [ -51.187735299999986, -30.211388399999969 ], [ -51.187799699999971, -30.211214699999974 ], [ -51.187961399999949, -30.21114 ], [ -51.188090899999963, -30.211236399999951 ], [ -51.188295699999969, -30.211218199999955 ], [ -51.188530699999944, -30.211369499999929 ], [ -51.188661399999951, -30.211336399999929 ], [ -51.188817, -30.21141079999995 ], [ -51.188931199999956, -30.211578499999959 ], [ -51.189065599999935, -30.211610899999972 ], [ -51.189262599999957, -30.211744499999963 ], [ -51.189343799999961, -30.212027599999935 ], [ -51.190133299999957, -30.212747 ], [ -51.190679899999964, -30.212933099999933 ], [ -51.19082659999998, -30.212857099999944 ], [ -51.190844799999986, -30.212723099999941 ], [ -51.190926899999965, -30.212670899999964 ], [ -51.191846399999982, -30.213234799999942 ], [ -51.192337399999985, -30.213428 ], [ -51.192983399999946, -30.213570599999972 ], [ -51.194301799999948, -30.213626 ], [ -51.194680699999935, -30.213484099999956 ], [ -51.195650099999966, -30.213234099999958 ], [ -51.195930499999974, -30.213007799999957 ], [ -51.196371, -30.213032599999963 ], [ -51.196814099999983, -30.212968899999957 ], [ -51.19719629999998, -30.212750899999943 ], [ -51.197845199999961, -30.212194899999925 ], [ -51.19816609999998, -30.211838199999928 ], [ -51.198505299999965, -30.211664199999976 ], [ -51.198667399999977, -30.211235099999953 ], [ -51.198787699999968, -30.211141799999943 ], [ -51.199083499999972, -30.211059299999935 ], [ -51.199539299999977, -30.210742799999931 ], [ -51.19968149999994, -30.210418799999953 ], [ -51.19986369999998, -30.210311399999966 ], [ -51.199962399999947, -30.210126499999951 ], [ -51.19995, -30.209985599999975 ], [ -51.19971019999997, -30.209794199999973 ], [ -51.199663099999952, -30.209689199999954 ], [ -51.199700599999971, -30.209552299999931 ], [ -51.199630299999967, -30.209226399999974 ], [ -51.19939329999994, -30.209275499999919 ], [ -51.198715499999935, -30.208988899999945 ], [ -51.197969899999975, -30.208917299999925 ], [ -51.197933299999931, -30.208843699999932 ], [ -51.197948, -30.208574199999926 ], [ -51.197714399999938, -30.208334499999971 ], [ -51.197344199999975, -30.208245799999936 ], [ -51.197284899999943, -30.20818549999996 ], [ -51.197228, -30.207956799999977 ], [ -51.196634, -30.207893899999931 ], [ -51.196087899999952, -30.207911099999929 ], [ -51.195797899999945, -30.207759399999926 ], [ -51.195724, -30.20766829999997 ], [ -51.195699899999966, -30.207415499999968 ], [ -51.195530399999939, -30.20717789999998 ], [ -51.195216799999969, -30.206360899999929 ], [ -51.195218799999964, -30.205803 ], [ -51.195233199999969, -30.205434699999955 ], [ -51.194937499999988, -30.204258599999932 ], [ -51.194584099999986, -30.202119699999972 ], [ -51.194488099999951, -30.201073 ], [ -51.194517899999937, -30.200264499999943 ], [ -51.194344199999939, -30.199974299999951 ], [ -51.194329, -30.199762 ], [ -51.194717199999964, -30.199193199999957 ], [ -51.194882599999971, -30.198847099999959 ], [ -51.194885799999952, -30.19830149999995 ], [ -51.195290199999931, -30.197776899999944 ], [ -51.195811899999967, -30.197364199999978 ], [ -51.19612479999995, -30.196999799999954 ], [ -51.196381899999949, -30.196951299999959 ], [ -51.196944, -30.197173099999929 ], [ -51.19716539999996, -30.196955399999979 ], [ -51.197147399999956, -30.196870799999939 ], [ -51.196777499999939, -30.196446899999959 ], [ -51.196718199999964, -30.196211799999954 ], [ -51.196742099999938, -30.196083199999968 ], [ -51.197269099999971, -30.195491199999939 ], [ -51.197139199999981, -30.195456599999936 ], [ -51.196940599999948, -30.195185899999952 ], [ -51.196763, -30.195082899999942 ], [ -51.196651299999985, -30.194881699999932 ], [ -51.196378099999947, -30.194675599999986 ], [ -51.194334499999968, -30.193674899999959 ], [ -51.194269899999938, -30.193575599999967 ], [ -51.194269899999938, -30.193448899999954 ], [ -51.194401499999969, -30.19295969999996 ], [ -51.194334499999968, -30.192877799999959 ], [ -51.191926699999954, -30.19125619999993 ], [ -51.190851799999962, -30.19047159999996 ], [ -51.190935199999956, -30.190133399999976 ], [ -51.190743399999974, -30.18988169999994 ], [ -51.189404899999943, -30.190932 ], [ -51.189286642567815, -30.191075610866708 ], [ -51.184668499999987, -30.187682699999989 ], [ -51.18182539999998, -30.185654799999948 ], [ -51.182027199999936, -30.184602599999952 ], [ -51.179377399999964, -30.18411459999993 ], [ -51.179150099999958, -30.185201 ], [ -51.174672709087133, -30.185553765948423 ], [ -51.174749199999958, -30.185058499999968 ], [ -51.175190599999951, -30.183287699999941 ], [ -51.17127359999995, -30.185086799999972 ], [ -51.170247, -30.183893899999926 ], [ -51.169105, -30.184405 ], [ -51.167865699999936, -30.18320249999994 ], [ -51.167320099999984, -30.183148299999967 ], [ -51.164878, -30.184977399999983 ], [ -51.161780199999953, -30.187391099999953 ], [ -51.16115689999998, -30.187425699999942 ], [ -51.160976099999971, -30.187772699999986 ], [ -51.160684, -30.188110199999976 ], [ -51.159304599999984, -30.189222399999935 ], [ -51.160770199999945, -30.191421099999953 ], [ -51.161221599999976, -30.192020699999937 ], [ -51.161414099999945, -30.192202299999959 ], [ -51.162260292578353, -30.192572080160293 ], [ -51.162455, -30.194423199999946 ], [ -51.162838099999931, -30.195765 ], [ -51.162766, -30.196455199999939 ], [ -51.161891899999944, -30.19851379999994 ], [ -51.161450299999956, -30.199373199999972 ], [ -51.161265199999946, -30.199600099999934 ], [ -51.160278, -30.20024589999996 ], [ -51.15998959999996, -30.200777299999974 ], [ -51.159890899999937, -30.201156 ], [ -51.159952299999986, -30.201518299999968 ], [ -51.160603, -30.203035899999975 ], [ -51.160740299999986, -30.203765599999937 ], [ -51.159982, -30.205332 ], [ -51.159924299999943, -30.205549699999946 ], [ -51.159893499999953, -30.205982599999967 ], [ -51.159982899999932, -30.206834199999943 ], [ -51.160289399999954, -30.207686199999952 ], [ -51.160338, -30.207959099999986 ], [ -51.160273, -30.208160899999942 ], [ -51.159870199999943, -30.208698799999965 ], [ -51.159779199999946, -30.209112 ], [ -51.159871299999963, -30.20944859999997 ], [ -51.16015079999994, -30.209881699999976 ], [ -51.160573899999974, -30.210357299999938 ], [ -51.161014399999942, -30.210723799999982 ], [ -51.161446699999942, -30.211091599999971 ], [ -51.161569099999952, -30.211264299999982 ], [ -51.161697, -30.21277689999993 ], [ -51.162110799999937, -30.212838199999961 ], [ -51.160754699999984, -30.212638599999931 ], [ -51.159751099999937, -30.212610599999941 ], [ -51.159069299999942, -30.212669 ], [ -51.155994299999982, -30.213112499999962 ], [ -51.154225899999972, -30.213226 ], [ -51.153184, -30.213180099999924 ], [ -51.153185, -30.213241699999966 ], [ -51.153229, -30.213386799999952 ], [ -51.156769, -30.219264099999979 ], [ -51.159458299999983, -30.221519899999972 ], [ -51.160618799999952, -30.223443099999926 ], [ -51.161159899999973, -30.224143899999955 ], [ -51.16122839999997, -30.224502499999968 ], [ -51.16135879999996, -30.224590499999973 ], [ -51.161714099999983, -30.224701399999951 ], [ -51.161978099999942, -30.225024099999931 ], [ -51.162414899999931, -30.225209899999978 ], [ -51.165824599999958, -30.229401899999967 ], [ -51.166613499999983, -30.233682 ], [ -51.166750399999955, -30.23464029999996 ], [ -51.166842799999984, -30.234837099999929 ], [ -51.167003899999941, -30.236004199999961 ], [ -51.167069499999968, -30.237424 ], [ -51.16788779999996, -30.237609499999959 ], [ -51.168536699999947, -30.237877499999975 ], [ -51.169024899999954, -30.237826299999934 ], [ -51.169269899999961, -30.237923299999977 ], [ -51.169644, -30.238569799999937 ], [ -51.170110799999975, -30.239006899999925 ], [ -51.170325399999967, -30.239102699999936 ], [ -51.17082819999996, -30.239077099999975 ], [ -51.170976899999971, -30.238958 ], [ -51.171148899999935, -30.238670899999935 ], [ -51.171365799999933, -30.238544299999937 ], [ -51.173996399999965, -30.238406099999963 ], [ -51.174410299999977, -30.238161 ], [ -51.174972199999957, -30.238189299999927 ], [ -51.175913599999944, -30.237792599999974 ], [ -51.177657, -30.236958799999968 ], [ -51.178377699999942, -30.236104299999958 ], [ -51.178975299999934, -30.235557199999956 ], [ -51.181194599999969, -30.23524569999994 ], [ -51.183973099999946, -30.23524389999994 ], [ -51.185429, -30.235426699999941 ], [ -51.186961599999961, -30.235510099999935 ], [ -51.188439499999959, -30.235831 ], [ -51.190721899999971, -30.23858939999996 ], [ -51.191067099999948, -30.239283799999949 ], [ -51.191135799999984, -30.239397099999962 ], [ -51.191211199999941, -30.239420399999965 ], [ -51.191300099999985, -30.239409099999929 ], [ -51.19143379999997, -30.239186599999972 ], [ -51.191547799999974, -30.23910949999998 ], [ -51.192002899999977, -30.239054799999966 ], [ -51.19219, -30.23895739999994 ], [ -51.192278699999974, -30.238646199999955 ], [ -51.192407099999969, -30.238529299999975 ], [ -51.192864499999985, -30.238351 ], [ -51.193367499999965, -30.237769199999949 ], [ -51.193498199999972, -30.237274 ], [ -51.193483299999968, -30.237129 ], [ -51.193391499999969, -30.237027699999935 ], [ -51.19314049999997, -30.237020399999942 ], [ -51.193031399999938, -30.23696619999998 ], [ -51.192964599999989, -30.236846499999942 ], [ -51.192996899999976, -30.236592199999965 ], [ -51.192942699999946, -30.236519299999934 ], [ -51.192680099999961, -30.23641369999995 ], [ -51.192731499999979, -30.236314799999938 ], [ -51.192954499999985, -30.236135499999925 ], [ -51.192943, -30.236050399999947 ], [ -51.192462499999976, -30.235926899999974 ], [ -51.192290699999944, -30.235693 ], [ -51.192246399999931, -30.235374099999945 ], [ -51.192278899999963, -30.235225099999987 ], [ -51.192365399999979, -30.235135199999945 ], [ -51.192652799999962, -30.235029799999946 ], [ -51.192821299999935, -30.234911499999946 ], [ -51.19282759999993, -30.234811099999952 ], [ -51.192563099999973, -30.234622499999947 ], [ -51.19223379999994, -30.234517299999936 ], [ -51.191869899999979, -30.234668299999957 ], [ -51.191590799999972, -30.234615 ], [ -51.191373299999952, -30.234457099999933 ], [ -51.191272699999963, -30.23386639999995 ], [ -51.190828099999976, -30.233299699999964 ], [ -51.190577799999971, -30.23324429999996 ], [ -51.190415599999938, -30.233292699999932 ], [ -51.190362499999935, -30.233373299999982 ], [ -51.190363599999955, -30.233596199999969 ], [ -51.190316199999984, -30.2336812 ], [ -51.19016019999998, -30.233743499999949 ], [ -51.189876699999957, -30.233744599999973 ], [ -51.189345499999945, -30.233419499999968 ], [ -51.188357, -30.233090799999953 ], [ -51.187664799999936, -30.233001899999973 ], [ -51.187318199999936, -30.233027399999965 ], [ -51.187284399999953, -30.232829399999947 ], [ -51.187146199999972, -30.23276769999995 ], [ -51.186983099999964, -30.232777099999964 ], [ -51.186204199999963, -30.233142 ], [ -51.185840299999938, -30.233116699999979 ], [ -51.18548, -30.233194499999975 ], [ -51.185111399999982, -30.233200299999957 ], [ -51.184473299999979, -30.232976899999983 ], [ -51.183995299999935, -30.233166899999958 ], [ -51.183875599999965, -30.233129299999977 ], [ -51.183771399999955, -30.233022399999978 ], [ -51.183637499999975, -30.232745899999941 ], [ -51.183075599999945, -30.232187299999968 ], [ -51.18264019999998, -30.23192349999993 ], [ -51.181973099999944, -30.230777299999932 ], [ -51.181192899999985, -30.229689499999953 ], [ -51.181176, -30.229042699999972 ], [ -51.18013579999996, -30.227466199999977 ], [ -51.179107199999983, -30.225371599999963 ], [ -51.178709699999963, -30.22364859999993 ], [ -51.178800799999976, -30.222612399999942 ], [ -51.17862329999997, -30.221018899999919 ], [ -51.178182499999934, -30.220368299999965 ], [ -51.177914499999986, -30.219842799999977 ], [ -51.178197599999983, -30.21886789999995 ], [ -51.17800589999996, -30.218499199999936 ], [ -51.178215299999977, -30.217676699999966 ], [ -51.178493, -30.216982599999934 ], [ -51.178754799999979, -30.21668759999995 ], [ -51.178993499999933, -30.216614599999946 ], [ -51.179338, -30.216362699999923 ], [ -51.179594299999962, -30.215659399999929 ], [ -51.17982029999996, -30.215431799999973 ], [ -51.180096299999946, -30.215379299999938 ], [ -51.180187799999942, -30.215277699999934 ], [ -51.180215299999986, -30.215151399999968 ], [ -51.180107, -30.214709399999943 ], [ -51.18021779999998, -30.214495199999938 ], [ -51.180599699999959, -30.214379599999965 ], [ -51.180764899999986, -30.214362199999972 ] ], [ [ -51.187620773041445, -30.193167395428716 ], [ -51.187740099999985, -30.192984 ], [ -51.187795716525898, -30.192915389025856 ], [ -51.187620773041445, -30.193167395428716 ] ], [ [ -51.18516969999996, -30.195972599999948 ], [ -51.185073510205555, -30.196006901233172 ], [ -51.185365899999965, -30.195838499999979 ], [ -51.18516969999996, -30.195972599999948 ] ], [ [ -51.178868299999984, -30.202041 ], [ -51.178903799999944, -30.203451599999934 ], [ -51.178858510219968, -30.201999999514143 ], [ -51.178868299999984, -30.202041 ] ], [ [ -51.178920471392892, -30.205695692287559 ], [ -51.178876299999956, -30.205585699999968 ], [ -51.178827499999954, -30.205156099999957 ], [ -51.178920471392892, -30.205695692287559 ] ], [ [ -51.179177212559068, -30.206256576445913 ], [ -51.179124399999978, -30.206203499999955 ], [ -51.179100130260572, -30.206143065316347 ], [ -51.179177212559068, -30.206256576445913 ] ], [ [ -51.179916099999957, -30.206969899999933 ], [ -51.179970266055328, -30.207036687745216 ], [ -51.179724799999974, -30.206806899999936 ], [ -51.179593990763358, -30.206675437152882 ], [ -51.179916099999957, -30.206969899999933 ] ], [ [ -51.175520936673088, -30.21534682114217 ], [ -51.175469099999987, -30.215353799999939 ], [ -51.175427350604998, -30.215324767048266 ], [ -51.175520936673088, -30.21534682114217 ] ], [ [ -51.177254499999947, -30.213997599999963 ], [ -51.175587199999939, -30.215337899999941 ], [ -51.175568444747675, -30.21534042505084 ], [ -51.177254499999947, -30.213997599999963 ] ], [ [ -51.182108692263206, -30.211214587499725 ], [ -51.185401499999955, -30.210048599999926 ], [ -51.182175, -30.211202799999967 ], [ -51.182108692263206, -30.211214587499725 ] ], [ [ -51.179144274145706, -30.213369498413972 ], [ -51.179281099999969, -30.213256599999958 ], [ -51.18034549999993, -30.212423299999958 ], [ -51.179144274145706, -30.213369498413972 ] ], [ [ -51.181366899999944, -30.209780599999924 ], [ -51.180573221962689, -30.20801313312538 ], [ -51.180678299999954, -30.208199 ], [ -51.181366899999944, -30.209780599999924 ] ], [ [ -51.190584099999967, -30.209919699999944 ], [ -51.190632745908083, -30.209967251204077 ], [ -51.190528990255871, -30.209893826972465 ], [ -51.190584099999967, -30.209919699999944 ] ], [ [ -51.190797399999951, -30.210128199999922 ], [ -51.190827390171684, -30.210177397794538 ], [ -51.190758871753822, -30.210090538774807 ], [ -51.190797399999951, -30.210128199999922 ] ], [ [ -51.190952599999946, -30.210382799999927 ], [ -51.190970373158564, -30.210451024343659 ], [ -51.190913692755757, -30.2103189740697 ], [ -51.190952599999946, -30.210382799999927 ] ], [ [ -51.191022, -30.210649199999978 ], [ -51.191020199999969, -30.211099299999947 ], [ -51.191005430062219, -30.210585594359941 ], [ -51.191022, -30.210649199999978 ] ], [ [ -51.190884299999937, -30.211342199999919 ], [ -51.190840365175575, -30.211367170045222 ], [ -51.191020199999969, -30.211099299999947 ], [ -51.190884299999937, -30.211342199999919 ] ], [ [ -51.190588, -30.211510599999926 ], [ -51.190513626296315, -30.211516749961355 ], [ -51.190680651391155, -30.211457942239946 ], [ -51.190588, -30.211510599999926 ] ], [ [ -51.186986399999967, -30.21101659999993 ], [ -51.18696995219662, -30.211017337887622 ], [ -51.18699460897831, -30.211001339212483 ], [ -51.186986399999967, -30.21101659999993 ] ], [ [ -51.180079292416274, -30.207171119259083 ], [ -51.180138399999976, -30.207244 ], [ -51.18026056959728, -30.207460099213566 ], [ -51.180079292416274, -30.207171119259083 ] ], [ [ -51.174643899999978, -30.185740299999967 ], [ -51.174657439656798, -30.185652632972221 ], [ -51.174640760864676, -30.185820838439994 ], [ -51.174643899999978, -30.185740299999967 ] ], [ [ -51.174494132507178, -30.208297379930332 ], [ -51.175065305295547, -30.208641096460401 ], [ -51.174518, -30.208318699999946 ], [ -51.174494132507178, -30.208297379930332 ] ], [ [ -51.173046499999941, -30.207722499999925 ], [ -51.173228199999983, -30.207515599999962 ], [ -51.172914099999957, -30.207932199999952 ], [ -51.173046499999941, -30.207722499999925 ] ], [ [ -51.172932499999945, -30.208517399999959 ], [ -51.172926231264427, -30.208318026954863 ], [ -51.172954566106142, -30.208566461874376 ], [ -51.172932499999945, -30.208517399999959 ] ], [ [ -51.173148699999956, -30.208998099999977 ], [ -51.173032722799952, -30.208740235799969 ], [ -51.173196140048312, -30.209049921573087 ], [ -51.173148699999956, -30.208998099999977 ] ], [ [ -51.173656499999936, -30.209552799999983 ], [ -51.1735842724161, -30.20947390153453 ], [ -51.173848299999975, -30.20966459999994 ], [ -51.173656499999936, -30.209552799999983 ] ], [ [ -51.172821699999986, -30.211056499999977 ], [ -51.174533799999956, -30.211115499999941 ], [ -51.171443589474649, -30.211034833625934 ], [ -51.172821699999986, -30.211056499999977 ] ], [ [ -51.17090079999997, -30.211026299999951 ], [ -51.170995651938981, -30.211027791242888 ], [ -51.170705079878189, -30.2110569784173 ], [ -51.17090079999997, -30.211026299999951 ] ], [ [ -51.169433799999979, -30.211274799999956 ], [ -51.169704599999932, -30.21121379999995 ], [ -51.16992317506206, -30.211179539153814 ], [ -51.163036699999964, -30.21279909999998 ], [ -51.169433799999979, -30.211274799999956 ] ], [ [ -51.177083599999946, -30.206733799999931 ], [ -51.176756199999943, -30.206493199999951 ], [ -51.176653579854474, -30.20638405537365 ], [ -51.177083599999946, -30.206733799999931 ] ], [ [ -51.173617099999944, -30.204666699999954 ], [ -51.173480581089962, -30.204708840885349 ], [ -51.173503499999981, -30.204681499999939 ], [ -51.173617099999944, -30.204666699999954 ] ], [ [ -51.173415021273819, -30.204787049814975 ], [ -51.173197899999934, -30.205124299999973 ], [ -51.17329669999998, -30.204928199999987 ], [ -51.173415021273819, -30.204787049814975 ] ], [ [ -51.170672299999978, -30.20800389999993 ], [ -51.170462232693417, -30.208194681199164 ], [ -51.170459499999936, -30.20818439999994 ], [ -51.170672299999978, -30.20800389999993 ] ], [ [ -51.172781599999951, -30.202457 ], [ -51.172537299999931, -30.202265699999938 ], [ -51.172833037941984, -30.202479405760716 ], [ -51.172781599999951, -30.202457 ] ], [ [ -51.1722769, -30.201915099999948 ], [ -51.171393196805234, -30.200490049381983 ], [ -51.172537299999931, -30.202265699999938 ], [ -51.1722769, -30.201915099999948 ] ], [ [ -51.171021899999971, -30.199891299999923 ], [ -51.170962502904189, -30.199626117690464 ], [ -51.171039427397034, -30.199919564498867 ], [ -51.171021899999971, -30.199891299999923 ] ], [ [ -51.170894899999951, -30.199324299999947 ], [ -51.170876399999941, -30.198505299999958 ], [ -51.170902353293108, -30.199357575726069 ], [ -51.170894899999951, -30.199324299999947 ] ], [ [ -51.170605900878357, -30.197530212398831 ], [ -51.170636, -30.197589399999973 ], [ -51.170876399999941, -30.198505299999958 ], [ -51.170605900878357, -30.197530212398831 ] ], [ [ -51.170313687900133, -30.19697539696644 ], [ -51.170335199999954, -30.196997899999925 ], [ -51.170421053145532, -30.197166723589067 ], [ -51.170313687900133, -30.19697539696644 ] ], [ [ -51.169846801933907, -30.196491614062424 ], [ -51.169872799999951, -30.196514199999964 ], [ -51.169953003136378, -30.196598097614771 ], [ -51.169846801933907, -30.196491614062424 ] ], [ [ -51.16928751500523, -30.196014358888011 ], [ -51.169320399999947, -30.19603429999994 ], [ -51.169444096830041, -30.196141762180904 ], [ -51.16928751500523, -30.196014358888011 ] ], [ [ -51.1689100080591, -30.195801552773794 ], [ -51.168988599999977, -30.195833099999955 ], [ -51.169118462365979, -30.195911847161018 ], [ -51.1689100080591, -30.195801552773794 ] ], [ [ -51.162354281564504, -30.192613152681201 ], [ -51.163361499999951, -30.193053299999971 ], [ -51.163416692581457, -30.193086901081745 ], [ -51.162354281564504, -30.192613152681201 ] ] ] ] } },
{ "type": "Feature", "properties": { "ltla_code": "Belém Velho", "ltla_name": "Belém Velho" }, "geometry": { "type": "Polygon", "coordinates": [ [ [ -51.192007199999978, -30.11832869999995 ], [ -51.191293299999984, -30.118434599999937 ], [ -51.190539899999976, -30.118340799999942 ], [ -51.189555799999937, -30.118484699999954 ], [ -51.189164, -30.118480799999912 ], [ -51.187477099999967, -30.118033299999979 ], [ -51.185603499999957, -30.117785799999982 ], [ -51.184276319277934, -30.117521139515389 ], [ -51.185222, -30.113879399999984 ], [ -51.185036399999944, -30.113094699999969 ], [ -51.18516029999995, -30.111835199999973 ], [ -51.184347799999955, -30.111787 ], [ -51.178039, -30.0967 ], [ -51.17794669999995, -30.097076099999981 ], [ -51.177799399999969, -30.097290799999946 ], [ -51.177358099999935, -30.097681 ], [ -51.176952699999958, -30.097958599999963 ], [ -51.176616699999954, -30.097996099999921 ], [ -51.17600159999995, -30.097755899999971 ], [ -51.175789099999974, -30.097762 ], [ -51.173695299999963, -30.098741599999983 ], [ -51.173155299999962, -30.099076099999941 ], [ -51.172965899999951, -30.099289699999925 ], [ -51.17286329999996, -30.09959379999998 ], [ -51.172577699999977, -30.10001219999997 ], [ -51.172334399999954, -30.100093099999974 ], [ -51.171106499999951, -30.099498099999952 ], [ -51.170820599999956, -30.09978219999994 ], [ -51.16995049999997, -30.101032899999943 ], [ -51.170237199999974, -30.100611399999931 ], [ -51.169508499999949, -30.100754599999952 ], [ -51.169059399999981, -30.101138699999986 ], [ -51.168330399999945, -30.101491899999925 ], [ -51.167186799999968, -30.101646099999979 ], [ -51.166847899999937, -30.101649799999954 ], [ -51.166113699999983, -30.101373199999944 ], [ -51.16521819999997, -30.101650699999944 ], [ -51.16503639999997, -30.101653899999974 ], [ -51.164906899999949, -30.101585099999959 ], [ -51.164571299999984, -30.10125249999993 ], [ -51.164000399999964, -30.101023 ], [ -51.162094699999955, -30.101054799999925 ], [ -51.16082849999998, -30.100954 ], [ -51.15882629999993, -30.101161299999937 ], [ -51.15749859999994, -30.100927099999964 ], [ -51.156665699999962, -30.100903299999963 ], [ -51.154804899999931, -30.100744299999974 ], [ -51.153956099999959, -30.100822499999936 ], [ -51.152005799999984, -30.101276 ], [ -51.150022199999967, -30.102472599999945 ], [ -51.148980399999971, -30.103242099999928 ], [ -51.147627399999976, -30.11343539999995 ], [ -51.146957799999939, -30.114288399999964 ], [ -51.146899799999971, -30.11513949999993 ], [ -51.147583399999974, -30.115644199999956 ], [ -51.147077699999954, -30.116739799999948 ], [ -51.147008199999959, -30.11723 ], [ -51.147104799999966, -30.117660199999918 ], [ -51.147373399999935, -30.117718099999927 ], [ -51.148370099999966, -30.118210799999925 ], [ -51.149029499999983, -30.118312299999957 ], [ -51.149812, -30.118640399999947 ], [ -51.15011149999998, -30.118861 ], [ -51.150673, -30.119473 ], [ -51.15138589999998, -30.119950499999952 ], [ -51.152164899999946, -30.120623899999934 ], [ -51.152362899999957, -30.12073509999993 ], [ -51.152604, -30.120759 ], [ -51.153189399999974, -30.120644899999949 ], [ -51.15402679999994, -30.120324399999944 ], [ -51.154489799999965, -30.120246499999947 ], [ -51.154845699999953, -30.120306399999944 ], [ -51.155847199999982, -30.120722899999969 ], [ -51.156068299999959, -30.120740599999969 ], [ -51.156295499999942, -30.12068509999995 ], [ -51.157510299999956, -30.12002839999996 ], [ -51.157878088653973, -30.119564409995338 ], [ -51.157598899999982, -30.119951399999927 ], [ -51.15988509999994, -30.122567699999941 ], [ -51.161999199999975, -30.124367799999956 ], [ -51.16259, -30.124694 ], [ -51.164090299999941, -30.12523189999995 ], [ -51.164795499999968, -30.125348599999935 ], [ -51.165556599999945, -30.125298 ], [ -51.167619399999978, -30.124895699999961 ], [ -51.16804639999998, -30.124850299999938 ], [ -51.168612199999984, -30.124901 ], [ -51.17004339999994, -30.125147299999973 ], [ -51.170892299999934, -30.125162499999927 ], [ -51.171344399999953, -30.125070499999939 ], [ -51.172401499999978, -30.124663 ], [ -51.173607899999979, -30.124485399999955 ], [ -51.174136899999951, -30.12357 ], [ -51.1734264, -30.124823499999934 ], [ -51.173299099999952, -30.125165699999954 ], [ -51.173313299999961, -30.125418099999937 ], [ -51.173405299999956, -30.125665 ], [ -51.173915499999964, -30.126197299999944 ], [ -51.174275899999941, -30.126424399999962 ], [ -51.175502899999969, -30.126945399999961 ], [ -51.175699499999951, -30.127078699999966 ], [ -51.175870399999951, -30.127284099999937 ], [ -51.176261599999975, -30.12811929999998 ], [ -51.176284899999985, -30.128569699999957 ], [ -51.17597429999995, -30.129840199999926 ], [ -51.175976799999944, -30.130228499999927 ], [ -51.176089, -30.130989899999975 ], [ -51.175777, -30.133258899999927 ], [ -51.175807099999986, -30.133425299999946 ], [ -51.176607199999978, -30.132085099999976 ], [ -51.17719649999998, -30.131453699999945 ], [ -51.178014599999983, -30.130666 ], [ -51.179657799999973, -30.129273399999924 ], [ -51.181489699999986, -30.127832299999966 ], [ -51.182154399999945, -30.127518399999918 ], [ -51.182646699999971, -30.127392 ], [ -51.183527099999935, -30.127319499999938 ], [ -51.184619, -30.127396 ], [ -51.185223599999972, -30.127307499999972 ], [ -51.185984, -30.127047 ], [ -51.186350899999979, -30.126847899999969 ], [ -51.186770199999955, -30.126530299999946 ], [ -51.187495799999965, -30.125675499999939 ], [ -51.188234899999941, -30.125012899999948 ], [ -51.188743799999941, -30.124692899999943 ], [ -51.189823399999966, -30.124146799999949 ], [ -51.191801399999981, -30.122802 ], [ -51.192729899999961, -30.122352899999953 ], [ -51.193995799999982, -30.122169599999946 ], [ -51.193700499999977, -30.121389 ], [ -51.19320289999996, -30.120554399999939 ], [ -51.192687, -30.119455099999978 ], [ -51.192007199999978, -30.11832869999995 ] ], [ [ -51.184289663407931, -30.113391588848039 ], [ -51.184325099999967, -30.113398299999972 ], [ -51.185222, -30.113879399999984 ], [ -51.184289663407931, -30.113391588848039 ] ], [ [ -51.183980404899422, -30.113423319279782 ], [ -51.184159299999976, -30.11336689999996 ], [ -51.184186628107703, -30.113372075528204 ], [ -51.183980404899422, -30.113423319279782 ] ], [ [ -51.182502599999964, -30.114264699999971 ], [ -51.183509599999979, -30.113571799999935 ], [ -51.18355244747945, -30.113558286919218 ], [ -51.182502599999964, -30.114264699999971 ] ], [ [ -51.181033399999933, -30.113358699999921 ], [ -51.181110099999955, -30.113368899999955 ], [ -51.182094599999971, -30.113732899999938 ], [ -51.181033399999933, -30.113358699999921 ] ], [ [ -51.176734899999985, -30.113368699999974 ], [ -51.178648899999985, -30.113755399999938 ], [ -51.178709068361279, -30.113793902530489 ], [ -51.176734899999985, -30.113368699999974 ] ], [ [ -51.176737827851142, -30.114487139144735 ], [ -51.176727399999947, -30.114447199999976 ], [ -51.176734799999963, -30.113108399999923 ], [ -51.176754391225479, -30.112883907604051 ], [ -51.176734899999985, -30.113368699999974 ], [ -51.176737827851142, -30.114487139144735 ] ], [ [ -51.176772688368303, -30.112171914019505 ], [ -51.17678189999998, -30.112199699999948 ], [ -51.176779696599624, -30.112254503723634 ], [ -51.176772688368303, -30.112171914019505 ] ], [ [ -51.176448843675324, -30.111415468057402 ], [ -51.176580699999931, -30.111592799999972 ], [ -51.176619248840993, -30.111709078785427 ], [ -51.176448843675324, -30.111415468057402 ] ], [ [ -51.173308199999951, -30.107675199999953 ], [ -51.176006599999937, -30.110820699999966 ], [ -51.176078264030188, -30.110917080069221 ], [ -51.173308199999951, -30.107675199999953 ] ], [ [ -51.150404087527143, -30.104381057975655 ], [ -51.149306299999978, -30.10345 ], [ -51.150206499999967, -30.104210699999957 ], [ -51.150404087527143, -30.104381057975655 ] ], [ [ -51.151403799999969, -30.105243 ], [ -51.151502266260238, -30.105398444831103 ], [ -51.151384409803562, -30.105226281967926 ], [ -51.151403799999969, -30.105243 ] ], [ [ -51.151587499999948, -30.105533 ], [ -51.152305199999944, -30.106997899999961 ], [ -51.151582239125339, -30.105524694863131 ], [ -51.151587499999948, -30.105533 ] ], [ [ -51.155568099999982, -30.110778499999977 ], [ -51.154835099999964, -30.110048399999975 ], [ -51.154416399999945, -30.109622199999929 ], [ -51.155568099999982, -30.110778499999977 ] ], [ [ -51.15683261556741, -30.111779225680987 ], [ -51.156316199999935, -30.111385299999927 ], [ -51.155568099999982, -30.110778499999977 ], [ -51.15683261556741, -30.111779225680987 ] ], [ [ -51.152356938480835, -30.112076970485223 ], [ -51.152403299999946, -30.112017399999949 ], [ -51.154835099999964, -30.110048399999975 ], [ -51.152356938480835, -30.112076970485223 ] ], [ [ -51.157725758150725, -30.112447245047107 ], [ -51.15769819999997, -30.112439499999937 ], [ -51.157640304179708, -30.112395336632559 ], [ -51.157725758150725, -30.112447245047107 ] ], [ [ -51.160005, -30.111619299999973 ], [ -51.160262954588198, -30.111523282426177 ], [ -51.159965216247208, -30.111640119978372 ], [ -51.160005, -30.111619299999973 ] ], [ [ -51.160631499999965, -30.111386099999947 ], [ -51.160890499999937, -30.111334299999953 ], [ -51.160518103626451, -30.11142830915287 ], [ -51.160631499999965, -30.111386099999947 ] ], [ [ -51.161111299999959, -30.111389299999917 ], [ -51.161202242628825, -30.111448775363364 ], [ -51.160890499999937, -30.111334299999953 ], [ -51.161111299999959, -30.111389299999917 ] ], [ [ -51.161274299999945, -30.111495899999962 ], [ -51.162162499999965, -30.112337599999925 ], [ -51.161240221957719, -30.111473613378468 ], [ -51.161274299999945, -30.111495899999962 ] ], [ [ -51.161677299999951, -30.116516299999937 ], [ -51.161648662298489, -30.116542469479615 ], [ -51.162325899999985, -30.115061 ], [ -51.161677299999951, -30.116516299999937 ] ], [ [ -51.161496299999953, -30.116681699999951 ], [ -51.15826158842755, -30.119170987191087 ], [ -51.15829709999997, -30.119138299999971 ], [ -51.161379099999976, -30.11674969999995 ], [ -51.161506069032484, -30.116672772939289 ], [ -51.161496299999953, -30.116681699999951 ] ], [ [ -51.157955211533356, -30.119467114320852 ], [ -51.157996599999933, -30.11941489999997 ], [ -51.158135072341032, -30.11928744093327 ], [ -51.157955211533356, -30.119467114320852 ] ], [ [ -51.172284718368473, -30.11636286750154 ], [ -51.175628, -30.115931799999935 ], [ -51.17229279999998, -30.116362799999919 ], [ -51.172284718368473, -30.11636286750154 ] ], [ [ -51.171774339172337, -30.116356850667458 ], [ -51.172050318987303, -30.116364825316403 ], [ -51.171813899999961, -30.116366799999973 ], [ -51.171774339172337, -30.116356850667458 ] ], [ [ -51.170079110477047, -30.115919279672713 ], [ -51.170168366044507, -30.115952957179491 ], [ -51.17010769999996, -30.115937699999961 ], [ -51.170079110477047, -30.115919279672713 ] ], [ [ -51.169732555194628, -30.115682457424729 ], [ -51.169908635306115, -30.115809441937905 ], [ -51.169776799999966, -30.115724499999935 ], [ -51.169732555194628, -30.115682457424729 ] ], [ [ -51.168557499999963, -30.114534399999965 ], [ -51.169603005360955, -30.115559355772817 ], [ -51.168442705600505, -30.114456808489127 ], [ -51.168557499999963, -30.114534399999965 ] ], [ [ -51.168344899999965, -30.114390699999948 ], [ -51.168375647915781, -30.11441148304559 ], [ -51.168231417640335, -30.114360146329478 ], [ -51.168344899999965, -30.114390699999948 ] ], [ [ -51.183898685972508, -30.117445833558971 ], [ -51.183618699999954, -30.11739 ], [ -51.183314521355392, -30.117285830115943 ], [ -51.183898685972508, -30.117445833558971 ] ], [ [ -51.179585996759982, -30.114836421091983 ], [ -51.179532199999983, -30.114792599999927 ], [ -51.17949472052468, -30.114746448802897 ], [ -51.179585996759982, -30.114836421091983 ] ], [ [ -51.179345623588986, -30.114562854929193 ], [ -51.179251699999952, -30.114447199999983 ], [ -51.17920813260119, -30.114298455775049 ], [ -51.179345623588986, -30.114562854929193 ] ], [ [ -51.177228199999945, -30.11549709999997 ], [ -51.177228312389538, -30.115526979576451 ], [ -51.177096410343516, -30.115255430073514 ], [ -51.177228199999945, -30.11549709999997 ] ], [ [ -51.177381099999941, -30.116884599999928 ], [ -51.177377718279679, -30.116939647834975 ], [ -51.177368137620732, -30.11681332410577 ], [ -51.177381099999941, -30.116884599999928 ] ], [ [ -51.176941699999986, -30.119626 ], [ -51.17659539999994, -30.12047739999996 ], [ -51.176970499082934, -30.119491781255746 ], [ -51.176941699999986, -30.119626 ] ], [ [ -51.176303799999971, -30.120933299999933 ], [ -51.176247461189078, -30.120991853046061 ], [ -51.17659539999994, -30.12047739999996 ], [ -51.176303799999971, -30.120933299999933 ] ], [ [ -51.175237699999968, -30.122041299999982 ], [ -51.174396099999967, -30.12283089999994 ], [ -51.1759910793904, -30.121258311195334 ], [ -51.175237699999968, -30.122041299999982 ] ], [ [ -51.183003372621322, -30.115862260255099 ], [ -51.183007599999939, -30.115871699999953 ], [ -51.181181399999957, -30.116508599999975 ], [ -51.183003372621322, -30.115862260255099 ] ], [ [ -51.169230899999945, -30.111027099999941 ], [ -51.176439499999958, -30.115480799999951 ], [ -51.169250899999952, -30.111044 ], [ -51.164606099999958, -30.108535299999975 ], [ -51.169230899999945, -30.111027099999941 ] ], [ [ -51.166519699999981, -30.113349199999966 ], [ -51.166511889357992, -30.11334680458755 ], [ -51.166906399999959, -30.113174 ], [ -51.166519699999981, -30.113349199999966 ] ], [ [ -51.159657607906389, -30.113677237661825 ], [ -51.158361099999979, -30.112479599999972 ], [ -51.159649599999966, -30.113648299999955 ], [ -51.159657607906389, -30.113677237661825 ] ], [ [ -51.153004600984595, -30.117242188598158 ], [ -51.153110136419215, -30.117184984497257 ], [ -51.153093299999966, -30.117221399999949 ], [ -51.153004600984595, -30.117242188598158 ] ], [ [ -51.156263695262567, -30.117502060652566 ], [ -51.156427299999962, -30.116232299999975 ], [ -51.15626489999994, -30.117496199999952 ], [ -51.156263695262567, -30.117502060652566 ] ], [ [ -51.159667199999944, -30.113711899999945 ], [ -51.159192, -30.114183199999943 ], [ -51.159662745707315, -30.113695803806102 ], [ -51.159667199999944, -30.113711899999945 ] ], [ [ -51.152914, -30.114708 ], [ -51.152690713980945, -30.114954697067194 ], [ -51.152691699999934, -30.114952799999976 ], [ -51.152914, -30.114708 ] ], [ [ -51.151714299999981, -30.113665599999926 ], [ -51.152260799999965, -30.112200499999965 ], [ -51.152301443001384, -30.112148277308307 ], [ -51.151714299999981, -30.113665599999926 ] ] ] } },
{ "type": "Feature", "properties": { "ltla_code": "Boa Vista", "ltla_name": "Boa Vista" }, "geometry": { "type": "Polygon", "coordinates": [ [ [ -51.171173845058291, -30.021951491420737 ], [ -51.16715279999994, -30.021323599999953 ], [ -51.167294099999935, -30.021321499999928 ], [ -51.165272099999981, -30.020353799999945 ], [ -51.163913299999933, -30.020579899999976 ], [ -51.163812599999972, -30.021309799999983 ], [ -51.163377099999934, -30.023198399999949 ], [ -51.16329989999997, -30.024833499999929 ], [ -51.163253599999962, -30.028049 ], [ -51.166736599999979, -30.028175099999935 ], [ -51.169424399999969, -30.028232699999929 ], [ -51.170416899999964, -30.028153099999937 ], [ -51.170541699999944, -30.02812839999995 ], [ -51.170544699999937, -30.027260599999963 ], [ -51.170542099999977, -30.028135199999952 ], [ -51.171167199999957, -30.028012 ], [ -51.172212699999932, -30.027630399999975 ], [ -51.172735799999941, -30.027510699999933 ], [ -51.173313899999982, -30.027462 ], [ -51.173934799999984, -30.027519499999972 ], [ -51.17437179999996, -30.027621599999978 ], [ -51.177283099999954, -30.028457699999937 ], [ -51.180211, -30.029298199999978 ], [ -51.180906799999946, -30.029485 ], [ -51.181827799999951, -30.027331799999953 ], [ -51.183615399999951, -30.023783599999934 ], [ -51.184583399999958, -30.021920199999951 ], [ -51.183839099999943, -30.021763899999925 ], [ -51.178932399999951, -30.019979499999984 ], [ -51.178079, -30.01961679999993 ], [ -51.1771715, -30.019160199999934 ], [ -51.176664099999982, -30.018912 ], [ -51.176063399999975, -30.018720699999957 ], [ -51.175303699999972, -30.018476699999947 ], [ -51.175141199999985, -30.018829299999933 ], [ -51.174503499999958, -30.018806899999944 ], [ -51.171588499999984, -30.018617899999981 ], [ -51.171401, -30.020122899999933 ], [ -51.171264699999938, -30.021215199999961 ], [ -51.171173845058291, -30.021951491420737 ] ], [ [ -51.173498, -30.02209309999995 ], [ -51.171264699999938, -30.021215199999961 ], [ -51.173011699999961, -30.021890799999941 ], [ -51.173680499999932, -30.022159899999959 ], [ -51.174266599999953, -30.022367399999958 ], [ -51.175726, -30.022907799999928 ], [ -51.176309898779387, -30.023128951662652 ], [ -51.173498, -30.02209309999995 ] ], [ [ -51.166670909060443, -30.02191897216543 ], [ -51.166687899999943, -30.021881199999918 ], [ -51.16715279999994, -30.021323599999953 ], [ -51.166670909060443, -30.02191897216543 ] ], [ [ -51.174587299999985, -30.024605399999921 ], [ -51.175675289868231, -30.025004925129984 ], [ -51.175675272070308, -30.025004960858205 ], [ -51.174466814474485, -30.024585200066664 ], [ -51.174587299999985, -30.024605399999921 ] ], [ [ -51.179847516578057, -30.028432632793752 ], [ -51.179834, -30.028382599999922 ], [ -51.179840152137132, -30.028326606504475 ], [ -51.179847516578057, -30.028432632793752 ] ], [ [ -51.176221399999974, -30.021675199999944 ], [ -51.176392599999986, -30.021741199999944 ], [ -51.17483679999998, -30.021163 ], [ -51.174954499999956, -30.021206499999934 ], [ -51.176221399999974, -30.021675199999944 ] ], [ [ -51.166633499999932, -30.022362099999938 ], [ -51.166622899999936, -30.022025699999968 ], [ -51.166645393714887, -30.021975694741339 ], [ -51.166633499999932, -30.022362099999938 ] ] ] } },
{ "type": "Feature", "properties": { "ltla_code": "Boa Vista do Sul", "ltla_name": "Boa Vista do Sul" }, "geometry": { "type": "MultiPolygon", "coordinates": [ [ [ [ -51.162467899999967, -30.262225299999951 ], [ -51.162365399999949, -30.262219799999961 ], [ -51.162583899999959, -30.262803799999972 ], [ -51.162620599999968, -30.26318329999998 ], [ -51.162600899999973, -30.264433799999949 ], [ -51.162680199999954, -30.264845899999948 ], [ -51.162827399999969, -30.265094199999961 ], [ -51.164103599999976, -30.266014699999968 ], [ -51.164764199999986, -30.26606229999993 ], [ -51.165292, -30.26618139999993 ], [ -51.1663, -30.265793099999939 ], [ -51.166409099999953, -30.265681099999931 ], [ -51.166500599999949, -30.265405799999925 ], [ -51.166862699999967, -30.265073799999978 ], [ -51.167561399999954, -30.264884099999954 ], [ -51.168052699999976, -30.265046499999968 ], [ -51.169154899999967, -30.264557099999919 ], [ -51.169962399999974, -30.264011499999967 ], [ -51.170195499999977, -30.263662299999957 ], [ -51.170140499999945, -30.263340899999939 ], [ -51.169862, -30.262947599999961 ], [ -51.169378, -30.262795899999958 ], [ -51.168739899999935, -30.262867699999962 ], [ -51.166060399999935, -30.262420899999945 ], [ -51.164936899999987, -30.262398199999936 ], [ -51.164387099999942, -30.262125599999948 ], [ -51.164126899999985, -30.261740499999963 ], [ -51.164048799999932, -30.26169949999997 ], [ -51.164021299999945, -30.261807899999944 ], [ -51.164146699999947, -30.262139799999936 ], [ -51.164078599999982, -30.262279599999946 ], [ -51.163468099999932, -30.262687499999974 ], [ -51.16317209999994, -30.262743 ], [ -51.1629205, -30.262713699999942 ], [ -51.162467899999967, -30.262225299999951 ] ] ], [ [ [ -51.119213599999966, -30.246145199999944 ], [ -51.120013799999981, -30.246176099999953 ], [ -51.12122009999996, -30.246544 ], [ -51.122136399999931, -30.246745899999944 ], [ -51.122347599999955, -30.246749299999966 ], [ -51.122874199999956, -30.246637399999933 ], [ -51.123086499999943, -30.246693199999982 ], [ -51.123295899999967, -30.246889299999964 ], [ -51.123589199999969, -30.248015 ], [ -51.123735199999942, -30.248179599999951 ], [ -51.123878099999956, -30.248187099999935 ], [ -51.123959899999932, -30.248137799999935 ], [ -51.124000399999943, -30.247972599999972 ], [ -51.12406169999997, -30.247910799999932 ], [ -51.125079299999982, -30.247718699999947 ], [ -51.125287499999956, -30.24782619999997 ], [ -51.125468199999943, -30.247825199999966 ], [ -51.125958099999934, -30.24736949999993 ], [ -51.126162599999986, -30.247308499999971 ], [ -51.127373699999964, -30.247485099999938 ], [ -51.128205499999979, -30.247770499999937 ], [ -51.128323399999942, -30.247925799999955 ], [ -51.128334799999948, -30.248224699999966 ], [ -51.128679499999976, -30.24873349999995 ], [ -51.129092499999956, -30.248831699999975 ], [ -51.129881699999942, -30.249317499999961 ], [ -51.13072839999996, -30.250171399999939 ], [ -51.131743399999948, -30.25102889999993 ], [ -51.132624099999987, -30.251646199999985 ], [ -51.13327819999995, -30.252564599999975 ], [ -51.133815599999934, -30.254069299999966 ], [ -51.134513199999958, -30.254514099999941 ], [ -51.134683499999937, -30.254827399999957 ], [ -51.134569599999963, -30.255445299999959 ], [ -51.135014499999954, -30.25615409999995 ], [ -51.135307699999949, -30.256529199999918 ], [ -51.135411, -30.256867399999965 ], [ -51.135325199999954, -30.257337499999945 ], [ -51.135761099999968, -30.258287399999968 ], [ -51.136843899999981, -30.259473699999937 ], [ -51.136937899999971, -30.259729599999961 ], [ -51.13688, -30.260276299999923 ], [ -51.137051199999974, -30.260545699999966 ], [ -51.137004199999978, -30.261023799999975 ], [ -51.137079, -30.261440099999955 ], [ -51.136876799999982, -30.26196359999993 ], [ -51.136994799999968, -30.262799199999957 ], [ -51.137267299999962, -30.263764699999957 ], [ -51.137536899999986, -30.264232099999958 ], [ -51.137385199999983, -30.264885599999953 ], [ -51.137310499999955, -30.26583 ], [ -51.136960299999942, -30.266700599999972 ], [ -51.136748599999976, -30.267007 ], [ -51.135854, -30.267269099999961 ], [ -51.135037299999965, -30.267634699999967 ], [ -51.134255099999969, -30.267737199999942 ], [ -51.134240699999964, -30.26790259999995 ], [ -51.134353899999951, -30.268002799999977 ], [ -51.134717399999943, -30.268041 ], [ -51.134836, -30.26808879999993 ], [ -51.134894599999939, -30.268168799999952 ], [ -51.134861199999939, -30.26866589999997 ], [ -51.134777299999939, -30.268804699999968 ], [ -51.133771, -30.269102899999947 ], [ -51.133578099999966, -30.269202 ], [ -51.133538099999953, -30.269266899999923 ], [ -51.133570299999974, -30.269357199999934 ], [ -51.133686499999953, -30.269413699999962 ], [ -51.135870599999983, -30.269174299999971 ], [ -51.137061499999959, -30.268834599999938 ], [ -51.13788489999996, -30.268671899999955 ], [ -51.138599899999974, -30.268681799999964 ], [ -51.13959669999997, -30.268237799999945 ], [ -51.140486199999948, -30.268062899999972 ], [ -51.141862099999969, -30.267089299999938 ], [ -51.14195669999998, -30.266916399999953 ], [ -51.142015699999945, -30.266549199999925 ], [ -51.14221619999995, -30.266020499999957 ], [ -51.14268629999998, -30.26566229999996 ], [ -51.143678799999975, -30.265288099999953 ], [ -51.144371299999939, -30.265146399999932 ], [ -51.14503689999998, -30.265157799999937 ], [ -51.14572359999994, -30.265005 ], [ -51.146438099999955, -30.264706199999978 ], [ -51.147524399999952, -30.264375399999945 ], [ -51.149660899999958, -30.263850599999955 ], [ -51.149786899999981, -30.263786199999966 ], [ -51.149853699999937, -30.263688299999952 ], [ -51.1498572, -30.263533299999946 ], [ -51.149978199999964, -30.263404799999932 ], [ -51.151402799999971, -30.263287099999943 ], [ -51.151975599999957, -30.26329 ], [ -51.152509099999975, -30.263292699999962 ], [ -51.153242899999952, -30.263105299999957 ], [ -51.154063899999983, -30.262743299999951 ], [ -51.154907199999968, -30.262548599999942 ], [ -51.156305399999951, -30.262502299999927 ], [ -51.157573699999944, -30.262339899999969 ], [ -51.158479, -30.262105199999937 ], [ -51.159275699999966, -30.262042499999939 ], [ -51.159617599999933, -30.261959799999936 ], [ -51.159686099999931, -30.261918499999972 ], [ -51.159700399999963, -30.261845899999969 ], [ -51.159452399999964, -30.261467199999963 ], [ -51.159091599999954, -30.26152019999995 ], [ -51.158758599999942, -30.26127949999994 ], [ -51.157826299999954, -30.261175799999922 ], [ -51.157379899999967, -30.261018599999943 ], [ -51.157310299999956, -30.260925199999964 ], [ -51.157318399999951, -30.260832899999976 ], [ -51.15752939999993, -30.260376599999965 ], [ -51.157550199999946, -30.26016589999994 ], [ -51.157434299999977, -30.260017699999931 ], [ -51.156862099999955, -30.259857499999946 ], [ -51.156662099999956, -30.259697299999974 ], [ -51.155885499999954, -30.257545 ], [ -51.155502199999944, -30.256846499999931 ], [ -51.15452079999995, -30.251087899999948 ], [ -51.154514099999972, -30.249405299999978 ], [ -51.154601599999978, -30.249224 ], [ -51.15508269999998, -30.248960699999937 ], [ -51.155119299999967, -30.248899799999943 ], [ -51.155083399999967, -30.248613 ], [ -51.155017099999952, -30.248548099999937 ], [ -51.154648699999939, -30.24856149999993 ], [ -51.154059199999949, -30.248396 ], [ -51.153383, -30.248596599999932 ], [ -51.152704499999977, -30.248520899999949 ], [ -51.152470499999943, -30.248334499999942 ], [ -51.152120099999934, -30.247608399999937 ], [ -51.151870599999938, -30.246483499999947 ], [ -51.15185189999994, -30.245601599999922 ], [ -51.15212889999998, -30.244374399999973 ], [ -51.152463599999983, -30.243506399999937 ], [ -51.152751099999932, -30.242931199999919 ], [ -51.153411299999959, -30.242041099999934 ], [ -51.154105899999934, -30.241363599999932 ], [ -51.155040799999938, -30.240611899999955 ], [ -51.15621619999996, -30.239881899999943 ], [ -51.157272899999953, -30.239533599999955 ], [ -51.158799699999975, -30.239118199999947 ], [ -51.160528299999953, -30.238735099999921 ], [ -51.160893399999964, -30.238459599999945 ], [ -51.161194199999954, -30.238453599999954 ], [ -51.163230099999964, -30.237963 ], [ -51.164958299999967, -30.237786799999984 ], [ -51.167069499999968, -30.237424 ], [ -51.167003899999941, -30.236004199999961 ], [ -51.166842799999984, -30.234837099999929 ], [ -51.166750399999955, -30.23464029999996 ], [ -51.166613499999983, -30.233682 ], [ -51.165824599999958, -30.229401899999967 ], [ -51.162414899999931, -30.225209899999978 ], [ -51.161978099999942, -30.225024099999931 ], [ -51.161714099999983, -30.224701399999951 ], [ -51.16135879999996, -30.224590499999973 ], [ -51.16122839999997, -30.224502499999968 ], [ -51.161159899999973, -30.224143899999955 ], [ -51.160618799999952, -30.223443099999926 ], [ -51.159458299999983, -30.221519899999972 ], [ -51.156769, -30.219264099999979 ], [ -51.153229, -30.213386799999952 ], [ -51.153184, -30.213180099999924 ], [ -51.152312, -30.213041899999947 ], [ -51.151788599999975, -30.212906099999934 ], [ -51.151472899999931, -30.212771099999941 ], [ -51.15014919999993, -30.211809199999951 ], [ -51.149002899999971, -30.211171199999967 ], [ -51.147354599999979, -30.210642 ], [ -51.146750099999963, -30.210534399999961 ], [ -51.144289299999969, -30.21031129999994 ], [ -51.146075399999972, -30.21047139999996 ], [ -51.143906299999969, -30.205751499999955 ], [ -51.143856599999935, -30.205410299999983 ], [ -51.143949499999962, -30.204515599999969 ], [ -51.13623709999996, -30.205938299999946 ], [ -51.128960799999959, -30.200444 ], [ -51.128069399999958, -30.199698299999955 ], [ -51.126861099999985, -30.198791399999955 ], [ -51.126269, -30.199337499999956 ], [ -51.126026599999932, -30.199491199999958 ], [ -51.124257499999942, -30.200052099999933 ], [ -51.120752899999957, -30.202019599999964 ], [ -51.118693399999984, -30.202748599999943 ], [ -51.117321399999987, -30.203351599999966 ], [ -51.116610899999955, -30.203724 ], [ -51.113195799999971, -30.207393199999959 ], [ -51.108890599999938, -30.212240199999925 ], [ -51.107048899999938, -30.214515 ], [ -51.101216399999942, -30.21862219999997 ], [ -51.101477199999977, -30.218846099999947 ], [ -51.102337499999976, -30.219229399999954 ], [ -51.102885, -30.219389799999931 ], [ -51.106793399999958, -30.219847399999932 ], [ -51.108829, -30.220010199999923 ], [ -51.10982649999994, -30.220027399999928 ], [ -51.11275349999994, -30.219898799999953 ], [ -51.114659199999956, -30.219656299999933 ], [ -51.112929899999983, -30.21988639999995 ], [ -51.113598899999943, -30.223151699999953 ], [ -51.113844099999937, -30.224816899999936 ], [ -51.113926699999979, -30.226025 ], [ -51.113873099999978, -30.226518 ], [ -51.113661799999932, -30.227483399999979 ], [ -51.113640399999952, -30.228262599999937 ], [ -51.114225899999951, -30.23100659999994 ], [ -51.114245699999969, -30.23125779999998 ], [ -51.11456359999994, -30.23135219999995 ], [ -51.117681499999946, -30.233156099999974 ], [ -51.120448699999947, -30.234836099999942 ], [ -51.119773299999963, -30.235710199999975 ], [ -51.118983399999934, -30.246076599999988 ], [ -51.119213599999966, -30.246145199999944 ] ], [ [ -51.14699319999994, -30.258181899999947 ], [ -51.146950247696225, -30.258131271303089 ], [ -51.147115099999951, -30.258207499999955 ], [ -51.14699319999994, -30.258181899999947 ] ], [ [ -51.146896399999953, -30.258067799999928 ], [ -51.144127699999956, -30.252625799999976 ], [ -51.146909374309068, -30.258083093064702 ], [ -51.146896399999953, -30.258067799999928 ] ], [ [ -51.127775424189892, -30.213786023640797 ], [ -51.129407799999967, -30.213344199999927 ], [ -51.128425599999957, -30.213632399999934 ], [ -51.127775424189892, -30.213786023640797 ] ], [ [ -51.132750399999964, -30.212080899999926 ], [ -51.130438399999946, -30.212958 ], [ -51.129407799999967, -30.213344199999927 ], [ -51.132750399999964, -30.212080899999926 ] ], [ [ -51.134651198373213, -30.21191610287136 ], [ -51.134196799999984, -30.211979899999953 ], [ -51.132750399999964, -30.212080899999926 ], [ -51.134651198373213, -30.21191610287136 ] ], [ [ -51.137353318595864, -30.211454961016297 ], [ -51.141039299999932, -30.210434499999966 ], [ -51.137571699999967, -30.211415499999919 ], [ -51.137353318595864, -30.211454961016297 ] ], [ [ -51.135209822276487, -30.211837672570788 ], [ -51.135769277196836, -30.211741193646084 ], [ -51.135324299999986, -30.21182159999994 ], [ -51.135209822276487, -30.211837672570788 ] ] ] ] } },
{ "type": "Feature", "properties": { "ltla_code": "Bom Fim", "ltla_name": "Bom Fim" }, "geometry": { "type": "MultiPolygon", "coordinates": [ [ [ [ -51.213885, -30.034223899999965 ], [ -51.214596899999947, -30.033849099999941 ], [ -51.215367399999934, -30.033485599999945 ], [ -51.215185199999951, -30.031002 ], [ -51.214186299999938, -30.031221199999955 ], [ -51.213931399999979, -30.029331599999963 ], [ -51.213502299999959, -30.02993709999998 ], [ -51.212490299999956, -30.030018499999979 ], [ -51.211903799999959, -30.029409299999944 ], [ -51.211879099999976, -30.029508699999944 ], [ -51.210857299999986, -30.031743799999937 ], [ -51.210791799999981, -30.030240199999966 ], [ -51.209807299999973, -30.030231899999936 ], [ -51.208481199999937, -30.030202299999925 ], [ -51.208446399999957, -30.03186629999993 ], [ -51.208393499999943, -30.034727199999967 ], [ -51.208340799999974, -30.03688429999994 ], [ -51.208335799999986, -30.036959099999923 ], [ -51.20889619999997, -30.036804499999956 ], [ -51.209731099999942, -30.03638019999994 ], [ -51.211063699999954, -30.03569369999996 ], [ -51.212955399999942, -30.034706399999944 ], [ -51.213885, -30.034223899999965 ] ], [ [ -51.214570199999969, -30.033771399999981 ], [ -51.214361399999973, -30.032415299999958 ], [ -51.214186299999938, -30.031221199999955 ], [ -51.214570199999969, -30.033771399999981 ] ], [ [ -51.212593899999945, -30.033063299999977 ], [ -51.212342699999965, -30.031681 ], [ -51.212455099999943, -30.032253699999959 ], [ -51.21293449999996, -30.034606 ], [ -51.212961849363886, -30.034561085217707 ], [ -51.212955399999942, -30.034706399999944 ], [ -51.212593899999945, -30.033063299999977 ] ], [ [ -51.21105624833924, -30.03556408626509 ], [ -51.211056067770066, -30.035560945455771 ], [ -51.211086199999954, -30.035497699999944 ], [ -51.212593899999945, -30.033063299999977 ], [ -51.21105624833924, -30.03556408626509 ] ], [ [ -51.20973129999993, -30.034668699999948 ], [ -51.209780199999955, -30.03178609999997 ], [ -51.20977, -30.033038799999925 ], [ -51.209731157414524, -30.03588887470492 ], [ -51.20973129999993, -30.034668699999948 ] ] ], [ [ [ -51.220529299999953, -30.032305399999984 ], [ -51.220006299999966, -30.031486199999957 ], [ -51.219615099999942, -30.030907799999945 ], [ -51.219416, -30.030524799999959 ], [ -51.217278599999986, -30.030475 ], [ -51.217278702048695, -30.030534063008542 ], [ -51.215989, -30.030806799999933 ], [ -51.216073199999983, -30.03184779999998 ], [ -51.216168499999988, -30.033271399999926 ], [ -51.217283, -30.03302159999998 ], [ -51.219216499999966, -30.032579 ], [ -51.220529299999953, -30.032305399999984 ] ], [ [ -51.217276499999969, -30.031772299999929 ], [ -51.21727883939085, -30.030613552904995 ], [ -51.217283, -30.03302159999998 ], [ -51.217276499999969, -30.031772299999929 ] ] ], [ [ [ -51.215185199999951, -30.031002 ], [ -51.215239699999984, -30.031705899999956 ], [ -51.215367399999934, -30.033485599999945 ], [ -51.216168499999988, -30.033271399999926 ], [ -51.215989, -30.030806799999933 ], [ -51.215185199999951, -30.031002 ] ] ] ] } },
{ "type": "Feature", "properties": { "ltla_code": "Bom Jesus", "ltla_name": "Bom Jesus" }, "geometry": { "type": "Polygon", "coordinates": [ [ [ -51.165036599999951, -30.050858099999964 ], [ -51.164876, -30.05030029999994 ], [ -51.164803199999938, -30.050236799999929 ], [ -51.16473069999995, -30.049997199999947 ], [ -51.164801199999943, -30.049812099999944 ], [ -51.165120599999973, -30.048973899999961 ], [ -51.164496899999968, -30.048782199999952 ], [ -51.164358799999945, -30.048739799999971 ], [ -51.164481599999931, -30.04844049999998 ], [ -51.164917829574037, -30.047386214864741 ], [ -51.166382799999951, -30.047908499999938 ], [ -51.166049499999986, -30.046466799999955 ], [ -51.168582199999946, -30.046284 ], [ -51.168344399999967, -30.043714399999928 ], [ -51.168611599999963, -30.046538899999977 ], [ -51.168943617152436, -30.046240294434494 ], [ -51.168934099999944, -30.046255499999972 ], [ -51.172292, -30.046023 ], [ -51.172044299999982, -30.043290699999943 ], [ -51.171938699999941, -30.042076399999925 ], [ -51.171708899999942, -30.039701 ], [ -51.171334599999966, -30.039933799999968 ], [ -51.170519699999943, -30.040718899999945 ], [ -51.170184699999936, -30.040939399999953 ], [ -51.169872299999959, -30.04101269999995 ], [ -51.169294399999956, -30.040959799999936 ], [ -51.1667978, -30.040554099999945 ], [ -51.165519699999948, -30.040346199999934 ], [ -51.164285599999971, -30.040138699999936 ], [ -51.163080499999978, -30.039961499999944 ], [ -51.162566199999958, -30.039934299999963 ], [ -51.16171879999996, -30.040043899999937 ], [ -51.160831099999939, -30.040310699999967 ], [ -51.158662799999945, -30.040916899999953 ], [ -51.15509069999996, -30.041376 ], [ -51.152755799999966, -30.041660699999966 ], [ -51.151582499999961, -30.041518599999954 ], [ -51.15098729999994, -30.041528299999975 ], [ -51.149961099999985, -30.041697799999952 ], [ -51.150332699999979, -30.043657499999934 ], [ -51.150483799999961, -30.044407299999921 ], [ -51.150426899999957, -30.045230199999928 ], [ -51.150325599999974, -30.046080499999956 ], [ -51.150127299999951, -30.048214799999972 ], [ -51.150149303749266, -30.048328780640492 ], [ -51.150074899999936, -30.048175299999961 ], [ -51.150136599999939, -30.04923779999995 ], [ -51.150096899999937, -30.05001889999993 ], [ -51.149896199999944, -30.050227599999964 ], [ -51.149554899999941, -30.051279199999939 ], [ -51.149698699999938, -30.051313599999965 ], [ -51.150431499999968, -30.051207399999942 ], [ -51.150717, -30.051170499999959 ], [ -51.151791799999955, -30.051268499999921 ], [ -51.151952299999948, -30.050955299999927 ], [ -51.152122499999962, -30.050989699999946 ], [ -51.152331599999968, -30.051011199999941 ], [ -51.152708399999938, -30.050961799999978 ], [ -51.152759199999934, -30.050992599999972 ], [ -51.152756899999986, -30.051114 ], [ -51.152664199999947, -30.051172 ], [ -51.152681599999937, -30.051249599999945 ], [ -51.153163099999972, -30.051333099999965 ], [ -51.153732799999943, -30.051616099999933 ], [ -51.15380115860259, -30.050772586289867 ], [ -51.15875, -30.050837699999924 ], [ -51.159289399999977, -30.050854 ], [ -51.159167599999932, -30.050700599999971 ], [ -51.159404099999961, -30.050997 ], [ -51.159566499999983, -30.051316499999928 ], [ -51.159579099999974, -30.051703099999926 ], [ -51.159562199999989, -30.052084299999926 ], [ -51.164598, -30.052095499999954 ], [ -51.164982299999963, -30.051264299999954 ], [ -51.165066699999954, -30.051195 ], [ -51.165036599999951, -30.050858099999964 ] ], [ [ -51.160976499999947, -30.041239399999938 ], [ -51.161013204256037, -30.041551187177703 ], [ -51.160831099999939, -30.040310699999967 ], [ -51.160976499999947, -30.041239399999938 ] ], [ [ -51.163937781145115, -30.051090944077121 ], [ -51.164065499999936, -30.051098899999936 ], [ -51.164982299999963, -30.051264299999954 ], [ -51.163937781145115, -30.051090944077121 ] ], [ [ -51.162278499999957, -30.043489599999923 ], [ -51.162616499999956, -30.046794099999943 ], [ -51.162464199999931, -30.0453467 ], [ -51.162415799999962, -30.044852299999938 ], [ -51.162278499999957, -30.043489599999923 ] ], [ [ -51.160275799999965, -30.046052599999925 ], [ -51.160348399999982, -30.046160299999936 ], [ -51.160048399999937, -30.045878399999928 ], [ -51.160275799999965, -30.046052599999925 ] ], [ [ -51.160440499999943, -30.047873799999937 ], [ -51.160400043963882, -30.047836249203673 ], [ -51.16070179999997, -30.047963899999949 ], [ -51.160440499999943, -30.047873799999937 ] ], [ [ -51.158579736354561, -30.047068554912109 ], [ -51.15857958390778, -30.047068264846356 ], [ -51.159361699999977, -30.047210899999975 ], [ -51.159472504405336, -30.047262031090906 ], [ -51.158579736354561, -30.047068554912109 ] ], [ [ -51.159416499999963, -30.048160499999927 ], [ -51.15925249999998, -30.048038399999939 ], [ -51.159031499999976, -30.047780099999944 ], [ -51.159416499999963, -30.048160499999927 ] ], [ [ -51.161281899999949, -30.049796599999976 ], [ -51.161680499999932, -30.049756399999982 ], [ -51.161726291586824, -30.049757761371477 ], [ -51.161281899999949, -30.049796599999976 ] ], [ [ -51.162867299999959, -30.050056099999939 ], [ -51.162375099999963, -30.049918 ], [ -51.163132160447397, -30.05010441696642 ], [ -51.162867299999959, -30.050056099999939 ] ], [ [ -51.160429799999974, -30.050053499999933 ], [ -51.160740099999948, -30.050559599999922 ], [ -51.160848599999952, -30.050771399999974 ], [ -51.160429799999974, -30.050053499999933 ] ], [ [ -51.162537556870966, -30.05105803807178 ], [ -51.16204943798575, -30.051110691011338 ], [ -51.162491099999954, -30.051058399999928 ], [ -51.162537556870966, -30.05105803807178 ] ], [ [ -51.163443422821913, -30.051060149276559 ], [ -51.162846691059102, -30.051055629722676 ], [ -51.163312599999983, -30.051052 ], [ -51.163443422821913, -30.051060149276559 ] ], [ [ -51.161777599999937, -30.049047899999934 ], [ -51.161518099999967, -30.048992799999937 ], [ -51.162229399999944, -30.049077099999977 ], [ -51.161777599999937, -30.049047899999934 ] ], [ [ -51.163348499999984, -30.04850179999994 ], [ -51.163167, -30.048486499999971 ], [ -51.162567899999942, -30.048307799999968 ], [ -51.163348499999984, -30.04850179999994 ] ], [ [ -51.164696399999968, -30.045302799999938 ], [ -51.164869499999952, -30.045928 ], [ -51.164692499999944, -30.045388799999941 ], [ -51.164728699999955, -30.04458609999994 ], [ -51.164696399999968, -30.045302799999938 ] ], [ [ -51.169334299999946, -30.045616099999947 ], [ -51.169292598728681, -30.045682726168977 ], [ -51.169611299999985, -30.044640399999931 ], [ -51.169334299999946, -30.045616099999947 ] ], [ [ -51.159662799999978, -30.049253499999956 ], [ -51.159354499999949, -30.049191599999968 ], [ -51.159696022614483, -30.049248401105643 ], [ -51.159662799999978, -30.049253499999956 ] ], [ [ -51.159461962885906, -30.048671947091023 ], [ -51.15946898477862, -30.048543212391071 ], [ -51.159476799999936, -30.048600199999949 ], [ -51.159461962885906, -30.048671947091023 ] ], [ [ -51.15697697063159, -30.042833728509738 ], [ -51.156844299999932, -30.042538199999971 ], [ -51.15684321895057, -30.042461536668071 ], [ -51.156883199999982, -30.042618199999922 ], [ -51.15697697063159, -30.042833728509738 ] ], [ [ -51.154953289951678, -30.047762615259032 ], [ -51.154828599999973, -30.04775 ], [ -51.155044099999941, -30.047661799999965 ], [ -51.154914499999961, -30.04773149999993 ], [ -51.154953289951678, -30.047762615259032 ] ], [ [ -51.157971256608761, -30.045523958784731 ], [ -51.157971071867365, -30.045523317618898 ], [ -51.158811699999944, -30.046114299999935 ], [ -51.158347899999967, -30.045794699999938 ], [ -51.157971256608761, -30.045523958784731 ] ], [ [ -51.157294299999933, -30.048046799999963 ], [ -51.1572894790703, -30.04800525769652 ], [ -51.157475461766523, -30.048305733747465 ], [ -51.157294299999933, -30.048046799999963 ] ], [ [ -51.160068, -30.042539599999944 ], [ -51.159483799999975, -30.042842899999979 ], [ -51.159360297262339, -30.042879502693275 ], [ -51.160068, -30.042539599999944 ] ], [ [ -51.158975083703758, -30.04299366901871 ], [ -51.158745199999942, -30.043061799999975 ], [ -51.158642146388416, -30.043064871192872 ], [ -51.158975083703758, -30.04299366901871 ] ], [ [ -51.158277173597554, -30.043075748073608 ], [ -51.158164699999986, -30.043079099999936 ], [ -51.157951894799048, -30.043040120829463 ], [ -51.158277173597554, -30.043075748073608 ] ], [ [ -51.157791886469013, -30.04301081237297 ], [ -51.157679899999948, -30.042990299999921 ], [ -51.157599251699345, -30.042952633083072 ], [ -51.157791886469013, -30.04301081237297 ] ], [ [ -51.15146022787259, -30.04947353658229 ], [ -51.15179405540821, -30.049632298859017 ], [ -51.151626, -30.049570799999962 ], [ -51.15146022787259, -30.04947353658229 ] ], [ [ -51.150493599999947, -30.048825299999972 ], [ -51.150805, -30.049079899999974 ], [ -51.150929390632875, -30.049162078649157 ], [ -51.150821199999939, -30.049098599999965 ], [ -51.150493599999947, -30.048825299999972 ] ], [ [ -51.154035699999952, -30.044994 ], [ -51.154095899999959, -30.04480569999998 ], [ -51.154087299999958, -30.044895499999924 ], [ -51.154035699999952, -30.044994 ] ], [ [ -51.153150699999969, -30.046818799999979 ], [ -51.152884799999981, -30.046410899999948 ], [ -51.15252449999997, -30.045791399999928 ], [ -51.153150699999969, -30.046818799999979 ] ] ] } },
{ "type": "Feature", "properties": { "ltla_code": "Camaquã", "ltla_name": "Camaquã" }, "geometry": { "type": "Polygon", "coordinates": [ [ [ -51.23650779999997, -30.114290399999955 ], [ -51.236699899999962, -30.11441339999994 ], [ -51.23690129999995, -30.114703099999929 ], [ -51.237103199999979, -30.114837299999984 ], [ -51.237308399999961, -30.114820499999944 ], [ -51.238413799999933, -30.115224899999927 ], [ -51.239585899999952, -30.11576169999995 ], [ -51.240611799999954, -30.116104499999942 ], [ -51.241290799999945, -30.116242499999942 ], [ -51.2421806, -30.114213799999966 ], [ -51.242785399999946, -30.113091 ], [ -51.243318399999964, -30.111965399999971 ], [ -51.244335499999977, -30.109683199999942 ], [ -51.244250386834125, -30.109652247964757 ], [ -51.245496599999967, -30.106993399999958 ], [ -51.245821, -30.106260899999935 ], [ -51.24619, -30.105467399999952 ], [ -51.246305199999938, -30.105219699999964 ], [ -51.246532299999956, -30.104731499999946 ], [ -51.247094299999958, -30.103458 ], [ -51.242734799999944, -30.102376599999953 ], [ -51.244644599999958, -30.102846099999951 ], [ -51.244937199999981, -30.101935699999956 ], [ -51.24483429999998, -30.101624299999976 ], [ -51.245178799999962, -30.100441899999961 ], [ -51.241275299999984, -30.099489099999968 ], [ -51.238674299999957, -30.098826899999942 ], [ -51.237685, -30.098576 ], [ -51.236602799999957, -30.098310799999979 ], [ -51.235868399999958, -30.098132799999973 ], [ -51.235432799999955, -30.099297399999958 ], [ -51.234802299999956, -30.100708499999925 ], [ -51.234842772243873, -30.100722383171224 ], [ -51.23381379999995, -30.103003099999963 ], [ -51.232691699999975, -30.105502699999938 ], [ -51.233611218891269, -30.105835363939111 ], [ -51.233100299999933, -30.106954699999953 ], [ -51.232008399999984, -30.109210899999933 ], [ -51.231448399999977, -30.110322899999968 ], [ -51.231586399999969, -30.110436499999928 ], [ -51.232847499999934, -30.110981 ], [ -51.232976699999938, -30.110705199999977 ], [ -51.232619899999975, -30.111492899999966 ], [ -51.231952799999931, -30.111236699999953 ], [ -51.231408899999963, -30.112319599999974 ], [ -51.232284599999957, -30.112681299999956 ], [ -51.234917899999971, -30.113687 ], [ -51.23650779999997, -30.114290399999955 ] ], [ [ -51.245153799999969, -30.104258699999942 ], [ -51.242929499999946, -30.103491699999946 ], [ -51.242277299999955, -30.103266499999958 ], [ -51.246532299999956, -30.104731499999946 ], [ -51.245153799999969, -30.104258699999942 ] ], [ [ -51.235235699999976, -30.112855099999937 ], [ -51.232825099999957, -30.112012099999955 ], [ -51.23478259999996, -30.112685099999965 ], [ -51.235235699999976, -30.112855099999937 ] ], [ [ -51.239066399999956, -30.107785599999939 ], [ -51.23660607009856, -30.106904210362206 ], [ -51.236698399999966, -30.106936599999969 ], [ -51.237747799999966, -30.107305099999955 ], [ -51.239066399999956, -30.107785599999939 ] ], [ [ -51.240733399999954, -30.109720599999946 ], [ -51.241189, -30.109888499999951 ], [ -51.240444157679164, -30.109618212177558 ], [ -51.240733399999954, -30.109720599999946 ] ], [ [ -51.237986199999966, -30.11005939999994 ], [ -51.235241099999939, -30.109059899999973 ], [ -51.240563971997048, -30.110980827070662 ], [ -51.237986199999966, -30.11005939999994 ] ], [ [ -51.234971359664279, -30.109616167905763 ], [ -51.235770016107864, -30.107931172230838 ], [ -51.235770051601818, -30.107931185213065 ], [ -51.235241099999939, -30.109059899999973 ], [ -51.234971359664279, -30.109616167905763 ] ], [ [ -51.241698699999972, -30.105697 ], [ -51.243063799999966, -30.106164599999943 ], [ -51.244655399999942, -30.106706799999976 ], [ -51.244802740786767, -30.106757026312113 ], [ -51.242496, -30.105971199999932 ], [ -51.238938899999937, -30.104752599999976 ], [ -51.241251899999952, -30.105543299999955 ], [ -51.241698699999972, -30.105697 ] ], [ [ -51.243163, -30.104708799999973 ], [ -51.243698699999982, -30.104820399999934 ], [ -51.243150895173201, -30.104723498718204 ], [ -51.243163, -30.104708799999973 ] ], [ [ -51.24303, -30.104870299999948 ], [ -51.243056156748928, -30.104838538233366 ], [ -51.243000799999948, -30.104918 ], [ -51.24303, -30.104870299999948 ] ], [ [ -51.242189, -30.104559099999964 ], [ -51.242502599999966, -30.104660199999952 ], [ -51.24303, -30.104870299999948 ], [ -51.242189, -30.104559099999964 ] ], [ [ -51.236750599999937, -30.100785199999955 ], [ -51.238219399999934, -30.100257599999956 ], [ -51.239314099999945, -30.09987209999996 ], [ -51.236750599999937, -30.100785199999955 ] ], [ [ -51.234550038171314, -30.110485031748411 ], [ -51.234109899999964, -30.111392699999946 ], [ -51.234259399999985, -30.111059099999977 ], [ -51.234550038171314, -30.110485031748411 ] ], [ [ -51.23642451763947, -30.103894292466524 ], [ -51.23569939999993, -30.104184199999974 ], [ -51.236424517639463, -30.103894292466524 ], [ -51.23642451763947, -30.103894292466524 ] ], [ [ -51.236139899999955, -30.099694599999953 ], [ -51.237249399999939, -30.099969899999959 ], [ -51.235636799999952, -30.099571799999975 ], [ -51.236139899999955, -30.099694599999953 ] ] ] } },
{ "type": "Feature", "properties": { "ltla_code": "Campo Novo", "ltla_name": "Campo Novo" }, "geometry": { "type": "Polygon", "coordinates": [ [ [ -51.207873099999972, -30.147436399999943 ], [ -51.209666, -30.146894699999958 ], [ -51.209451299999955, -30.146637599999952 ], [ -51.20917, -30.146003 ], [ -51.208153699999968, -30.145125599999975 ], [ -51.207878799999946, -30.144297299999952 ], [ -51.207797699999958, -30.144174 ], [ -51.207463399999938, -30.143951399999935 ], [ -51.206129399999952, -30.143939399999965 ], [ -51.206191399999973, -30.143724799999966 ], [ -51.206427099999985, -30.143551699999925 ], [ -51.207483099999934, -30.14319619999997 ], [ -51.208261099999959, -30.142989499999928 ], [ -51.208384799999976, -30.142916 ], [ -51.208413, -30.142778199999952 ], [ -51.208306499999935, -30.142609099999952 ], [ -51.208160799999973, -30.142522199999977 ], [ -51.207588, -30.142574699999948 ], [ -51.207274899999959, -30.14254649999998 ], [ -51.206002099999978, -30.142248 ], [ -51.208702599999981, -30.141092299999961 ], [ -51.206734799999936, -30.13616449999995 ], [ -51.2072910802924, -30.134685182985674 ], [ -51.20785189999998, -30.134450699999949 ], [ -51.207935299999974, -30.134475399999921 ], [ -51.207986499999947, -30.134552699999972 ], [ -51.207977599999936, -30.134798699999976 ], [ -51.208079099999971, -30.134932699999972 ], [ -51.208329699999979, -30.135120499999964 ], [ -51.20860319999997, -30.135230599999943 ], [ -51.208642406642731, -30.134620399716326 ], [ -51.210783, -30.134529 ], [ -51.212445499999944, -30.134895199999946 ], [ -51.212923499999931, -30.135057099999976 ], [ -51.213271399999947, -30.131884399999926 ], [ -51.213114599999983, -30.131761199999971 ], [ -51.212356299999954, -30.131430599999923 ], [ -51.21224159999997, -30.131297799999967 ], [ -51.211289699999952, -30.130565799999943 ], [ -51.211024899999984, -30.130418699999947 ], [ -51.210563299999933, -30.13037949999994 ], [ -51.210323199999948, -30.13050509999993 ], [ -51.210130899999967, -30.130544499999928 ], [ -51.209871099999987, -30.130498799999938 ], [ -51.209276299999942, -30.130580799999958 ], [ -51.208906199999944, -30.130514799999951 ], [ -51.208221399999957, -30.130469399999985 ], [ -51.207994499999984, -30.13049889999996 ], [ -51.207285899999931, -30.13073619999993 ], [ -51.20686749999993, -30.130952799999925 ], [ -51.206645799999933, -30.130890399999924 ], [ -51.206405199999949, -30.130638199999972 ], [ -51.206254199999933, -30.130619899999942 ], [ -51.206245799999976, -30.130708499999962 ], [ -51.206260399999962, -30.130481199999959 ], [ -51.206079299999942, -30.130317899999966 ], [ -51.204939899999943, -30.129992399999932 ], [ -51.203188899999986, -30.129448299999975 ], [ -51.202931299999932, -30.129249399999946 ], [ -51.202401899999984, -30.128607299999935 ], [ -51.202195699999955, -30.128522799999931 ], [ -51.201827899999955, -30.128471 ], [ -51.201952499999948, -30.127447799999967 ], [ -51.199951799999951, -30.127698799999965 ], [ -51.199651, -30.127786 ], [ -51.196693399999958, -30.129808599999937 ], [ -51.196000799999986, -30.130150199999942 ], [ -51.19016229999994, -30.132233699999968 ], [ -51.189363399999934, -30.132725799999946 ], [ -51.188987099999963, -30.133054399999931 ], [ -51.188772299999982, -30.133560099999954 ], [ -51.188583899999969, -30.133806099999955 ], [ -51.187160099999971, -30.13504279999994 ], [ -51.186847299999954, -30.135475099999944 ], [ -51.186643899999979, -30.135958499999951 ], [ -51.191437599999972, -30.145534399999974 ], [ -51.203968, -30.147301499999966 ], [ -51.204205399999978, -30.147237299999965 ], [ -51.203839599999988, -30.146777199999971 ], [ -51.203753793716452, -30.146622234393288 ], [ -51.204549, -30.147663899999941 ], [ -51.207873099999972, -30.147436399999943 ] ], [ [ -51.20266689999994, -30.133076799999973 ], [ -51.202673199999936, -30.133040799999939 ], [ -51.206245799999976, -30.130708499999962 ], [ -51.20266689999994, -30.133076799999973 ] ], [ [ -51.201820761834746, -30.132008011587786 ], [ -51.201871, -30.132058199999953 ], [ -51.202673199999936, -30.133040799999939 ], [ -51.201820761834746, -30.132008011587786 ] ], [ [ -51.20303018504891, -30.145184241885897 ], [ -51.202973851580445, -30.145144181837772 ], [ -51.203008799999964, -30.145160399999945 ], [ -51.20303018504891, -30.145184241885897 ] ], [ [ -51.203459199999941, -30.14609019999995 ], [ -51.203117870609148, -30.145282001265922 ], [ -51.20317069999993, -30.145340899999947 ], [ -51.203459199999941, -30.14609019999995 ] ], [ [ -51.19660209999995, -30.140331099999965 ], [ -51.196455555660052, -30.141009566384213 ], [ -51.196455599999979, -30.140957599999975 ], [ -51.196601700620114, -30.140268179521318 ], [ -51.19660209999995, -30.140331099999965 ] ], [ [ -51.201559212250274, -30.129181018162207 ], [ -51.201642589242276, -30.129038349952939 ], [ -51.20162339999996, -30.129097099999967 ], [ -51.201559212250274, -30.129181018162207 ] ], [ [ -51.19645545264202, -30.141130303490495 ], [ -51.196484780151181, -30.14126065430311 ], [ -51.196455399999934, -30.141192 ], [ -51.19645545264202, -30.141130303490495 ] ], [ [ -51.196515001401998, -30.141331274052447 ], [ -51.1973627, -30.142563899999971 ], [ -51.196543, -30.141396699999959 ], [ -51.196515001401998, -30.141331274052447 ] ], [ [ -51.197616572661666, -30.142762964790389 ], [ -51.19792979999994, -30.142894599999977 ], [ -51.197674899999981, -30.142808699999925 ], [ -51.197616572661666, -30.142762964790389 ] ], [ [ -51.200813799999935, -30.129886099999968 ], [ -51.198401194991291, -30.130999131452768 ], [ -51.198572499999955, -30.130897299999962 ], [ -51.200813799999935, -30.129886099999968 ] ], [ [ -51.197177290690561, -30.132363075946298 ], [ -51.197342799999944, -30.131958099999956 ], [ -51.197520399999981, -30.13164339999997 ], [ -51.197177290690561, -30.132363075946298 ] ] ] } },
{ "type": "Feature", "properties": { "ltla_code": "Cascata", "ltla_name": "Cascata" }, "geometry": { "type": "Polygon", "coordinates": [ [ [ -51.192475299999955, -30.094312199999926 ], [ -51.191747599999985, -30.093557599999933 ], [ -51.191692299999943, -30.09339349999993 ], [ -51.186416099999974, -30.089655199999978 ], [ -51.185397699999953, -30.089943299999938 ], [ -51.185079499999972, -30.089266599999966 ], [ -51.185608799999954, -30.089095699999973 ], [ -51.184939899999961, -30.088619199999979 ], [ -51.184531555342723, -30.087671333721474 ], [ -51.185529599999938, -30.087337399999964 ], [ -51.185763099999974, -30.085561299999934 ], [ -51.185965799999963, -30.085004699999956 ], [ -51.186387799999977, -30.084069499999938 ], [ -51.185764, -30.083081499999924 ], [ -51.18460319999997, -30.082926599999954 ], [ -51.183516199999985, -30.081100699999975 ], [ -51.182883009796413, -30.080820518852168 ], [ -51.18335849999994, -30.080501299999984 ], [ -51.183600599999977, -30.080159599999941 ], [ -51.183156799999949, -30.079532399999941 ], [ -51.182256399999972, -30.079774399999948 ], [ -51.176642899999933, -30.08341419999994 ], [ -51.17710789999996, -30.084036899999948 ], [ -51.173945699999933, -30.086066599999977 ], [ -51.173551199999963, -30.085513099999947 ], [ -51.170058799999936, -30.087764499999931 ], [ -51.169765899999959, -30.087896699999934 ], [ -51.169681199999957, -30.088398199999972 ], [ -51.169732099999976, -30.087942899999966 ], [ -51.163839, -30.087380799999952 ], [ -51.152169399999934, -30.092594199999947 ], [ -51.152290799999946, -30.092708099999978 ], [ -51.152438699999948, -30.093130799999987 ], [ -51.15227189999996, -30.094143799999976 ], [ -51.152215399999932, -30.095069499999962 ], [ -51.153639399999975, -30.096400899999928 ], [ -51.153844099999958, -30.096747799999942 ], [ -51.153837499999952, -30.097149699999925 ], [ -51.153497899999934, -30.09879809999995 ], [ -51.153745299999976, -30.099348699999943 ], [ -51.153838, -30.099909799999963 ], [ -51.15384309999996, -30.100475899999935 ], [ -51.153956099999959, -30.100822499999936 ], [ -51.154804899999931, -30.100744299999974 ], [ -51.156665699999962, -30.100903299999963 ], [ -51.157462899999985, -30.100923899999934 ], [ -51.15882629999993, -30.101161299999937 ], [ -51.16082849999998, -30.100954 ], [ -51.161955299999931, -30.101051199999965 ], [ -51.163058499999977, -30.101056599999925 ], [ -51.164067199999977, -30.101033899999933 ], [ -51.164571299999984, -30.10125249999993 ], [ -51.164943599999958, -30.101615599999938 ], [ -51.165078599999958, -30.10166079999993 ], [ -51.166113699999983, -30.101373199999944 ], [ -51.166847899999937, -30.101649799999954 ], [ -51.167255099999984, -30.101643 ], [ -51.168330399999945, -30.101491899999925 ], [ -51.169059399999981, -30.101138699999986 ], [ -51.169508499999949, -30.100754599999952 ], [ -51.170237199999974, -30.100611399999931 ], [ -51.170888699999978, -30.099701799999931 ], [ -51.171106499999951, -30.099498099999952 ], [ -51.171254599999941, -30.099549299999982 ], [ -51.172193899999968, -30.100057 ], [ -51.172436199999936, -30.100085099999937 ], [ -51.172577699999977, -30.10001219999997 ], [ -51.172780799999941, -30.099736099999976 ], [ -51.172965899999951, -30.099289699999925 ], [ -51.173115099999968, -30.099111599999944 ], [ -51.173445799999968, -30.098873099999935 ], [ -51.174053299999969, -30.098570399999957 ], [ -51.175789099999974, -30.097762 ], [ -51.17600159999995, -30.097755899999971 ], [ -51.176463899999931, -30.097956099999973 ], [ -51.17668969999994, -30.098005 ], [ -51.176891599999976, -30.097983399999979 ], [ -51.177084699999966, -30.097885299999962 ], [ -51.177731899999969, -30.097363899999941 ], [ -51.17794669999995, -30.097076099999981 ], [ -51.178039, -30.0967 ], [ -51.178709099999935, -30.096983599999927 ], [ -51.179994399999941, -30.097547 ], [ -51.180934199999967, -30.097720099999943 ], [ -51.182086799999979, -30.098261 ], [ -51.183415599999933, -30.098971 ], [ -51.184209399999986, -30.099140099999929 ], [ -51.185153799999966, -30.099927899999951 ], [ -51.18653009999997, -30.100888899999973 ], [ -51.186841899999934, -30.101515499999941 ], [ -51.186899799999935, -30.101605199999927 ], [ -51.18699989999994, -30.10165 ], [ -51.18789449999997, -30.101674799999959 ], [ -51.190399199999945, -30.101458899999948 ], [ -51.191023199999961, -30.101507499999965 ], [ -51.19127009999994, -30.100508299999937 ], [ -51.192896299999973, -30.094242899999983 ], [ -51.192802599999936, -30.094305899999934 ], [ -51.192475299999955, -30.094312199999926 ] ], [ [ -51.171455699999967, -30.099060099999974 ], [ -51.171726845744033, -30.098555380063523 ], [ -51.171254599999941, -30.099549299999982 ], [ -51.171455699999967, -30.099060099999974 ] ], [ [ -51.182773325940261, -30.080926641699119 ], [ -51.182781599999942, -30.08088859999998 ], [ -51.182816637134827, -30.080865077929705 ], [ -51.182773325940261, -30.080926641699119 ] ], [ [ -51.182585699999947, -30.08180359999994 ], [ -51.182578858444934, -30.08182074619392 ], [ -51.182607008644531, -30.081691319834249 ], [ -51.182585699999947, -30.08180359999994 ] ], [ [ -51.18247249999996, -30.082087299999952 ], [ -51.182436501733392, -30.082129621220918 ], [ -51.182542067295167, -30.081912951575458 ], [ -51.18247249999996, -30.082087299999952 ] ], [ [ -51.182244199999957, -30.082355699999937 ], [ -51.181563, -30.082939099999983 ], [ -51.18234358936089, -30.0822388532874 ], [ -51.182244199999957, -30.082355699999937 ] ], [ [ -51.180887899999959, -30.083964799999926 ], [ -51.180808287188896, -30.08402542059833 ], [ -51.180940976439345, -30.083884159348358 ], [ -51.180887899999959, -30.083964799999926 ] ], [ [ -51.180011799999932, -30.08463189999997 ], [ -51.179869399723302, -30.084718522380651 ], [ -51.180204540224459, -30.084485139351887 ], [ -51.180011799999932, -30.08463189999997 ] ], [ [ -51.180661499999985, -30.087814799999936 ], [ -51.180908799999948, -30.088136399999943 ], [ -51.178656187394289, -30.085462065399586 ], [ -51.178656211646697, -30.085462050808722 ], [ -51.180661499999985, -30.087814799999936 ] ], [ [ -51.180725399999972, -30.089321099999953 ], [ -51.180738593929334, -30.089338856941396 ], [ -51.180299399999967, -30.088995 ], [ -51.180725399999972, -30.089321099999953 ] ], [ [ -51.18091389999995, -30.089729699999957 ], [ -51.180696799999964, -30.089887799999921 ], [ -51.180504982744836, -30.09000471990657 ], [ -51.180914724311727, -30.089716132017614 ], [ -51.18091389999995, -30.089729699999957 ] ], [ [ -51.180433447314769, -30.090085413652346 ], [ -51.180451199999936, -30.090042599999943 ], [ -51.180493712987463, -30.090012657386559 ], [ -51.180433447314769, -30.090085413652346 ] ], [ [ -51.179835099999934, -30.090710899999962 ], [ -51.180077955295928, -30.090631926745939 ], [ -51.17940515050136, -30.090914809872427 ], [ -51.179835099999934, -30.090710899999962 ] ], [ [ -51.180544457421426, -30.091374867068971 ], [ -51.180288130168698, -30.091372441057612 ], [ -51.180351199999961, -30.091358799999963 ], [ -51.180544457421426, -30.091374867068971 ] ], [ [ -51.180607399999985, -30.091380099999981 ], [ -51.180778699999962, -30.091519699999928 ], [ -51.180595134801834, -30.091379080293812 ], [ -51.180607399999985, -30.091380099999981 ] ], [ [ -51.180168599999952, -30.092426299999943 ], [ -51.180568299999948, -30.091710799999916 ], [ -51.180597664579956, -30.091684129033954 ], [ -51.180168599999952, -30.092426299999943 ] ], [ [ -51.178442272738948, -30.094014524353117 ], [ -51.178462899999943, -30.093976799999947 ], [ -51.179394799999955, -30.093163599999961 ], [ -51.178442272738948, -30.094014524353117 ] ], [ [ -51.178360489161435, -30.094329286643983 ], [ -51.178403299999957, -30.094085799999956 ], [ -51.178422077622699, -30.094051458374462 ], [ -51.178360489161435, -30.094329286643983 ] ], [ [ -51.178228099999956, -30.094926499999929 ], [ -51.178209183826752, -30.094960529322204 ], [ -51.178250575812257, -30.094825110617734 ], [ -51.178228099999956, -30.094926499999929 ] ], [ [ -51.177826799363466, -30.095648421317826 ], [ -51.177882099999977, -30.09550489999997 ], [ -51.178110130186582, -30.095138722247789 ], [ -51.177826799363466, -30.095648421317826 ] ], [ [ -51.177748725885358, -30.095937885816909 ], [ -51.177750399999979, -30.095846699999989 ], [ -51.177778067930745, -30.09577489363145 ], [ -51.177748725885358, -30.095937885816909 ] ], [ [ -51.17775421202824, -30.096137461411587 ], [ -51.177745699999946, -30.096102699999957 ], [ -51.177746250044372, -30.09607274013365 ], [ -51.17775421202824, -30.096137461411587 ] ], [ [ -51.177845003511592, -30.096393945439797 ], [ -51.177799399999969, -30.096322 ], [ -51.177784374024647, -30.096260636938734 ], [ -51.177845003511592, -30.096393945439797 ] ], [ [ -51.182754199999977, -30.089991499999933 ], [ -51.183191699999952, -30.089582499999949 ], [ -51.183213007128927, -30.089570759262422 ], [ -51.182167199999981, -30.090552199999919 ], [ -51.182754199999977, -30.089991499999933 ] ], [ [ -51.181862, -30.089238799999983 ], [ -51.181966099999954, -30.089290399999975 ], [ -51.182061399999952, -30.089382299999947 ], [ -51.181960299999957, -30.08928759999997 ], [ -51.181862, -30.089238799999983 ] ], [ [ -51.182297, -30.09010859999994 ], [ -51.181194721078668, -30.090202638290766 ], [ -51.181216899999981, -30.090194 ], [ -51.182297, -30.09010859999994 ] ], [ [ -51.184798605236644, -30.097439327626773 ], [ -51.184829799999932, -30.097446599999948 ], [ -51.184913040563245, -30.097490602450097 ], [ -51.184798605236644, -30.097439327626773 ] ], [ [ -51.180992716163907, -30.096819794090212 ], [ -51.181036399999982, -30.09681159999996 ], [ -51.181673299999943, -30.096981199999959 ], [ -51.180992716163907, -30.096819794090212 ] ], [ [ -51.181051192195461, -30.09025854020852 ], [ -51.180775099999948, -30.090401899999954 ], [ -51.18072216697437, -30.090419335502894 ], [ -51.180964, -30.090292499999972 ], [ -51.181051192195461, -30.09025854020852 ] ], [ [ -51.180458072015362, -30.090278157780606 ], [ -51.180481139160861, -30.09029162118345 ], [ -51.180469499999958, -30.09029159999994 ], [ -51.180458072015362, -30.090278157780606 ] ], [ [ -51.180396982961327, -30.09017335370979 ], [ -51.180403964048494, -30.09021451303623 ], [ -51.180387799999949, -30.090195499999933 ], [ -51.180396982961327, -30.09017335370979 ] ], [ [ -51.183728505720964, -30.086464586499659 ], [ -51.183593113749673, -30.086590282069118 ], [ -51.183663199999955, -30.086507199999968 ], [ -51.183728505720964, -30.086464586499659 ] ], [ [ -51.183125395923483, -30.087144726979801 ], [ -51.182861099999975, -30.087494 ], [ -51.182786052558505, -30.087546993455767 ], [ -51.183125395923483, -30.087144726979801 ] ], [ [ -51.180154699999946, -30.091401299999958 ], [ -51.180176766577254, -30.091396527330566 ], [ -51.180018, -30.091729499999921 ], [ -51.180154699999946, -30.091401299999958 ] ], [ [ -51.179855499999974, -30.091907699999986 ], [ -51.179832003465563, -30.091913675589211 ], [ -51.180018, -30.091729499999921 ], [ -51.179855499999974, -30.091907699999986 ] ], [ [ -51.177947399999937, -30.091443199999951 ], [ -51.177660599999967, -30.091719599999969 ], [ -51.177620863633578, -30.091756385646075 ], [ -51.177947399999937, -30.091443199999951 ] ], [ [ -51.177316599999983, -30.091985599999923 ], [ -51.17752529888125, -30.091844854005892 ], [ -51.177499, -30.091869199999955 ], [ -51.177316599999983, -30.091985599999923 ] ], [ [ -51.176679907866912, -30.091601343875585 ], [ -51.176729399999942, -30.09160089999995 ], [ -51.177316599999983, -30.091985599999923 ], [ -51.176679907866912, -30.091601343875585 ] ], [ [ -51.176640199999952, -30.091601699999952 ], [ -51.176652727537515, -30.091601587645354 ], [ -51.176253199999962, -30.092001699999962 ], [ -51.176640199999952, -30.091601699999952 ] ], [ [ -51.177034299999946, -30.093620099999946 ], [ -51.175752, -30.092222099999958 ], [ -51.175418599999944, -30.091799199999965 ], [ -51.176035299999967, -30.092527499999949 ], [ -51.177083916621697, -30.093663024975161 ], [ -51.177034299999946, -30.093620099999946 ] ], [ [ -51.175149099999942, -30.09159359999995 ], [ -51.175181697569045, -30.091618468497938 ], [ -51.174514099999953, -30.091387199999939 ], [ -51.175149099999942, -30.09159359999995 ] ], [ [ -51.174136285536918, -30.091785823573133 ], [ -51.174330299999951, -30.091471499999958 ], [ -51.174350538854505, -30.091462217435001 ], [ -51.174178, -30.091752899999946 ], [ -51.174136285536918, -30.091785823573133 ] ], [ [ -51.173964, -30.091840699999974 ], [ -51.174094490523181, -30.091818810721769 ], [ -51.17407929999996, -30.091830799999972 ], [ -51.173964, -30.091840699999974 ] ], [ [ -51.172383299999979, -30.090960599999953 ], [ -51.172665598292859, -30.091343859824683 ], [ -51.172650499999975, -30.091335399999931 ], [ -51.172383299999979, -30.090960599999953 ] ], [ [ -51.171678, -30.090171 ], [ -51.171839672697679, -30.090380200708378 ], [ -51.171602071253162, -30.090126527448238 ], [ -51.171678, -30.090171 ] ], [ [ -51.171552, -30.090097199999938 ], [ -51.171566355596475, -30.090105608277895 ], [ -51.17138719999997, -30.090094199999946 ], [ -51.171552, -30.090097199999938 ] ], [ [ -51.175733499999978, -30.093558199999954 ], [ -51.1751, -30.093482399999974 ], [ -51.17491659443008, -30.093458819760293 ], [ -51.175733499999978, -30.093558199999954 ] ], [ [ -51.174538888342958, -30.093412870114651 ], [ -51.174423913904931, -30.093424869525862 ], [ -51.174500499999972, -30.093408199999931 ], [ -51.174538888342958, -30.093412870114651 ] ], [ [ -51.174175002310712, -30.093479046962013 ], [ -51.173995532835519, -30.093535378093353 ], [ -51.174042899999961, -30.09350779999993 ], [ -51.174175002310712, -30.093479046962013 ] ], [ [ -51.173887495345618, -30.093598279641824 ], [ -51.17387277459261, -30.09362686982718 ], [ -51.173870799999975, -30.093608 ], [ -51.173887495345618, -30.093598279641824 ] ], [ [ -51.173896168552773, -30.093893318247133 ], [ -51.173897699999941, -30.093905099999979 ], [ -51.17384, -30.093969299999962 ], [ -51.173896168552773, -30.093893318247133 ] ], [ [ -51.17315547930712, -30.093977158652709 ], [ -51.173134906047771, -30.094003906273805 ], [ -51.173145, -30.093980399999964 ], [ -51.17315547930712, -30.093977158652709 ] ], [ [ -51.172768488630119, -30.094844031268739 ], [ -51.172757, -30.094872199999934 ], [ -51.172663699999937, -30.094982 ], [ -51.172768488630119, -30.094844031268739 ] ], [ [ -51.172529, -30.095033799999953 ], [ -51.172493756846563, -30.09503431757804 ], [ -51.172663699999937, -30.094982 ], [ -51.172529, -30.095033799999953 ] ], [ [ -51.171736401695114, -30.095045440034294 ], [ -51.171718699999985, -30.09504569999995 ], [ -51.171343499999978, -30.094707099999937 ], [ -51.171736401695114, -30.095045440034294 ] ], [ [ -51.171260202967837, -30.093979880891855 ], [ -51.171442199999944, -30.0939289 ], [ -51.171454933490132, -30.093928070190167 ], [ -51.171260202967837, -30.093979880891855 ] ], [ [ -51.169934299999966, -30.095355799999933 ], [ -51.170137099999977, -30.094776499999959 ], [ -51.170142927161827, -30.09476925909976 ], [ -51.169934299999966, -30.095355799999933 ] ], [ [ -51.171835299999941, -30.098119199999935 ], [ -51.171775299999979, -30.098453399999986 ], [ -51.171768313408236, -30.09846810444764 ], [ -51.171835299999941, -30.098119199999935 ] ], [ [ -51.177706016052639, -30.092061876867295 ], [ -51.177717, -30.092072099999925 ], [ -51.177539499999966, -30.092425899999949 ], [ -51.177706016052639, -30.092061876867295 ] ], [ [ -51.179306937526952, -30.090956103860652 ], [ -51.17900179999998, -30.091084399999943 ], [ -51.178957635362998, -30.091093694103087 ], [ -51.179306937526952, -30.090956103860652 ] ], [ [ -51.178438699999958, -30.091202899999928 ], [ -51.178844799999986, -30.090618099999972 ], [ -51.178879083648091, -30.090578923168785 ], [ -51.178438699999958, -30.091202899999928 ] ], [ [ -51.175826976141288, -30.089494045835465 ], [ -51.175828499999966, -30.089505699999954 ], [ -51.175681324145785, -30.089940870221835 ], [ -51.175826976141288, -30.089494045835465 ] ], [ [ -51.17539919726039, -30.09079559497598 ], [ -51.175453799999957, -30.091498299999962 ], [ -51.175395199999969, -30.090807499999979 ], [ -51.17539919726039, -30.09079559497598 ] ], [ [ -51.177759530997911, -30.085928619406179 ], [ -51.178347061934431, -30.085631502628981 ], [ -51.178023, -30.085814799999977 ], [ -51.177759530997911, -30.085928619406179 ] ], [ [ -51.177318599999978, -30.08615159999993 ], [ -51.177384342119396, -30.086118353943537 ], [ -51.17724808747176, -30.086211481185064 ], [ -51.177318599999978, -30.08615159999993 ] ], [ [ -51.175829601047802, -30.087981963948401 ], [ -51.175836299999958, -30.087938799999964 ], [ -51.176011599999981, -30.087598 ], [ -51.176035439781991, -30.087572713603315 ], [ -51.175829601047802, -30.087981963948401 ] ] ] } },
{ "type": "Feature", "properties": { "ltla_code": "Cavalhada", "ltla_name": "Cavalhada" }, "geometry": { "type": "Polygon", "coordinates": [ [ [ -51.229753499999958, -30.111697799999941 ], [ -51.231408899999963, -30.112319599999974 ], [ -51.231950280625377, -30.111241716052 ], [ -51.232619899999975, -30.111492899999966 ], [ -51.232847499999934, -30.110981 ], [ -51.231586399999969, -30.110436499999928 ], [ -51.231448399999977, -30.110322899999968 ], [ -51.232008399999984, -30.109210899999933 ], [ -51.233100299999933, -30.106954699999953 ], [ -51.233612799999946, -30.105831899999938 ], [ -51.232691950173901, -30.105502142710257 ], [ -51.23381379999995, -30.103003099999963 ], [ -51.234842899999933, -30.100722099999931 ], [ -51.234802314168618, -30.100708468289536 ], [ -51.235432799999955, -30.099297399999958 ], [ -51.235868399999958, -30.098132799999973 ], [ -51.232306699999981, -30.097255199999946 ], [ -51.232434799999965, -30.097281799999966 ], [ -51.233862199999976, -30.097629599999948 ], [ -51.234417099999973, -30.097774699999942 ], [ -51.236602799999957, -30.098310799999979 ], [ -51.237661299999957, -30.09513679999997 ], [ -51.237595699999986, -30.094799499999962 ], [ -51.237519799999973, -30.094737199999926 ], [ -51.237301299999956, -30.094691499999943 ], [ -51.237230599999975, -30.094518699999973 ], [ -51.236923299999944, -30.094634699999972 ], [ -51.236604499999942, -30.094638799999988 ], [ -51.23644939999997, -30.094407099999941 ], [ -51.236431499999981, -30.094230199999977 ], [ -51.236302099999932, -30.094069599999948 ], [ -51.23624929999994, -30.093838399999974 ], [ -51.235981, -30.09350529999994 ], [ -51.235651299999972, -30.092895599999956 ], [ -51.235532699999965, -30.092774699999953 ], [ -51.235496699999942, -30.092557399999972 ], [ -51.235292899999934, -30.092250099999944 ], [ -51.233301599999947, -30.092793599999929 ], [ -51.231775899999946, -30.093266299999978 ], [ -51.226837399999965, -30.094739399999977 ], [ -51.225606099999936, -30.095134 ], [ -51.22566703991663, -30.095172173958542 ], [ -51.22473, -30.096838699999974 ], [ -51.224644699999942, -30.097180399999953 ], [ -51.224661, -30.097498899999945 ], [ -51.224758099999974, -30.097746699999952 ], [ -51.225433399999986, -30.098731899999962 ], [ -51.225453399999935, -30.098903 ], [ -51.22531349999997, -30.099765899999966 ], [ -51.225224199999957, -30.100035899999959 ], [ -51.22480859999996, -30.100716699999957 ], [ -51.224485199999947, -30.101069 ], [ -51.223857899999985, -30.101543299999935 ], [ -51.223630399999941, -30.101854399999979 ], [ -51.22281879999997, -30.104533199999928 ], [ -51.22267039999997, -30.105333699999957 ], [ -51.222082199999932, -30.107303499999947 ], [ -51.220577, -30.108577799999978 ], [ -51.219014199999947, -30.110441 ], [ -51.219218, -30.110464399999948 ], [ -51.219586199999981, -30.110317399999939 ], [ -51.220058799999947, -30.109846599999962 ], [ -51.220223899999951, -30.109769799999977 ], [ -51.220711799999947, -30.109775899999935 ], [ -51.221639799999934, -30.109912599999973 ], [ -51.224593099999936, -30.109335599999937 ], [ -51.224817899999948, -30.109419699999926 ], [ -51.225217699999973, -30.109944699999971 ], [ -51.225425899999948, -30.110102199999965 ], [ -51.226919399999986, -30.11066639999995 ], [ -51.226671799999963, -30.112196099999952 ], [ -51.226355499999954, -30.113854299999957 ], [ -51.226174799999967, -30.114305199999936 ], [ -51.224777399999937, -30.116596399999931 ], [ -51.224554499999954, -30.117181099999975 ], [ -51.224465899999984, -30.117571399999971 ], [ -51.224147799999969, -30.120064899999939 ], [ -51.222808399999963, -30.121465599999961 ], [ -51.221593799999944, -30.122571199999975 ], [ -51.221228199999985, -30.122988599999921 ], [ -51.220275599999979, -30.124840099999965 ], [ -51.220114899999942, -30.125316399999971 ], [ -51.220064299999933, -30.125817699999967 ], [ -51.22007149999996, -30.126587099999927 ], [ -51.22000369999995, -30.126903099999929 ], [ -51.217607799999939, -30.126832499999978 ], [ -51.217075199999961, -30.12694549999998 ], [ -51.216065499999957, -30.127062899999942 ], [ -51.215267799999943, -30.126961699999974 ], [ -51.214819099999943, -30.126893099999954 ], [ -51.214367, -30.126825199999931 ], [ -51.213289, -30.12666489999998 ], [ -51.213230099999976, -30.127855899999926 ], [ -51.213191199999983, -30.128761299999944 ], [ -51.213119499999948, -30.129284499999972 ], [ -51.212688199999945, -30.13039329999998 ], [ -51.21215159999997, -30.131019399999964 ], [ -51.21224159999997, -30.131297799999967 ], [ -51.212356299999954, -30.131430599999923 ], [ -51.213114599999983, -30.131761199999971 ], [ -51.213623899999959, -30.132163199999976 ], [ -51.213920099999939, -30.132121199999961 ], [ -51.214057499999967, -30.131963599999938 ], [ -51.214640499999973, -30.131952299999966 ], [ -51.214965, -30.131950399999937 ], [ -51.21600879999994, -30.131945399999942 ], [ -51.216893599999935, -30.131961799999939 ], [ -51.218064799999979, -30.132148399999938 ], [ -51.218026399999985, -30.131711 ], [ -51.223293099999978, -30.131197199999974 ], [ -51.223352399999953, -30.130069699999986 ], [ -51.223545799999954, -30.129091699999954 ], [ -51.223395, -30.128584799999928 ], [ -51.222906899999941, -30.127480799999944 ], [ -51.222670599999958, -30.12664739999996 ], [ -51.222593499999967, -30.125987899999988 ], [ -51.223104399999954, -30.125250699999977 ], [ -51.223661899999968, -30.124245199999965 ], [ -51.223880099999974, -30.124043799999981 ], [ -51.224177199999986, -30.12415539999995 ], [ -51.225384899999938, -30.12443409999997 ], [ -51.22654719999997, -30.124889099999955 ], [ -51.22717259999996, -30.125210699999965 ], [ -51.228804399999945, -30.126232799999965 ], [ -51.229142799999977, -30.126341199999953 ], [ -51.229406199999971, -30.126241199999981 ], [ -51.229544399999952, -30.126002299999982 ], [ -51.231060799999973, -30.121639 ], [ -51.231324799999982, -30.121635799999975 ], [ -51.231714, -30.121224599999945 ], [ -51.23239209999997, -30.120684299999926 ], [ -51.232673699999964, -30.120349599999933 ], [ -51.232795299999964, -30.120135399999981 ], [ -51.233029599999952, -30.119434699999939 ], [ -51.233111, -30.118918599999969 ], [ -51.233051599999953, -30.118289799999957 ], [ -51.232800499999939, -30.117657199999933 ], [ -51.232516899999951, -30.117226 ], [ -51.232422199999974, -30.116936099999965 ], [ -51.232422699999972, -30.116546399999944 ], [ -51.232522299999971, -30.11624019999994 ], [ -51.232922, -30.115746699999924 ], [ -51.233112399999982, -30.115583099999977 ], [ -51.233730599999944, -30.11522449999995 ], [ -51.234238, -30.114783499999923 ], [ -51.234449299999937, -30.11450769999993 ], [ -51.234917899999971, -30.113687 ], [ -51.232284599999957, -30.112681299999956 ], [ -51.23075, -30.112074399999976 ], [ -51.229753499999958, -30.111697799999941 ] ], [ [ -51.229716199999984, -30.111633 ], [ -51.229735449853798, -30.111593109152192 ], [ -51.229753499999958, -30.111697799999941 ], [ -51.229716199999984, -30.111633 ] ], [ [ -51.234852799999942, -30.096424899999924 ], [ -51.235272099999975, -30.095148199999976 ], [ -51.234417099999973, -30.097774699999942 ], [ -51.234852799999942, -30.096424899999924 ] ], [ [ -51.234128, -30.094143899999949 ], [ -51.232366699999943, -30.09471 ], [ -51.235981, -30.09350529999994 ], [ -51.234128, -30.094143899999949 ] ], [ [ -51.224321099999941, -30.120240599999935 ], [ -51.224336642843141, -30.120266409675345 ], [ -51.224147799999969, -30.120064899999939 ], [ -51.224321099999941, -30.120240599999935 ] ], [ [ -51.215421499999941, -30.130287199999938 ], [ -51.215729799999963, -30.129174799999927 ], [ -51.214965, -30.131950399999937 ], [ -51.215421499999941, -30.130287199999938 ] ], [ [ -51.215574799999956, -30.129104699999964 ], [ -51.215143799999964, -30.128901199999973 ], [ -51.216655499999945, -30.129592399999972 ], [ -51.215729799999963, -30.129174799999927 ], [ -51.215574799999956, -30.129104699999964 ] ], [ [ -51.218051399999986, -30.131337799999979 ], [ -51.218123824480543, -30.131027403605035 ], [ -51.218026399999985, -30.131711 ], [ -51.218051399999986, -30.131337799999979 ] ], [ [ -51.231077099999936, -30.115709599999946 ], [ -51.231758899999932, -30.113981499999966 ], [ -51.232284599999957, -30.112681299999956 ], [ -51.231077099999936, -30.115709599999946 ] ], [ [ -51.230951312100167, -30.097447211042248 ], [ -51.229931799999974, -30.097312299999942 ], [ -51.230862499999944, -30.097421899999965 ], [ -51.230951312100167, -30.097447211042248 ] ], [ [ -51.228976699999976, -30.097105299999949 ], [ -51.228184699999986, -30.096925099999961 ], [ -51.229931799999974, -30.097312299999942 ], [ -51.228976699999976, -30.097105299999949 ] ], [ [ -51.227714799999944, -30.096739099999976 ], [ -51.227607193250044, -30.096672396400617 ], [ -51.228184699999986, -30.096925099999961 ], [ -51.227714799999944, -30.096739099999976 ] ], [ [ -51.231299699999973, -30.097546499999954 ], [ -51.231347935225678, -30.097591834025216 ], [ -51.231203771010236, -30.097519160676718 ], [ -51.231299699999973, -30.097546499999954 ] ], [ [ -51.231624099999976, -30.098055 ], [ -51.231613338686955, -30.098148511409445 ], [ -51.231612846852116, -30.098022929584172 ], [ -51.231624099999976, -30.098055 ] ], [ [ -51.23157029999993, -30.09852249999993 ], [ -51.231549199999961, -30.098670399999939 ], [ -51.231516056572097, -30.098898283187452 ], [ -51.231583461366533, -30.098408133106201 ], [ -51.23157029999993, -30.09852249999993 ] ], [ [ -51.230956699999979, -30.102466099999962 ], [ -51.230920031350095, -30.102530604763732 ], [ -51.231079899999941, -30.10206989999994 ], [ -51.230956699999979, -30.102466099999962 ] ], [ [ -51.229975, -30.104529199999938 ], [ -51.229683099999932, -30.105401 ], [ -51.230190199999981, -30.10385319999995 ], [ -51.229975, -30.104529199999938 ] ], [ [ -51.227207976476528, -30.108331176590625 ], [ -51.227240799999947, -30.108177899999927 ], [ -51.227463299999954, -30.107664 ], [ -51.227207976476528, -30.108331176590625 ] ], [ [ -51.227064534916273, -30.109235413959727 ], [ -51.227109699999971, -30.108790099999958 ], [ -51.227159599665548, -30.108557082644694 ], [ -51.227064534916273, -30.109235413959727 ] ], [ [ -51.22971159999998, -30.113471799999957 ], [ -51.231315399999978, -30.114152899999958 ], [ -51.231046699999979, -30.11403879999995 ], [ -51.22971159999998, -30.113471799999957 ] ], [ [ -51.229426222770549, -30.115443879753524 ], [ -51.229832399999964, -30.11432 ], [ -51.229661199999953, -30.114866699999936 ], [ -51.229426436840882, -30.115443945842728 ], [ -51.229426222770549, -30.115443879753524 ] ], [ [ -51.229468799999957, -30.107876399999949 ], [ -51.229286899999977, -30.108281199999965 ], [ -51.228789699999936, -30.109352699999931 ], [ -51.229468799999957, -30.107876399999949 ] ], [ [ -51.224448499999937, -30.107754 ], [ -51.224349134380873, -30.107755331383849 ], [ -51.22457049999997, -30.10771759999994 ], [ -51.224448499999937, -30.107754 ] ], [ [ -51.225426599999935, -30.107103199999983 ], [ -51.226091799999949, -30.106630799999955 ], [ -51.226113463020475, -30.106633168352047 ], [ -51.22457049999997, -30.10771759999994 ], [ -51.225426599999935, -30.107103199999983 ] ], [ [ -51.226831723805539, -30.106756205725674 ], [ -51.22627989831205, -30.106651364215853 ], [ -51.226384499999938, -30.106662799999988 ], [ -51.226831723805539, -30.106756205725674 ] ], [ [ -51.227059599999961, -30.106799499999962 ], [ -51.227030113390789, -30.106793897829238 ], [ -51.22708226092486, -30.106782642965783 ], [ -51.227059599999961, -30.106799499999962 ] ], [ [ -51.228808511863463, -30.10131118378715 ], [ -51.228551099999947, -30.101225199999934 ], [ -51.227787699999972, -30.100960399999963 ], [ -51.228808511863463, -30.10131118378715 ] ], [ [ -51.227174, -30.106714399999923 ], [ -51.227157876885187, -30.106726393680571 ], [ -51.22792, -30.103910399999954 ], [ -51.227174, -30.106714399999923 ] ], [ [ -51.226545599999952, -30.095846299999941 ], [ -51.227461839125205, -30.096582293843692 ], [ -51.227270199999964, -30.096463499999963 ], [ -51.226476847679471, -30.095789163627803 ], [ -51.226545599999952, -30.095846299999941 ] ], [ [ -51.225702437054856, -30.095194347419902 ], [ -51.225940699999967, -30.095343599999968 ], [ -51.226009211405447, -30.095400536160543 ], [ -51.225702437054856, -30.095194347419902 ] ], [ [ -51.225981899999965, -30.10065609999997 ], [ -51.226096850729625, -30.100666779033574 ], [ -51.225819405481374, -30.100664492710976 ], [ -51.225981899999965, -30.10065609999997 ] ], [ [ -51.218514294398645, -30.129767059694842 ], [ -51.218209644290035, -30.130659597591389 ], [ -51.21823089999998, -30.130568499999974 ], [ -51.218514294398645, -30.129767059694842 ] ], [ [ -51.213518799999974, -30.130160499999914 ], [ -51.21365909999998, -30.129896599999935 ], [ -51.213539399999945, -30.130130599999976 ], [ -51.213447799999983, -30.130490399999928 ], [ -51.213518799999974, -30.130160499999914 ] ], [ [ -51.214810599999964, -30.131045499999971 ], [ -51.214654399999972, -30.131652099999936 ], [ -51.214616695556266, -30.131678857187836 ], [ -51.214810599999964, -30.131045499999971 ] ], [ [ -51.214639894296063, -30.128725747904582 ], [ -51.214383811963188, -30.129031453736303 ], [ -51.214540699999986, -30.128840699999962 ], [ -51.214639894296063, -30.128725747904582 ] ], [ [ -51.218950099999972, -30.128534599999963 ], [ -51.2191744, -30.128149199999942 ], [ -51.218909402524034, -30.128649692597726 ], [ -51.218950099999972, -30.128534599999963 ] ] ] } },
{ "type": "Feature", "properties": { "ltla_code": "Centro Histórico", "ltla_name": "Centro Histórico" }, "geometry": { "type": "Polygon", "coordinates": [ [ [ -51.230519499999957, -30.037650599999946 ], [ -51.231089099999963, -30.037485599999968 ], [ -51.232033399999978, -30.037396499999943 ], [ -51.232978699999933, -30.037315799999934 ], [ -51.237073499999951, -30.037265799999933 ], [ -51.239385099999936, -30.037016399999963 ], [ -51.239862399999936, -30.036864599999941 ], [ -51.240185199999985, -30.036703299999942 ], [ -51.240809499999955, -30.036255099999948 ], [ -51.241009399999939, -30.035690699999968 ], [ -51.240995199999986, -30.035519099999927 ], [ -51.240632599999977, -30.034563 ], [ -51.24265749999995, -30.035202099999921 ], [ -51.24265459999998, -30.035128099999959 ], [ -51.242482099999961, -30.034997899999944 ], [ -51.24253269999997, -30.034898599999956 ], [ -51.24242639999995, -30.034834799999938 ], [ -51.241706299999976, -30.034789299999936 ], [ -51.241937199999938, -30.03416639999994 ], [ -51.242207599999972, -30.034257599999933 ], [ -51.242246099999932, -30.03413 ], [ -51.24131639999996, -30.033842299999947 ], [ -51.241472399999964, -30.03364589999995 ], [ -51.24175189999994, -30.033540499999955 ], [ -51.241847099999973, -30.033404799999964 ], [ -51.241905799999984, -30.033226599999978 ], [ -51.241892699999937, -30.032954199999942 ], [ -51.241663799999969, -30.032770799999984 ], [ -51.241490599999963, -30.032783 ], [ -51.241271899999958, -30.032723199999957 ], [ -51.241518, -30.032575399999914 ], [ -51.241487599999971, -30.032526799999967 ], [ -51.240867799999933, -30.032873099999954 ], [ -51.240653099999975, -30.032773899999931 ], [ -51.241224299999942, -30.032417399999932 ], [ -51.241219199999932, -30.031845199999964 ], [ -51.241042, -30.031745899999969 ], [ -51.241012599999976, -30.031563599999959 ], [ -51.227767799999981, -30.025090099999943 ], [ -51.227763799999934, -30.025673499999975 ], [ -51.227192599999967, -30.025661299999957 ], [ -51.2272129, -30.024814699999979 ], [ -51.226301399999961, -30.024381199999929 ], [ -51.226293299999952, -30.025304899999977 ], [ -51.22570989999997, -30.025025299999982 ], [ -51.225726099999974, -30.023911299999945 ], [ -51.22449869999997, -30.023307699999972 ], [ -51.224482499999965, -30.024421699999944 ], [ -51.223599399999955, -30.024000399999984 ], [ -51.22361559999996, -30.022647399999983 ], [ -51.222213899999986, -30.021970899999925 ], [ -51.221869599999934, -30.02317 ], [ -51.220998599999973, -30.022748699999958 ], [ -51.221415899999954, -30.021245699999955 ], [ -51.220974299999966, -30.020854799999935 ], [ -51.220875099999944, -30.020836599999935 ], [ -51.220111599999939, -30.021682499999933 ], [ -51.219905, -30.021682499999937 ], [ -51.218908, -30.020818599999981 ], [ -51.218028599999968, -30.021343099999957 ], [ -51.218149799999935, -30.021753299999936 ], [ -51.218110699999954, -30.022541399999973 ], [ -51.21798, -30.022759599999965 ], [ -51.217977299999973, -30.022858 ], [ -51.218182599999984, -30.02313319999995 ], [ -51.218974799999955, -30.023799199999932 ], [ -51.21923529999998, -30.024440499999958 ], [ -51.219219099999975, -30.024573299999918 ], [ -51.218958499999985, -30.025052199999948 ], [ -51.218910899999969, -30.025223199999957 ], [ -51.218959699999971, -30.025635799999979 ], [ -51.219473499999935, -30.02661119999993 ], [ -51.219588399999964, -30.026941499999957 ], [ -51.21956229999995, -30.027917299999952 ], [ -51.219479199999967, -30.029482499999972 ], [ -51.219952207468694, -30.029504537182763 ], [ -51.21940879999994, -30.029482499999965 ], [ -51.219375199999952, -30.030431399999937 ], [ -51.219615099999942, -30.030907799999945 ], [ -51.221749699999975, -30.034180899999967 ], [ -51.221574699999962, -30.033917099999936 ], [ -51.221583099999975, -30.034032799999974 ], [ -51.221477099999959, -30.034150299999954 ], [ -51.220677699999953, -30.034247899999968 ], [ -51.220941099999948, -30.034537 ], [ -51.221298699999977, -30.034753899999927 ], [ -51.221654199999932, -30.034890299999969 ], [ -51.222183899999948, -30.035004899999933 ], [ -51.223454299999958, -30.035120699999933 ], [ -51.223797399999967, -30.035215399999959 ], [ -51.224210399999947, -30.035382399999939 ], [ -51.224722099999958, -30.035800699999982 ], [ -51.225968099999932, -30.037217699999925 ], [ -51.227021, -30.038296199999934 ], [ -51.227761799999939, -30.038687699999965 ], [ -51.228371, -30.038700199999941 ], [ -51.229019599999958, -30.038611199999931 ], [ -51.229437699999949, -30.038436699999973 ], [ -51.230164599999966, -30.037856099999939 ], [ -51.230519499999957, -30.037650599999946 ] ], [ [ -51.239643199999932, -30.034298699999958 ], [ -51.238338499999941, -30.033919799999968 ], [ -51.239521499999967, -30.034260899999939 ], [ -51.240632599999977, -30.034563 ], [ -51.239643199999932, -30.034298699999958 ] ], [ [ -51.224790799999937, -30.035742199999948 ], [ -51.224838355206415, -30.035707213176664 ], [ -51.224722099999958, -30.035800699999982 ], [ -51.224790799999937, -30.035742199999948 ] ], [ [ -51.229974299999981, -30.036163199999972 ], [ -51.230115799999965, -30.03737679999994 ], [ -51.230164599999966, -30.037856099999939 ], [ -51.229974299999981, -30.036163199999972 ] ], [ [ -51.229676099999949, -30.036149699999957 ], [ -51.228879599999971, -30.036112699999929 ], [ -51.229974299999981, -30.036163199999972 ], [ -51.229676099999949, -30.036149699999957 ] ], [ [ -51.228027499999939, -30.034956699999952 ], [ -51.228114299999959, -30.03500569999995 ], [ -51.229974299999981, -30.036163199999972 ], [ -51.228027499999939, -30.034956699999952 ] ], [ [ -51.227012732783209, -30.03490255952568 ], [ -51.227249499999971, -30.034910499999953 ], [ -51.228027499999939, -30.034956699999952 ], [ -51.227012732783209, -30.03490255952568 ] ], [ [ -51.233634399999971, -30.030396899999971 ], [ -51.232226699999956, -30.029910899999944 ], [ -51.230426199999954, -30.029278699999946 ], [ -51.235488699999962, -30.031031 ], [ -51.233634399999971, -30.030396899999971 ] ], [ [ -51.233034, -30.03232069999995 ], [ -51.230527099999961, -30.031586599999969 ], [ -51.231351399999937, -30.031822199999958 ], [ -51.233034, -30.03232069999995 ] ], [ [ -51.229978099999983, -30.030465199999966 ], [ -51.229980302707283, -30.030288545527977 ], [ -51.230052599999965, -30.031565299999958 ], [ -51.229978099999983, -30.030465199999966 ] ], [ [ -51.227851199999975, -30.031561299999961 ], [ -51.229520499999978, -30.031561699999934 ], [ -51.227779699999985, -30.031563799999951 ], [ -51.227851199999975, -30.031561299999961 ] ], [ [ -51.231586099999959, -30.033340399999926 ], [ -51.229678299999932, -30.033487 ], [ -51.232390799999962, -30.033274399999989 ], [ -51.231586099999959, -30.033340399999926 ] ], [ [ -51.227855499999976, -30.03251019999994 ], [ -51.227952, -30.032554 ], [ -51.229678299999932, -30.033487 ], [ -51.227855499999976, -30.03251019999994 ] ], [ [ -51.233706926857138, -30.03489329936578 ], [ -51.233744099999967, -30.034885399999951 ], [ -51.235235699999976, -30.034857199999973 ], [ -51.233706926857138, -30.03489329936578 ] ], [ [ -51.238007499999981, -30.034762799999946 ], [ -51.237716599999942, -30.035494799999977 ], [ -51.237872299999935, -30.035077299999944 ], [ -51.238007499999981, -30.034762799999946 ] ], [ [ -51.235652918791672, -30.034098058406286 ], [ -51.236545799999931, -30.034327799999964 ], [ -51.238007499999981, -30.034762799999946 ], [ -51.235652918791672, -30.034098058406286 ] ], [ [ -51.237441343291259, -30.036251585163484 ], [ -51.238226057400389, -30.036341494780078 ], [ -51.237907399999983, -30.036325 ], [ -51.237441343291259, -30.036251585163484 ] ], [ [ -51.236239799999964, -30.03605089999996 ], [ -51.237437251010618, -30.036250940533531 ], [ -51.235823899999957, -30.03599679999996 ], [ -51.236239799999964, -30.03605089999996 ] ], [ [ -51.233761899999934, -30.036451099999962 ], [ -51.235463099999947, -30.036062 ], [ -51.235823899999957, -30.03599679999996 ], [ -51.233761899999934, -30.036451099999962 ] ], [ [ -51.236199708344074, -30.032132424304816 ], [ -51.235740599999986, -30.033136299999967 ], [ -51.23533848736588, -30.034014743030419 ], [ -51.235338486932456, -30.034014742920988 ], [ -51.236199707865595, -30.032132424140244 ], [ -51.236199708344074, -30.032132424304816 ] ], [ [ -51.232578, -30.035058499999941 ], [ -51.233107399999938, -30.035020699999965 ], [ -51.231747856490585, -30.035123722919916 ], [ -51.231747855575605, -30.035123712832501 ], [ -51.232578, -30.035058499999941 ] ], [ [ -51.226903299999947, -30.030838199999945 ], [ -51.226849, -30.03026409999995 ], [ -51.22670649384807, -30.028269940240786 ], [ -51.226962399999934, -30.031569099999956 ], [ -51.226903299999947, -30.030838199999945 ] ], [ [ -51.225855399999944, -30.030918499999977 ], [ -51.224806599999965, -30.030998399999927 ], [ -51.226903299999947, -30.030838199999945 ], [ -51.225855399999944, -30.030918499999977 ] ], [ [ -51.225153180529041, -30.032611708210286 ], [ -51.225153160753294, -30.032611692623533 ], [ -51.22600929999993, -30.032583499999927 ], [ -51.227044099999944, -30.03255879999994 ], [ -51.225153180529041, -30.032611708210286 ] ], [ [ -51.226728, -30.032344099999925 ], [ -51.227041906134666, -30.032532223886552 ], [ -51.227044099999944, -30.03255879999994 ], [ -51.226728, -30.032344099999925 ] ], [ [ -51.225769599999978, -30.033097199999922 ], [ -51.225544199999945, -30.032919899999953 ], [ -51.225343485800302, -30.032761702076314 ], [ -51.226133699999934, -30.033373599999944 ], [ -51.225769599999978, -30.033097199999922 ] ], [ [ -51.224781499999949, -30.03387529999997 ], [ -51.22481259999995, -30.03385239999994 ], [ -51.227096071764223, -30.033747105913093 ], [ -51.224781499999949, -30.03387529999997 ] ], [ [ -51.226240599999983, -30.035937899999961 ], [ -51.226046, -30.037067 ], [ -51.226392025596624, -30.03488174283698 ], [ -51.226392172359816, -30.034881747758984 ], [ -51.226240599999983, -30.035937899999961 ] ], [ [ -51.227242499999932, -30.036017499999947 ], [ -51.227334799999937, -30.036032199999969 ], [ -51.226240599999983, -30.035937899999961 ], [ -51.227242499999932, -30.036017499999947 ] ], [ [ -51.224753299999975, -30.030412599999966 ], [ -51.224698099999955, -30.029705399999948 ], [ -51.224695802254132, -30.029670957535689 ], [ -51.224753299999975, -30.030412599999966 ] ], [ [ -51.223179453791431, -30.032538214117533 ], [ -51.223124835112998, -30.032493300364976 ], [ -51.223124836011827, -30.032493299261908 ], [ -51.22317739999994, -30.032536499999932 ], [ -51.223179453791431, -30.032538214117533 ] ] ] } },
{ "type": "Feature", "properties": { "ltla_code": "Chapéu do Sol", "ltla_name": "Chapéu do Sol" }, "geometry": { "type": "Polygon", "coordinates": [ [ [ -51.161780199999953, -30.187391099999953 ], [ -51.164878, -30.184977399999983 ], [ -51.167320099999984, -30.183148299999967 ], [ -51.167865699999936, -30.18320249999994 ], [ -51.169105, -30.184405 ], [ -51.169274099999939, -30.184322499999947 ], [ -51.169224346138307, -30.184315170937833 ], [ -51.169303899999932, -30.184316499999969 ], [ -51.170247, -30.183893899999926 ], [ -51.17127359999995, -30.185086799999972 ], [ -51.175190599999951, -30.183287699999941 ], [ -51.175732799999935, -30.18135379999995 ], [ -51.175980799999934, -30.178805399999924 ], [ -51.176229299999932, -30.175944199999943 ], [ -51.176258299999972, -30.175660899999958 ], [ -51.176392399999941, -30.175061599999928 ], [ -51.176653099999953, -30.174624199999979 ], [ -51.179873199999975, -30.171353599999975 ], [ -51.180094799999949, -30.17098349999997 ], [ -51.180640899999958, -30.169518 ], [ -51.180200199999945, -30.169447699999981 ], [ -51.179659799999968, -30.169269399999951 ], [ -51.179497499999968, -30.169300799999977 ], [ -51.17921709999996, -30.169202 ], [ -51.179084299999943, -30.169242299999954 ], [ -51.178337599999963, -30.169050599999927 ], [ -51.177976899999976, -30.169031399999938 ], [ -51.177630199999953, -30.168913399999937 ], [ -51.177298199999939, -30.16898469999995 ], [ -51.177063699999962, -30.169102499999951 ], [ -51.176895099999967, -30.169115899999948 ], [ -51.176468, -30.169262399999973 ], [ -51.176068099999959, -30.169467299999955 ], [ -51.175752599999953, -30.169527099999979 ], [ -51.174963899999966, -30.169886 ], [ -51.17404259999995, -30.170143199999977 ], [ -51.173740499999951, -30.17026439999994 ], [ -51.17355809999998, -30.170399599999936 ], [ -51.173073799999941, -30.170498399999939 ], [ -51.172836599999982, -30.170637299999949 ], [ -51.172262399999966, -30.170831199999949 ], [ -51.171857299999942, -30.17103319999995 ], [ -51.171457299999986, -30.171366399999947 ], [ -51.170971599999973, -30.17189059999998 ], [ -51.17052179999996, -30.172100799999946 ], [ -51.17021989999995, -30.172195699999968 ], [ -51.169628, -30.172201799999982 ], [ -51.168116899999973, -30.171620099999984 ], [ -51.167789699999965, -30.171343299999929 ], [ -51.16749249999998, -30.170955399999965 ], [ -51.167257499999948, -30.170370399999968 ], [ -51.16726129999995, -30.170083599999927 ], [ -51.167171499999938, -30.169702499999961 ], [ -51.167068699999959, -30.168783699999942 ], [ -51.166904799999941, -30.167978699999928 ], [ -51.16679849999997, -30.167694799999936 ], [ -51.16685039999993, -30.167316399999951 ], [ -51.166797199999962, -30.16704739999993 ], [ -51.166760599999982, -30.166921299999949 ], [ -51.166592099999946, -30.166735299999971 ], [ -51.166570299999933, -30.166492099999967 ], [ -51.16641809999993, -30.166324499999963 ], [ -51.166024099999959, -30.166111899999979 ], [ -51.165710699999977, -30.166040499999948 ], [ -51.165138899999931, -30.165806399999948 ], [ -51.164080099999978, -30.165529099999951 ], [ -51.162167499999953, -30.164915199999928 ], [ -51.161509499999966, -30.16476409999995 ], [ -51.161342599999955, -30.164673199999974 ], [ -51.160879399999942, -30.164565399999951 ], [ -51.160575, -30.164412899999935 ], [ -51.160475899999938, -30.164423899999971 ], [ -51.159853399999974, -30.164236099999986 ], [ -51.159099099999942, -30.16365 ], [ -51.158599299999935, -30.163121499999924 ], [ -51.158499799999959, -30.162957899999974 ], [ -51.158476499999949, -30.162742099999942 ], [ -51.158258899999964, -30.162010099999964 ], [ -51.157028499999967, -30.162543599999928 ], [ -51.156245599999977, -30.163028699999987 ], [ -51.155762699999968, -30.16349839999998 ], [ -51.155506, -30.164024399999963 ], [ -51.155236199999933, -30.165559499999972 ], [ -51.155085199999974, -30.166060499999958 ], [ -51.153994599999976, -30.167856899999943 ], [ -51.149492699999939, -30.171682899999951 ], [ -51.145739, -30.175749399999976 ], [ -51.144757199999958, -30.176571199999941 ], [ -51.143336699999963, -30.177928599999969 ], [ -51.142876699999931, -30.178563 ], [ -51.141910899999971, -30.180326899999947 ], [ -51.141844199999987, -30.180609799999953 ], [ -51.141761299999985, -30.181518399999955 ], [ -51.141464599999949, -30.182297499999944 ], [ -51.141016399999955, -30.182989799999969 ], [ -51.140607199999977, -30.18332159999995 ], [ -51.141076299999952, -30.183390499999966 ], [ -51.141902, -30.183414499999962 ], [ -51.142976699999963, -30.183833199999974 ], [ -51.143213099999969, -30.183884599999931 ], [ -51.14549169999998, -30.18387029999996 ], [ -51.146114, -30.183950599999939 ], [ -51.147458899999947, -30.184473099999924 ], [ -51.14945629999994, -30.185816 ], [ -51.150324499999954, -30.186305599999969 ], [ -51.150989, -30.186561899999955 ], [ -51.151769899999977, -30.186678599999929 ], [ -51.152200899999968, -30.186696099999946 ], [ -51.154594499999973, -30.18657879999995 ], [ -51.157281699999942, -30.1868042 ], [ -51.157552299999963, -30.186909399999923 ], [ -51.157874499999934, -30.187203699999948 ], [ -51.159304599999984, -30.189222399999935 ], [ -51.160684, -30.188110199999976 ], [ -51.160976099999971, -30.187772699999986 ], [ -51.161174457223119, -30.187379348930843 ], [ -51.16115689999998, -30.187425699999942 ], [ -51.161780199999953, -30.187391099999953 ] ], [ [ -51.174488899999972, -30.177228899999928 ], [ -51.174469299999942, -30.177448499999961 ], [ -51.174496499999975, -30.176836699999953 ], [ -51.174488899999972, -30.177228899999928 ] ], [ [ -51.172293138355698, -30.177172058252346 ], [ -51.172340099999985, -30.177193 ], [ -51.172359998834636, -30.177225409112427 ], [ -51.172293138355698, -30.177172058252346 ] ], [ [ -51.172112143532878, -30.177100677868165 ], [ -51.172131099999952, -30.177099799999937 ], [ -51.172162623487168, -30.177113857363615 ], [ -51.172112143532878, -30.177100677868165 ] ], [ [ -51.171044499999937, -30.177292599999934 ], [ -51.171854699999983, -30.17711259999993 ], [ -51.172029800547158, -30.177104491146807 ], [ -51.171044499999937, -30.177292599999934 ] ], [ [ -51.167521199999953, -30.178319299999941 ], [ -51.166720145548446, -30.178444134800753 ], [ -51.166734299999973, -30.178439799999975 ], [ -51.168878499999956, -30.178090499999936 ], [ -51.167521199999953, -30.178319299999941 ] ], [ [ -51.166430399558443, -30.178546929245424 ], [ -51.166462299999978, -30.178523099999939 ], [ -51.166576180774413, -30.178488224012785 ], [ -51.166430399558443, -30.178546929245424 ] ], [ [ -51.166145647966296, -30.178791259962352 ], [ -51.166221599999972, -30.178702899999962 ], [ -51.1663000868759, -30.178644271249262 ], [ -51.166145647966296, -30.178791259962352 ] ], [ [ -51.16167016433036, -30.174676047028406 ], [ -51.161779099999933, -30.174836 ], [ -51.161835273403319, -30.17500261041625 ], [ -51.16167016433036, -30.174676047028406 ] ], [ [ -51.159752799999978, -30.172637899999977 ], [ -51.161477599999955, -30.174393299999966 ], [ -51.161563296633993, -30.174519130513705 ], [ -51.159752799999978, -30.172637899999977 ] ], [ [ -51.155921199999966, -30.167955599999974 ], [ -51.156070099999965, -30.167988699999963 ], [ -51.15610400858511, -30.168018796310641 ], [ -51.155921199999966, -30.167955599999974 ] ], [ [ -51.173317899999972, -30.178620499999958 ], [ -51.1742822639306, -30.178725856113044 ], [ -51.173523399999965, -30.17867009999998 ], [ -51.173317899999972, -30.178620499999958 ] ], [ [ -51.17280264883486, -30.177946872544389 ], [ -51.173136699999986, -30.178495 ], [ -51.173039499999959, -30.17836 ], [ -51.17280264883486, -30.177946872544389 ] ], [ [ -51.169168839493388, -30.184306994453937 ], [ -51.169155299999943, -30.184305 ], [ -51.169137447977171, -30.18428215911883 ], [ -51.169168839493388, -30.184306994453937 ] ], [ [ -51.169096087213759, -30.184229239833911 ], [ -51.169089099999951, -30.184220299999925 ], [ -51.167690599999958, -30.180224499999937 ], [ -51.169096087213759, -30.184229239833911 ] ], [ [ -51.174862, -30.174576699999925 ], [ -51.174939869297923, -30.174392615812 ], [ -51.174761499999931, -30.174814399999935 ], [ -51.174862, -30.174576699999925 ] ], [ [ -51.171746299999946, -30.174280099999969 ], [ -51.17366047945967, -30.174833387306272 ], [ -51.171323599999937, -30.174162799999984 ], [ -51.171746299999946, -30.174280099999969 ] ], [ [ -51.172193099999959, -30.173173599999977 ], [ -51.171945699999981, -30.17378629999995 ], [ -51.171746299999946, -30.174280099999969 ], [ -51.172193099999959, -30.173173599999977 ] ] ] } },
{ "type": "Feature", "properties": { "ltla_code": "Chácara das Pedras", "ltla_name": "Chácara das Pedras" }, "geometry": { "type": "Polygon", "coordinates": [ [ [ -51.161406899999974, -30.040133299999972 ], [ -51.162100099999975, -30.039971099999935 ], [ -51.162566199999958, -30.039934299999963 ], [ -51.163080499999978, -30.039961499999944 ], [ -51.166002499999934, -30.040426299999975 ], [ -51.169294399999956, -30.040959799999936 ], [ -51.16933419999998, -30.04028519999996 ], [ -51.169151, -30.039743799999947 ], [ -51.168736899999942, -30.039318499999986 ], [ -51.167845899999975, -30.038828099999932 ], [ -51.168383199999937, -30.038203399999922 ], [ -51.167720799999984, -30.03775359999997 ], [ -51.166915599999982, -30.035382099999939 ], [ -51.16692519999998, -30.034525299999924 ], [ -51.16687289999993, -30.034154899999976 ], [ -51.166697, -30.033628099999923 ], [ -51.166534, -30.031751 ], [ -51.166189499999973, -30.030855599999949 ], [ -51.166046299999948, -30.03065139999994 ], [ -51.165847699999972, -30.028138599999973 ], [ -51.163253599999962, -30.028049 ], [ -51.160847, -30.028019899999943 ], [ -51.159751599999936, -30.028078299999947 ], [ -51.159107699999936, -30.028241399999953 ], [ -51.158696699999958, -30.028431599999969 ], [ -51.15846259999995, -30.029788099999951 ], [ -51.15845459999997, -30.030093599999926 ], [ -51.158577599999944, -30.03047749999995 ], [ -51.158832799999978, -30.030881399999945 ], [ -51.159611, -30.031919699999946 ], [ -51.159644, -30.03220239999996 ], [ -51.159608399999968, -30.033159699999938 ], [ -51.15949, -30.033707099999958 ], [ -51.158826099999942, -30.03517979999998 ], [ -51.158546299999955, -30.036236599999938 ], [ -51.158270199999947, -30.03713 ], [ -51.158038899999951, -30.037634799999982 ], [ -51.158033299999943, -30.03786 ], [ -51.158264499999973, -30.039030199999946 ], [ -51.158415699999978, -30.039510699999934 ], [ -51.159431799999936, -30.040724 ], [ -51.161406899999974, -30.040133299999972 ] ], [ [ -51.159877499999943, -30.035278799999951 ], [ -51.161109, -30.034430499999925 ], [ -51.158546299999955, -30.036236599999938 ], [ -51.159877499999943, -30.035278799999951 ] ], [ [ -51.166184399999963, -30.036717299999964 ], [ -51.165712099999951, -30.031373 ], [ -51.165974699999936, -30.034258599999919 ], [ -51.166184399999963, -30.036717299999964 ] ], [ [ -51.165357399999948, -30.036146 ], [ -51.166156299999955, -30.038528599999946 ], [ -51.165656299999966, -30.037106 ], [ -51.165357399999948, -30.036146 ] ] ] } },
{ "type": "Feature", "properties": { "ltla_code": "Cidade Baixa", "ltla_name": "Cidade Baixa" }, "geometry": { "type": "Polygon", "coordinates": [ [ [ -51.225965, -30.043310799999976 ], [ -51.22776719999996, -30.043130199999958 ], [ -51.227967299999932, -30.041647699999942 ], [ -51.228106099999934, -30.041019599999974 ], [ -51.228336299999967, -30.040619699999979 ], [ -51.22857589999996, -30.04051029999993 ], [ -51.228371, -30.038700199999941 ], [ -51.227761799999939, -30.038687699999965 ], [ -51.227021, -30.038296199999934 ], [ -51.225968099999932, -30.037217699999925 ], [ -51.224722099999958, -30.035800699999982 ], [ -51.224210399999947, -30.035382399999939 ], [ -51.223797399999967, -30.035215399999959 ], [ -51.223454299999958, -30.035120699999933 ], [ -51.222310499999935, -30.035009099999964 ], [ -51.221654199999932, -30.034890299999969 ], [ -51.221298699999977, -30.034753899999927 ], [ -51.220130899999958, -30.036278499999973 ], [ -51.219710799999973, -30.036904199999974 ], [ -51.219048599999951, -30.037740399999961 ], [ -51.217887799999971, -30.039244599999964 ], [ -51.217422, -30.039880699999969 ], [ -51.216937199999968, -30.040465499999971 ], [ -51.216395299999931, -30.041175799999962 ], [ -51.217734399999983, -30.041957 ], [ -51.219846299999972, -30.043151599999931 ], [ -51.221074199999975, -30.043894199999954 ], [ -51.221330199999954, -30.043778099999933 ], [ -51.221826399999941, -30.043668599999933 ], [ -51.223290299999974, -30.043536599999975 ], [ -51.224504399999944, -30.043436799999945 ], [ -51.225965, -30.043310799999976 ] ], [ [ -51.226677299999949, -30.040815099999971 ], [ -51.225938, -30.040332199999966 ], [ -51.227967299999932, -30.041647699999942 ], [ -51.226677299999949, -30.040815099999971 ] ], [ [ -51.224626699999931, -30.038485399999946 ], [ -51.224480299999982, -30.038647 ], [ -51.224086299999954, -30.038996499999932 ], [ -51.22459589999994, -30.03850969999997 ], [ -51.225968099999932, -30.037217699999925 ], [ -51.224626699999931, -30.038485399999946 ] ], [ [ -51.22388159999997, -30.037435599999974 ], [ -51.223452499999951, -30.036772399999965 ], [ -51.22459589999994, -30.03850969999997 ], [ -51.22388159999997, -30.037435599999974 ] ], [ [ -51.223441399999963, -30.037226299999922 ], [ -51.223423617310971, -30.036794320522102 ], [ -51.223452499999951, -30.036772399999965 ], [ -51.223441399999963, -30.037226299999922 ] ], [ [ -51.223475613809093, -30.036754709634227 ], [ -51.224284, -30.037318699999961 ], [ -51.223452499999951, -30.036772399999965 ], [ -51.223475613809093, -30.036754709634227 ] ], [ [ -51.220217099999957, -30.036335099999974 ], [ -51.221170699999959, -30.036974199999968 ], [ -51.222230699999955, -30.037691899999963 ], [ -51.220130899999958, -30.036278499999973 ], [ -51.220217099999957, -30.036335099999974 ] ], [ [ -51.221279, -30.038447199999943 ], [ -51.220762, -30.038836399999983 ], [ -51.222230699999955, -30.037691899999963 ], [ -51.221279, -30.038447199999943 ] ], [ [ -51.219646799999964, -30.039726399999953 ], [ -51.219601, -30.039761699999925 ], [ -51.219214199999954, -30.040049 ], [ -51.220762, -30.038836399999983 ], [ -51.219646799999964, -30.039726399999953 ] ], [ [ -51.218835, -30.040482099999959 ], [ -51.218404899999946, -30.041068499999934 ], [ -51.217734399999983, -30.041957 ], [ -51.218835, -30.040482099999959 ] ], [ [ -51.225113699999959, -30.041558599999973 ], [ -51.222881654239387, -30.040193484488238 ], [ -51.22290049999998, -30.040176499999969 ], [ -51.225113699999959, -30.041558599999973 ] ], [ [ -51.224567299999933, -30.042561799999934 ], [ -51.225094799999965, -30.041593 ], [ -51.225113699999959, -30.041558599999973 ], [ -51.224567299999933, -30.042561799999934 ] ], [ [ -51.224897599999963, -30.042819799999947 ], [ -51.224541581042736, -30.042552112141617 ], [ -51.224567299999933, -30.042561799999934 ], [ -51.224897599999963, -30.042819799999947 ] ], [ [ -51.223370899999971, -30.041396599999917 ], [ -51.222880143787521, -30.040194845762667 ], [ -51.222880143787521, -30.040194845762663 ], [ -51.223370899999971, -30.041396599999917 ] ], [ [ -51.221029053847559, -30.042019214353598 ], [ -51.221179599999978, -30.042618499999953 ], [ -51.220997699999941, -30.042007699999939 ], [ -51.221029053847559, -30.042019214353598 ] ], [ [ -51.221783599999981, -30.036266599999976 ], [ -51.221615699999973, -30.036046099999957 ], [ -51.221683199999973, -30.036133499999941 ], [ -51.221783599999981, -30.036266599999976 ] ], [ [ -51.222804682015578, -30.040262854669706 ], [ -51.2215791, -30.04143619999995 ], [ -51.222277799999972, -30.040737699999955 ], [ -51.222804682015578, -30.040262854669706 ] ] ] } },
{ "type": "Feature", "properties": { "ltla_code": "Coronel Aparício Borges", "ltla_name": "Coronel Aparício Borges" }, "geometry": { "type": "Polygon", "coordinates": [ [ [ -51.184370099999967, -30.075915399999932 ], [ -51.184820499999944, -30.07605759999996 ], [ -51.18509279999995, -30.075797899999952 ], [ -51.185401699999943, -30.075820699999944 ], [ -51.185496199999932, -30.07567679999994 ], [ -51.185773299999937, -30.075689099999973 ], [ -51.186038199999984, -30.074952399999972 ], [ -51.186181199999965, -30.074279099999952 ], [ -51.186952399999939, -30.074425299999973 ], [ -51.187216599999942, -30.073459 ], [ -51.191559, -30.074258699999977 ], [ -51.192997599999956, -30.072132299999968 ], [ -51.190692099999985, -30.071687699999988 ], [ -51.190237299999978, -30.071493099999934 ], [ -51.189981099999954, -30.071293199999943 ], [ -51.189109, -30.070313299999938 ], [ -51.188201199999988, -30.068964699999974 ], [ -51.187199799999973, -30.06751319999994 ], [ -51.18700819999998, -30.067117099999948 ], [ -51.186599699999931, -30.065576699999959 ], [ -51.186420099999964, -30.064888599999957 ], [ -51.186241299999949, -30.06444219999997 ], [ -51.182826599999942, -30.065896 ], [ -51.179904099999931, -30.067155499999949 ], [ -51.180340919878638, -30.068409829722146 ], [ -51.179068299999983, -30.068985899999962 ], [ -51.17926639999996, -30.069279099999957 ], [ -51.180016, -30.069926299999963 ], [ -51.180567599999961, -30.070381199999936 ], [ -51.180859895528521, -30.070543897913275 ], [ -51.180840399999965, -30.070534799999951 ], [ -51.1805945, -30.070785399999973 ], [ -51.179633699999954, -30.071387899999937 ], [ -51.177166899999975, -30.072848799999971 ], [ -51.176467199999934, -30.073285 ], [ -51.176067299999943, -30.073596099999975 ], [ -51.175382399999933, -30.073905 ], [ -51.17504, -30.074147499999974 ], [ -51.174772399999938, -30.074444399999944 ], [ -51.174463899999978, -30.074044699999938 ], [ -51.174308599999968, -30.074269899999933 ], [ -51.174216, -30.074568699999922 ], [ -51.174226499999975, -30.074960099999949 ], [ -51.174512499999935, -30.075358199999979 ], [ -51.174528099999975, -30.075485199999953 ], [ -51.17444809999995, -30.075566599999942 ], [ -51.173946799999953, -30.075748399999952 ], [ -51.174247499999979, -30.075995799999923 ], [ -51.173922, -30.075748399999952 ], [ -51.172997, -30.075586899999951 ], [ -51.172236099999964, -30.075524199999954 ], [ -51.171958299999972, -30.075591299999925 ], [ -51.171662099999942, -30.075887 ], [ -51.171449299999949, -30.075696399999963 ], [ -51.17122379999995, -30.075623299999958 ], [ -51.171117099999947, -30.075793199999957 ], [ -51.171050899999955, -30.075981099999971 ], [ -51.170999399999971, -30.076504799999956 ], [ -51.170587399999931, -30.077230399999955 ], [ -51.170329299999935, -30.077361099999955 ], [ -51.169585099999949, -30.077587899999962 ], [ -51.169349799999964, -30.077567199999969 ], [ -51.169061599999964, -30.077406899999964 ], [ -51.168638099999953, -30.077372899999943 ], [ -51.168493599999977, -30.077455 ], [ -51.168326099999945, -30.077448499999942 ], [ -51.168209199999978, -30.077569599999947 ], [ -51.16803989999994, -30.077914199999945 ], [ -51.167663399999981, -30.078037799999947 ], [ -51.167410599999982, -30.077882399999961 ], [ -51.167059799999947, -30.077932799999928 ], [ -51.166974399999958, -30.078000099999933 ], [ -51.166720499999947, -30.077773499999967 ], [ -51.166539899999975, -30.07779539999995 ], [ -51.166242699999948, -30.078002399999939 ], [ -51.165943499999969, -30.078335399999958 ], [ -51.165753, -30.078425699999965 ], [ -51.165625, -30.078662099999974 ], [ -51.165394399999968, -30.078790299999973 ], [ -51.165390099999968, -30.07900229999996 ], [ -51.165316799999971, -30.079161799999952 ], [ -51.165117, -30.079353 ], [ -51.164901499999985, -30.079416199999969 ], [ -51.164798, -30.079552699999969 ], [ -51.164739099999963, -30.08010169999994 ], [ -51.164662899999939, -30.080213499999953 ], [ -51.16438839999995, -30.080360299999928 ], [ -51.163961399999955, -30.080989499999916 ], [ -51.163791199999935, -30.082265 ], [ -51.16394174864687, -30.082125579728284 ], [ -51.163571199999978, -30.082580299999947 ], [ -51.16364219999997, -30.083198799999931 ], [ -51.163655699999936, -30.084327699999957 ], [ -51.16381789999997, -30.084598099999948 ], [ -51.163743599999975, -30.084821099999949 ], [ -51.163491499999964, -30.085092 ], [ -51.163597699999968, -30.085891099999962 ], [ -51.163444299999981, -30.087538299999945 ], [ -51.163839, -30.087380799999952 ], [ -51.169732099999976, -30.087942899999966 ], [ -51.170061169207173, -30.087755473625414 ], [ -51.170058799999936, -30.087764499999931 ], [ -51.173551199999963, -30.085513099999947 ], [ -51.173945699999933, -30.086066599999977 ], [ -51.17710789999996, -30.084036899999948 ], [ -51.176642899999933, -30.08341419999994 ], [ -51.176155699999981, -30.08369869999995 ], [ -51.182256399999972, -30.079774399999948 ], [ -51.184700499999963, -30.076872699999964 ], [ -51.184109699999965, -30.076275499999948 ], [ -51.183883899999955, -30.07633189999995 ], [ -51.183880228126334, -30.076328111277888 ], [ -51.184127099999955, -30.076268399999947 ], [ -51.184370099999967, -30.075915399999932 ] ], [ [ -51.184297899999933, -30.070691099999969 ], [ -51.184297860685774, -30.070691110508729 ], [ -51.185321699999974, -30.070226899999966 ], [ -51.188201199999988, -30.068964699999974 ], [ -51.184297899999933, -30.070691099999969 ] ], [ [ -51.18487, -30.069446299999978 ], [ -51.183755099999985, -30.067510699999946 ], [ -51.185321699999974, -30.070226899999966 ], [ -51.18487, -30.069446299999978 ] ], [ [ -51.175748903372664, -30.082932376414398 ], [ -51.175759099999937, -30.08294249999993 ], [ -51.176155699999981, -30.08369869999995 ], [ -51.175748903372664, -30.082932376414398 ] ], [ [ -51.180312068832819, -30.072162592797429 ], [ -51.179774299999963, -30.072494699999936 ], [ -51.18026969999994, -30.072180299999957 ], [ -51.180312068832819, -30.072162592797429 ] ], [ [ -51.178965299999966, -30.075152899999978 ], [ -51.178193, -30.074234399999966 ], [ -51.178101237218982, -30.074110487604166 ], [ -51.178505399999949, -30.074591599999952 ], [ -51.178965299999966, -30.075152899999978 ] ], [ [ -51.180231135453198, -30.076260664830428 ], [ -51.18020839999997, -30.07625239999993 ], [ -51.180174519049508, -30.076218852112014 ], [ -51.180231135453198, -30.076260664830428 ] ], [ [ -51.180617549759191, -30.076394190820142 ], [ -51.180604799999969, -30.076396499999923 ], [ -51.180445185076771, -30.076338476512458 ], [ -51.180617549759191, -30.076394190820142 ] ], [ [ -51.181756585725715, -30.076182250789245 ], [ -51.181678699999964, -30.076202 ], [ -51.180923264371906, -30.076338821146841 ], [ -51.181756585725715, -30.076182250789245 ] ], [ [ -51.184768593145805, -30.073972690534095 ], [ -51.185149699999954, -30.073778099999966 ], [ -51.186722399999951, -30.073030899999932 ], [ -51.185059399999943, -30.073825699999926 ], [ -51.184768593145805, -30.073972690534095 ] ], [ [ -51.185594299999934, -30.072810399999987 ], [ -51.185018599774658, -30.073046006050632 ], [ -51.185047699999984, -30.073033699999936 ], [ -51.185594299999934, -30.072810399999987 ] ], [ [ -51.182818109860413, -30.070904303624197 ], [ -51.183896747730564, -30.070798328849396 ], [ -51.183815299999935, -30.070820099999931 ], [ -51.182818109860413, -30.070904303624197 ] ], [ [ -51.181494829360837, -30.072973791637072 ], [ -51.181819899999937, -30.07252519999998 ], [ -51.181494829360837, -30.072973791637075 ], [ -51.181494829360837, -30.072973791637072 ] ], [ [ -51.183185621230486, -30.074772815717154 ], [ -51.183153799999957, -30.074788899999923 ], [ -51.18310936146662, -30.074793291049499 ], [ -51.183185621230486, -30.074772815717154 ] ], [ [ -51.182925476826291, -30.074811461013965 ], [ -51.182834, -30.074820499999934 ], [ -51.181893499999944, -30.074767899999969 ], [ -51.182925476826291, -30.074811461013965 ] ], [ [ -51.183666138254189, -30.075949689613303 ], [ -51.184883699999943, -30.074424699999952 ], [ -51.18368369999996, -30.075947099999944 ], [ -51.183666138254189, -30.075949689613303 ] ], [ [ -51.182440399999962, -30.075885299999982 ], [ -51.183633991287579, -30.075954429928721 ], [ -51.183506699999953, -30.075973199999957 ], [ -51.182440399999962, -30.075885299999982 ] ], [ [ -51.184567696369932, -30.071867108725016 ], [ -51.184575099999961, -30.071870099999948 ], [ -51.18463289999994, -30.072199299999955 ], [ -51.184567696369932, -30.071867108725016 ] ], [ [ -51.184618482707037, -30.07321520958304 ], [ -51.18218539999998, -30.074274 ], [ -51.184065399999952, -30.073449099999934 ], [ -51.184618482707037, -30.07321520958304 ] ], [ [ -51.182992399999939, -30.068994799999931 ], [ -51.182557299999985, -30.069324199999983 ], [ -51.180893099647562, -30.070559393168828 ], [ -51.180893093812692, -30.07055939044589 ], [ -51.182992399999939, -30.068994799999931 ] ], [ [ -51.167804538438325, -30.079658038943691 ], [ -51.167746299999976, -30.079607499999948 ], [ -51.167721553658879, -30.079572173345483 ], [ -51.167804538438325, -30.079658038943691 ] ], [ [ -51.167568599999981, -30.078704899999931 ], [ -51.167242499999986, -30.078888299999953 ], [ -51.167071172041453, -30.078966300061332 ], [ -51.167568599999981, -30.078704899999931 ] ], [ [ -51.175114599999972, -30.078235199999938 ], [ -51.175133896533438, -30.078214427483633 ], [ -51.174990622983593, -30.078467211707721 ], [ -51.175114599999972, -30.078235199999938 ] ], [ [ -51.174794299999974, -30.079090099999974 ], [ -51.174895299999946, -30.078645599999952 ], [ -51.174908111562601, -30.078621624325923 ], [ -51.174789699999963, -30.079250899999973 ], [ -51.174794299999974, -30.079090099999974 ] ], [ [ -51.174865782865737, -30.079348095860993 ], [ -51.174859199999958, -30.0793442 ], [ -51.174789699999963, -30.079250899999973 ], [ -51.174865782865737, -30.079348095860993 ] ], [ [ -51.171728445300388, -30.079253978466376 ], [ -51.173313199999939, -30.078808099999947 ], [ -51.171775199999956, -30.079250099999957 ], [ -51.171728445300388, -30.079253978466376 ] ], [ [ -51.171977673411156, -30.080003625047102 ], [ -51.171923199999981, -30.079863099999958 ], [ -51.171775199999956, -30.079250099999957 ], [ -51.171977673411156, -30.080003625047102 ] ], [ [ -51.171658123062322, -30.079251823062325 ], [ -51.17168688296033, -30.079257426208351 ], [ -51.171665499999961, -30.07925919999996 ], [ -51.171658123062322, -30.079251823062325 ] ], [ [ -51.171608823436145, -30.079186337744868 ], [ -51.171623840641701, -30.0792175406417 ], [ -51.171610299999941, -30.079204 ], [ -51.171608823436145, -30.079186337744868 ] ], [ [ -51.17074329999997, -30.078616599999979 ], [ -51.170807899999943, -30.078178399999963 ], [ -51.17074348624363, -30.07864299729999 ], [ -51.17074329999997, -30.078616599999979 ] ], [ [ -51.170746699999938, -30.079098499999926 ], [ -51.170744925681873, -30.078847016504763 ], [ -51.170752016988843, -30.079117597493891 ], [ -51.170746699999938, -30.079098499999926 ] ], [ [ -51.170870899999954, -30.079544599999959 ], [ -51.170843758220997, -30.079447112499214 ], [ -51.170894834767658, -30.079599570444444 ], [ -51.170870899999954, -30.079544599999959 ] ], [ [ -51.171332022568492, -30.080477245835397 ], [ -51.171084599999972, -30.080035399999925 ], [ -51.171044913300136, -30.079944252445991 ], [ -51.171311799999955, -30.080394199999951 ], [ -51.171332022568492, -30.080477245835397 ] ], [ [ -51.168604131863262, -30.080271275181762 ], [ -51.169254199999955, -30.080315099999943 ], [ -51.168632399999979, -30.08028809999994 ], [ -51.168604131863262, -30.080271275181762 ] ], [ [ -51.16798897035212, -30.07981808777707 ], [ -51.16856576445003, -30.080248439408816 ], [ -51.168308299999978, -30.080095199999963 ], [ -51.16798897035212, -30.07981808777707 ] ], [ [ -51.174386399999946, -30.08150279999996 ], [ -51.174409815510685, -30.081511409657676 ], [ -51.173652751237306, -30.081350225843916 ], [ -51.173664499999973, -30.08134919999998 ], [ -51.174386399999946, -30.08150279999996 ] ], [ [ -51.173207577387096, -30.081375217266256 ], [ -51.173181499999941, -30.081377199999963 ], [ -51.173145647548246, -30.081361362652004 ], [ -51.173207577387096, -30.081375217266256 ] ], [ [ -51.172366199999942, -30.081106699999957 ], [ -51.171618399999943, -30.080830599999953 ], [ -51.171612796004808, -30.080827179967223 ], [ -51.172366199999942, -30.081106699999957 ] ], [ [ -51.171383099999957, -30.080687 ], [ -51.171541299999944, -30.08166359999996 ], [ -51.171375701399782, -30.080656616968664 ], [ -51.171383099999957, -30.080687 ] ], [ [ -51.171543899999961, -30.082086899999972 ], [ -51.171538372851103, -30.082109166940757 ], [ -51.171541299999944, -30.08166359999996 ], [ -51.171543899999961, -30.082086899999972 ] ], [ [ -51.170725648558836, -30.082564712316771 ], [ -51.170732499999986, -30.08352589999998 ], [ -51.170718399999942, -30.082569 ], [ -51.170725648558836, -30.082564712316771 ] ], [ [ -51.166590255874226, -30.080781650112431 ], [ -51.166575799999976, -30.080902 ], [ -51.167316099999937, -30.081007199999917 ], [ -51.166584599999965, -30.08091509999997 ], [ -51.166496199999983, -30.081404299999967 ], [ -51.166590255874226, -30.080781650112431 ] ], [ [ -51.166632010795738, -30.080505232531983 ], [ -51.166636199999971, -30.080477499999965 ], [ -51.166653663087615, -30.080473063412612 ], [ -51.166632010795738, -30.080505232531983 ] ], [ [ -51.166993540635517, -30.079007095625659 ], [ -51.166301399999952, -30.079708899999957 ], [ -51.166972599999951, -30.079018099999917 ], [ -51.166993540635517, -30.079007095625659 ] ], [ [ -51.171444067997385, -30.083518257475419 ], [ -51.171463699999947, -30.083676399999945 ], [ -51.171451699738064, -30.083700959934408 ], [ -51.171444067997385, -30.083518257475419 ] ], [ [ -51.171358699999985, -30.082863099999937 ], [ -51.17136138263438, -30.082852198472899 ], [ -51.171368649046251, -30.08291073191662 ], [ -51.171358699999985, -30.082863099999937 ] ], [ [ -51.172397899999964, -30.080372899999929 ], [ -51.172390530582497, -30.080369622502136 ], [ -51.173258399999952, -30.08033649999993 ], [ -51.172397899999964, -30.080372899999929 ] ], [ [ -51.172063099999946, -30.080224 ], [ -51.172051558806018, -30.080194227184414 ], [ -51.172375604108467, -30.080362984055355 ], [ -51.172063099999946, -30.080224 ] ], [ [ -51.169787799999938, -30.077619599999927 ], [ -51.169505099999988, -30.077782799999959 ], [ -51.169470796688074, -30.077786774927528 ], [ -51.169787799999938, -30.077619599999927 ] ], [ [ -51.169438681954347, -30.077790496251602 ], [ -51.169395499999951, -30.077795499999972 ], [ -51.16919919999998, -30.077725199999975 ], [ -51.169438681954347, -30.077790496251602 ] ], [ [ -51.17710169999998, -30.075871799999959 ], [ -51.177406299999973, -30.076133199999951 ], [ -51.175426499999958, -30.07449419999994 ], [ -51.17710169999998, -30.075871799999959 ] ], [ [ -51.176577834486487, -30.077494103701596 ], [ -51.176572599999986, -30.077504699999949 ], [ -51.176408969059864, -30.077603107418497 ], [ -51.176577834486487, -30.077494103701596 ] ], [ [ -51.17629696829286, -30.077670464523138 ], [ -51.176286599999969, -30.07767669999998 ], [ -51.175746599999968, -30.07776 ], [ -51.17629696829286, -30.077670464523138 ] ] ] } },
{ "type": "Feature", "properties": { "ltla_code": "Costa e Silva", "ltla_name": "Costa e Silva" }, "geometry": { "type": "Polygon", "coordinates": [ [ [ -51.120955299999935, -30.014668599999936 ], [ -51.122355099999936, -30.01414119999998 ], [ -51.122917899999948, -30.01386169999995 ], [ -51.123768799999937, -30.013016499999928 ], [ -51.123967099999959, -30.012825599999921 ], [ -51.124301299999956, -30.012607899999967 ], [ -51.125004099999956, -30.012364899999969 ], [ -51.125289299999963, -30.012275399999957 ], [ -51.127095599999961, -30.011605699999947 ], [ -51.128558799999951, -30.011608 ], [ -51.127715099999932, -30.006006399999933 ], [ -51.12765509999997, -30.004727799999944 ], [ -51.126380599999948, -30.004877499999953 ], [ -51.120300899999961, -30.005405099999948 ], [ -51.120130199999949, -30.005507499999958 ], [ -51.120169, -30.005997399999941 ], [ -51.12033189999994, -30.007416 ], [ -51.117479899999978, -30.007701499999936 ], [ -51.118079799999975, -30.00927309999997 ], [ -51.11700639999998, -30.006461199999926 ], [ -51.116890299999966, -30.006125199999925 ], [ -51.116853, -30.005211099999926 ], [ -51.116898399999975, -30.004965699999957 ], [ -51.11524859999998, -30.000598399999937 ], [ -51.112749099999974, -30.001315099999943 ], [ -51.109810599999953, -30.002139199999935 ], [ -51.110265499999969, -30.007404899999987 ], [ -51.111716399999978, -30.008431099999935 ], [ -51.111826, -30.00973329999994 ], [ -51.112035099999957, -30.012131099999973 ], [ -51.112185199999942, -30.013870599999969 ], [ -51.112305499999934, -30.015211 ], [ -51.11430409999997, -30.015338299999939 ], [ -51.115947699999943, -30.015523 ], [ -51.116319799999985, -30.015494399999962 ], [ -51.117772599999967, -30.015229499999975 ], [ -51.119153399999959, -30.014987699999935 ], [ -51.120641499999984, -30.014755199999957 ], [ -51.120955299999935, -30.014668599999936 ] ], [ [ -51.118525899999952, -30.010547299999928 ], [ -51.118565233570372, -30.010754039250308 ], [ -51.118079799999975, -30.00927309999997 ], [ -51.118525899999952, -30.010547299999928 ] ], [ [ -51.117760699999963, -30.009378899999941 ], [ -51.117480924233497, -30.009417111927906 ], [ -51.118079799999975, -30.00927309999997 ], [ -51.117760699999963, -30.009378899999941 ] ], [ [ -51.119039399999963, -30.014202 ], [ -51.118887005662721, -30.013017230240994 ], [ -51.119153399999959, -30.014987699999935 ], [ -51.119039399999963, -30.014202 ] ], [ [ -51.120273899999972, -30.012024599999954 ], [ -51.120029299999942, -30.009969799999965 ], [ -51.120641499999984, -30.014755199999957 ], [ -51.120273899999972, -30.012024599999954 ] ], [ [ -51.116165699999954, -30.009535399999944 ], [ -51.116016699999932, -30.008133399999974 ], [ -51.115880499999946, -30.006789799999979 ], [ -51.115870799999982, -30.006556899999961 ], [ -51.116165699999954, -30.009535399999944 ] ], [ [ -51.117188980651768, -30.009456985742769 ], [ -51.117153, -30.009461899999966 ], [ -51.116165699999954, -30.009535399999944 ], [ -51.117188980651768, -30.009456985742769 ] ], [ [ -51.116379, -30.011581599999943 ], [ -51.116705299999978, -30.014649899999931 ], [ -51.116453499999977, -30.012419599999923 ], [ -51.116165699999954, -30.009535399999944 ], [ -51.116379, -30.011581599999943 ] ], [ [ -51.114968799999986, -30.00819689999997 ], [ -51.114543899999944, -30.008153199999981 ], [ -51.114989899999955, -30.008195499999943 ], [ -51.116016699999932, -30.008133399999974 ], [ -51.114968799999986, -30.00819689999997 ] ], [ [ -51.118518199999983, -30.00910379999992 ], [ -51.120891299999982, -30.00759529999992 ], [ -51.122715899999946, -30.006483399999976 ], [ -51.118518199999983, -30.00910379999992 ] ], [ [ -51.118794053949713, -30.012294589356763 ], [ -51.118659893540652, -30.011251576877562 ], [ -51.118682899999953, -30.011372499999933 ], [ -51.118794053949713, -30.012294589356763 ] ], [ [ -51.112156499999969, -30.007719599999966 ], [ -51.112430499999959, -30.008000799999934 ], [ -51.112534390098318, -30.008111689213891 ], [ -51.112156499999969, -30.007719599999966 ] ], [ [ -51.112838899999986, -30.008742499999979 ], [ -51.112743921363254, -30.008335336680151 ], [ -51.112752599999965, -30.00834459999993 ], [ -51.112838899999986, -30.008742499999979 ] ], [ [ -51.116327799999965, -30.005882899999953 ], [ -51.11550079999995, -30.00604509999993 ], [ -51.115812499999947, -30.00598059999993 ], [ -51.116327799999965, -30.005882899999953 ] ], [ [ -51.113337650730131, -30.005772810293543 ], [ -51.113139203485304, -30.005781491098766 ], [ -51.11330449999997, -30.005765799999946 ], [ -51.113337650730131, -30.005772810293543 ] ], [ [ -51.115421499999968, -30.004307699999959 ], [ -51.115360487665058, -30.004279281848856 ], [ -51.115580799999975, -30.004320299999961 ], [ -51.115421499999968, -30.004307699999959 ] ], [ [ -51.112995299999966, -30.003805099999965 ], [ -51.113316099999963, -30.003784399999958 ], [ -51.113773899999956, -30.003806599999958 ], [ -51.112995299999966, -30.003805099999965 ] ] ] } },
{ "type": "Feature", "properties": { "ltla_code": "Cristal", "ltla_name": "Cristal" }, "geometry": { "type": "Polygon", "coordinates": [ [ [ -51.248050299999932, -30.097453399999942 ], [ -51.247801799999934, -30.097001 ], [ -51.248202099999958, -30.097672399999958 ], [ -51.248252699999966, -30.098505399999969 ], [ -51.248805, -30.100589 ], [ -51.24926279999994, -30.101033499999961 ], [ -51.251610199999959, -30.095921799999928 ], [ -51.251453582016474, -30.095829729969726 ], [ -51.252242799999976, -30.096186899999974 ], [ -51.252319099999966, -30.096016 ], [ -51.252026399999977, -30.095428299999973 ], [ -51.251401, -30.09488569999996 ], [ -51.251327299999957, -30.09470859999993 ], [ -51.25233389999994, -30.094073899999952 ], [ -51.251937599999962, -30.093848699999977 ], [ -51.251594599999976, -30.093513199999965 ], [ -51.251271899999949, -30.09309339999993 ], [ -51.251077399999986, -30.092705699999954 ], [ -51.250538899999981, -30.092447599999961 ], [ -51.250371099999938, -30.092295 ], [ -51.250264099999988, -30.0919373 ], [ -51.250271199999986, -30.091668799999972 ], [ -51.250476599999963, -30.091353899999948 ], [ -51.250417299999981, -30.090833399999951 ], [ -51.250354099999981, -30.090767499999966 ], [ -51.250096599999949, -30.090677699999958 ], [ -51.249955199999931, -30.090465899999966 ], [ -51.249967499999975, -30.090207299999971 ], [ -51.249888299999952, -30.089571499999966 ], [ -51.249795499999948, -30.089462299999976 ], [ -51.249519699999951, -30.08939249999997 ], [ -51.249416899999972, -30.089152 ], [ -51.249216799999942, -30.087986 ], [ -51.248797, -30.084641099999939 ], [ -51.248261, -30.082928 ], [ -51.248316399999965, -30.082782499999951 ], [ -51.24867809999995, -30.082477 ], [ -51.248691399999984, -30.082346499999971 ], [ -51.248567199999968, -30.082053399999946 ], [ -51.248388199999972, -30.081871399999951 ], [ -51.248358199999984, -30.081617 ], [ -51.248462599999989, -30.081461699999966 ], [ -51.248716699999932, -30.08134259999996 ], [ -51.248982799999965, -30.081379499999972 ], [ -51.249166599999974, -30.081194399999955 ], [ -51.250537899999983, -30.081329799999946 ], [ -51.250597699999958, -30.081183199999941 ], [ -51.250560599999972, -30.081145799999941 ], [ -51.249444, -30.080998399999942 ], [ -51.249322699999937, -30.080923099999943 ], [ -51.249338899999948, -30.079988699999944 ], [ -51.249060499999985, -30.079322099999942 ], [ -51.248948399999961, -30.079219599999931 ], [ -51.24840649999993, -30.079036899999942 ], [ -51.248351899999932, -30.078856799999983 ], [ -51.2484, -30.078713799999939 ], [ -51.248361899999963, -30.078462299999948 ], [ -51.248266199999932, -30.078366099999975 ], [ -51.24775, -30.078252499999966 ], [ -51.247293299999967, -30.078262699999975 ], [ -51.246927299999989, -30.078034 ], [ -51.246614599999987, -30.077755299999971 ], [ -51.246337, -30.077684499999972 ], [ -51.246041399999967, -30.07744869999993 ], [ -51.245811, -30.077457899999956 ], [ -51.245199899999932, -30.077173799999962 ], [ -51.244745, -30.076777799999942 ], [ -51.244077599999969, -30.075771299999918 ], [ -51.243811499999936, -30.075047 ], [ -51.24365389999997, -30.074422899999945 ], [ -51.243277299999932, -30.074420599999932 ], [ -51.243105899999939, -30.074005899999971 ], [ -51.242774399999973, -30.073729099999973 ], [ -51.242605499999975, -30.073249099999945 ], [ -51.242332499999975, -30.073055499999949 ], [ -51.241302, -30.073893099999957 ], [ -51.240855399999987, -30.07441939999995 ], [ -51.240717399999937, -30.07518429999994 ], [ -51.240362599999969, -30.075679499999975 ], [ -51.238668699999948, -30.076667699999966 ], [ -51.237867399999971, -30.07691229999994 ], [ -51.237047399999938, -30.076779499999923 ], [ -51.236011099999985, -30.077272 ], [ -51.235457, -30.077278299999943 ], [ -51.235298599999965, -30.077381599999967 ], [ -51.234868199999937, -30.077929399999963 ], [ -51.23476009999996, -30.077973599999947 ], [ -51.234182799999985, -30.079951399999967 ], [ -51.234366399999942, -30.080246399999957 ], [ -51.235971199999938, -30.079298699999974 ], [ -51.234683, -30.080083899999977 ], [ -51.234038899999973, -30.080414499999957 ], [ -51.23384219999997, -30.080601899999976 ], [ -51.234134044983598, -30.081144990564223 ], [ -51.231053399999951, -30.082832499999927 ], [ -51.232160499999964, -30.083656499999954 ], [ -51.23340412990099, -30.08460593102777 ], [ -51.233301099999956, -30.084549499999987 ], [ -51.232342399999936, -30.083806599999946 ], [ -51.232197599999957, -30.084105699999931 ], [ -51.232150599999962, -30.084429299999947 ], [ -51.232621599999959, -30.086321099999967 ], [ -51.23219469999998, -30.084609599999961 ], [ -51.230919699999959, -30.084859 ], [ -51.229534199999932, -30.085083299999944 ], [ -51.227939099999958, -30.086683299999937 ], [ -51.227659, -30.086939199999957 ], [ -51.227145899999982, -30.087538199999987 ], [ -51.226853399999982, -30.087977399999936 ], [ -51.225982399999964, -30.089088499999932 ], [ -51.22799189999995, -30.08966559999994 ], [ -51.2303108, -30.090580199999977 ], [ -51.23009419999994, -30.090299799999976 ], [ -51.231015499999955, -30.09136059999997 ], [ -51.231775899999946, -30.093266299999978 ], [ -51.233301599999947, -30.092793599999929 ], [ -51.235292899999934, -30.092250099999944 ], [ -51.235496699999942, -30.092557399999972 ], [ -51.235532699999965, -30.092774699999953 ], [ -51.235651299999972, -30.092895599999956 ], [ -51.235742, -30.093107399999948 ], [ -51.236035499999957, -30.09354309999998 ], [ -51.23624929999994, -30.093838399999974 ], [ -51.236302099999932, -30.094069599999948 ], [ -51.236431499999981, -30.094230199999977 ], [ -51.23644939999997, -30.094407099999941 ], [ -51.23654229999994, -30.094565699999976 ], [ -51.236604499999942, -30.094638799999988 ], [ -51.236923299999944, -30.094634699999972 ], [ -51.237251699999945, -30.09450059999995 ], [ -51.237883770536172, -30.094433054305831 ], [ -51.237230599999975, -30.094518699999973 ], [ -51.237301299999956, -30.094691499999943 ], [ -51.237519799999973, -30.094737199999926 ], [ -51.237639299999955, -30.094885799999922 ], [ -51.237661299999957, -30.09513679999997 ], [ -51.237540599999939, -30.095518899999941 ], [ -51.236602799999957, -30.098310799999979 ], [ -51.237418399999967, -30.098508399999954 ], [ -51.241082699999936, -30.099435099999937 ], [ -51.242227499999956, -30.099735199999945 ], [ -51.245078, -30.100417699999976 ], [ -51.245534199999952, -30.099017699999926 ], [ -51.245980799999984, -30.097625 ], [ -51.24635909999995, -30.097681899999937 ], [ -51.248050299999932, -30.097453399999942 ] ], [ [ -51.23364289999995, -30.088235899999965 ], [ -51.233231099999955, -30.087515499999938 ], [ -51.232621599999959, -30.086321099999967 ], [ -51.23364289999995, -30.088235899999965 ] ], [ [ -51.23128424642946, -30.0865751263661 ], [ -51.231334699999934, -30.086565099999969 ], [ -51.232621599999959, -30.086321099999967 ], [ -51.23128424642946, -30.0865751263661 ] ], [ [ -51.228225689649086, -30.08685879891334 ], [ -51.228104899999956, -30.086806599999925 ], [ -51.227939099999958, -30.086683299999937 ], [ -51.228225689649086, -30.08685879891334 ] ], [ [ -51.228278, -30.088472699999954 ], [ -51.228323328131694, -30.088488827009275 ], [ -51.226853399999982, -30.087977399999936 ], [ -51.228278, -30.088472699999954 ] ], [ [ -51.235549899999967, -30.092217399999971 ], [ -51.235647233721046, -30.092227928401361 ], [ -51.235292899999934, -30.092250099999944 ], [ -51.235549899999967, -30.092217399999971 ] ], [ [ -51.23703839999996, -30.093093299999964 ], [ -51.236247599999956, -30.0934511 ], [ -51.236035499999957, -30.09354309999998 ], [ -51.23703839999996, -30.093093299999964 ] ], [ [ -51.239142799999968, -30.079765199999944 ], [ -51.237939299999937, -30.080453099999936 ], [ -51.236316970753791, -30.081335340379884 ], [ -51.240090199999948, -30.079228199999939 ], [ -51.239142799999968, -30.079765199999944 ] ], [ [ -51.240739680964396, -30.086158212532091 ], [ -51.239440299999956, -30.08641629999995 ], [ -51.238138599999957, -30.086654199999945 ], [ -51.240739637685486, -30.086158041999493 ], [ -51.240739680964396, -30.086158212532091 ] ], [ [ -51.238805863728523, -30.089354682026922 ], [ -51.238792399999966, -30.089301599999931 ], [ -51.238138599999957, -30.086654199999945 ], [ -51.238805863728523, -30.089354682026922 ] ], [ [ -51.235890599999948, -30.088458399999968 ], [ -51.236535, -30.091094 ], [ -51.235553299999935, -30.087145599999932 ], [ -51.235890599999948, -30.088458399999968 ] ], [ [ -51.235225399999933, -30.085862099999925 ], [ -51.235072, -30.085087499999933 ], [ -51.235553299999935, -30.087145599999932 ], [ -51.235225399999933, -30.085862099999925 ] ], [ [ -51.238942, -30.092740399999972 ], [ -51.238441199999954, -30.092771299999974 ], [ -51.238308440756889, -30.092741281622324 ], [ -51.238366099999951, -30.092753899999941 ], [ -51.238942, -30.092740399999972 ] ], [ [ -51.238689499999964, -30.09305639999997 ], [ -51.238466199999948, -30.092804 ], [ -51.238466471838606, -30.092831148789401 ], [ -51.238441199999954, -30.092771299999974 ], [ -51.238689499999964, -30.09305639999997 ] ], [ [ -51.243343627566162, -30.082271241613192 ], [ -51.240260299999932, -30.08426929999996 ], [ -51.243016599999976, -30.082460799999957 ], [ -51.243343627566162, -30.082271241613192 ] ], [ [ -51.239971799999978, -30.08471889999992 ], [ -51.240122099999951, -30.084478 ], [ -51.240260299999932, -30.08426929999996 ], [ -51.239971799999978, -30.08471889999992 ] ], [ [ -51.237881399999942, -30.09709869999994 ], [ -51.239700499999977, -30.097544799999984 ], [ -51.241522, -30.098038299999924 ], [ -51.237881399999942, -30.09709869999994 ] ], [ [ -51.244209299999973, -30.092583799999929 ], [ -51.244133399999953, -30.092273399999957 ], [ -51.244073199999946, -30.091937699999953 ], [ -51.244209299999973, -30.092583799999929 ] ], [ [ -51.246990099999948, -30.092100099999975 ], [ -51.249091399999941, -30.091751699999968 ], [ -51.244209299999973, -30.092583799999929 ], [ -51.246990099999948, -30.092100099999975 ] ], [ [ -51.248937, -30.091122499999983 ], [ -51.246840899999938, -30.091476899999975 ], [ -51.244073199999946, -30.091937699999953 ], [ -51.248937, -30.091122499999983 ] ], [ [ -51.24428439999997, -30.079953499999931 ], [ -51.243939099999984, -30.078562199999958 ], [ -51.244360399999948, -30.080232799999965 ], [ -51.24428439999997, -30.079953499999931 ] ], [ [ -51.2403963076287, -30.093794934323338 ], [ -51.240968899999984, -30.09355029999994 ], [ -51.240664099999947, -30.093703799999947 ], [ -51.2403963076287, -30.093794934323338 ] ], [ [ -51.238232699999969, -30.094083199999936 ], [ -51.238986604209416, -30.094094395681001 ], [ -51.238850799999966, -30.094115399999964 ], [ -51.238232699999969, -30.094083199999936 ] ], [ [ -51.23731073723728, -30.094155698112139 ], [ -51.237956299999951, -30.094157 ], [ -51.237520699999948, -30.094178899999974 ], [ -51.23731073723728, -30.094155698112139 ] ], [ [ -51.237685099999965, -30.084842699999971 ], [ -51.235702199999935, -30.085086399999955 ], [ -51.237651299999982, -30.084842799999944 ], [ -51.23809472491908, -30.084781399134965 ], [ -51.237685099999965, -30.084842699999971 ] ], [ [ -51.229831199999978, -30.089197099999964 ], [ -51.230297399999984, -30.089368099999948 ], [ -51.230367265714051, -30.089395102010926 ], [ -51.229831199999978, -30.089197099999964 ] ], [ [ -51.228554136825309, -30.08857094497462 ], [ -51.228677399999981, -30.088614799999952 ], [ -51.229831199999978, -30.089197099999964 ], [ -51.228554136825309, -30.08857094497462 ] ], [ [ -51.236159414667362, -30.092283330029154 ], [ -51.236271, -30.092295399999948 ], [ -51.236547975076974, -30.092356014325194 ], [ -51.236159414667362, -30.092283330029154 ] ], [ [ -51.228590099999963, -30.089557599999971 ], [ -51.229708099999982, -30.089994 ], [ -51.228334231125729, -30.089490564153564 ], [ -51.228590099999963, -30.089557599999971 ] ], [ [ -51.229177612372304, -30.086989575716139 ], [ -51.229092099999946, -30.087006399999947 ], [ -51.228773899999965, -30.087027599999935 ], [ -51.229177612372304, -30.086989575716139 ] ], [ [ -51.228512399999943, -30.086982699999965 ], [ -51.228401436612003, -30.086934747478196 ], [ -51.228773899999965, -30.087027599999935 ], [ -51.228512399999943, -30.086982699999965 ] ], [ [ -51.232405299999982, -30.088824099999947 ], [ -51.232290299999931, -30.088352 ], [ -51.232275799999968, -30.088143299999945 ], [ -51.232405299999982, -30.088824099999947 ] ] ] } },
{ "type": "Feature", "properties": { "ltla_code": "Cristo Redentor", "ltla_name": "Cristo Redentor" }, "geometry": { "type": "Polygon", "coordinates": [ [ [ -51.162024992089819, -30.010974626452164 ], [ -51.162269399999957, -30.011005799999971 ], [ -51.162748, -30.008032099999973 ], [ -51.162797099999977, -30.007864 ], [ -51.163237599999945, -30.007212699999968 ], [ -51.163361199999947, -30.006899199999957 ], [ -51.163436199999978, -30.00647159999993 ], [ -51.163563599999975, -30.005686599999937 ], [ -51.163509199999964, -30.00541789999993 ], [ -51.163165, -30.004904599999968 ], [ -51.162945699999966, -30.004662199999981 ], [ -51.162396299999955, -30.004307399999959 ], [ -51.161830099999975, -30.00420349999996 ], [ -51.160252599999978, -30.00485729999998 ], [ -51.159936899999934, -30.004435 ], [ -51.159380599999963, -30.004146699999978 ], [ -51.159152399999982, -30.004098699999922 ], [ -51.158600099999944, -30.004132399999946 ], [ -51.158112199999955, -30.004281399999972 ], [ -51.157692899999972, -30.004322199999926 ], [ -51.156731, -30.004193 ], [ -51.155745099999933, -30.004211199999926 ], [ -51.154850899999985, -30.004092599999975 ], [ -51.15486929999998, -30.005070399999966 ], [ -51.153961299999935, -30.00507819999995 ], [ -51.153909799999958, -30.006068599999931 ], [ -51.15424349999995, -30.006074799999965 ], [ -51.154445, -30.006132099999935 ], [ -51.154583899999977, -30.006213699999932 ], [ -51.154688799999974, -30.006416599999959 ], [ -51.154678799999942, -30.006790199999948 ], [ -51.154477899999961, -30.008203699999964 ], [ -51.154319199999975, -30.009477 ], [ -51.154164887855188, -30.010403861415224 ], [ -51.1532792, -30.010428799999936 ], [ -51.152210399999944, -30.010451499999924 ], [ -51.150043599999947, -30.010510599999979 ], [ -51.15012859999996, -30.012674499999942 ], [ -51.150267, -30.016990299999971 ], [ -51.152430800624572, -30.016918961527718 ], [ -51.152380799999946, -30.017286699999936 ], [ -51.154287699999941, -30.017452699999971 ], [ -51.155373199999985, -30.017551699999949 ], [ -51.159008399999948, -30.017881899999956 ], [ -51.161059399999942, -30.018089799999988 ], [ -51.161216099999933, -30.017007399999947 ], [ -51.161337599999968, -30.016168299999933 ], [ -51.162024992089819, -30.010974626452164 ] ], [ [ -51.159523, -30.006681199999942 ], [ -51.159249399999965, -30.004936799999932 ], [ -51.159152399999982, -30.004098699999922 ], [ -51.159523, -30.006681199999942 ] ], [ [ -51.152067599999953, -30.013655699999962 ], [ -51.152103599999975, -30.012648399999936 ], [ -51.152210399999944, -30.010451499999924 ], [ -51.152067599999953, -30.013655699999962 ] ], [ [ -51.15449069999994, -30.015855099999946 ], [ -51.154391899999951, -30.016648499999977 ], [ -51.154287699999941, -30.017452699999971 ], [ -51.15449069999994, -30.015855099999946 ] ], [ [ -51.155563699999959, -30.015940799999949 ], [ -51.156475399999977, -30.015988799999942 ], [ -51.156941299999971, -30.015978599999976 ], [ -51.156231499999933, -30.015995399999948 ], [ -51.15449069999994, -30.015855099999946 ], [ -51.155563699999959, -30.015940799999949 ] ], [ [ -51.157482399999935, -30.016200099999924 ], [ -51.157489404599417, -30.016207783459269 ], [ -51.156941299999971, -30.015978599999976 ], [ -51.157482399999935, -30.016200099999924 ] ], [ [ -51.157717535242945, -30.010468243313756 ], [ -51.157153199999982, -30.010437399999937 ], [ -51.156647441484218, -30.010417131899576 ], [ -51.15755409999997, -30.010449899999958 ], [ -51.157717535242945, -30.010468243313756 ] ], [ [ -51.158020085211248, -30.010502200304344 ], [ -51.158020121105267, -30.010502204332948 ], [ -51.157479399999943, -30.014796499999932 ], [ -51.157606899999969, -30.013729699999942 ], [ -51.158020085211248, -30.010502200304344 ] ], [ [ -51.160527299999956, -30.010783599999957 ], [ -51.161371473817958, -30.010891272017851 ], [ -51.160266078190858, -30.010754281515599 ], [ -51.160527299999956, -30.010783599999957 ] ], [ [ -51.15913629999995, -30.013143699999929 ], [ -51.159197199999937, -30.012556299999957 ], [ -51.159317199999975, -30.011523799999953 ], [ -51.15913629999995, -30.013143699999929 ] ], [ [ -51.161617699999965, -30.00749159999998 ], [ -51.161717799999963, -30.007787 ], [ -51.161741050514507, -30.007948167659276 ], [ -51.161617699999965, -30.00749159999998 ] ], [ [ -51.161769731805805, -30.008146980316791 ], [ -51.1617955, -30.008325599999957 ], [ -51.161770941134478, -30.008489144755519 ], [ -51.161769731805805, -30.008146980316791 ] ], [ [ -51.160260799999946, -30.008622799999952 ], [ -51.159828399999981, -30.008528 ], [ -51.159026099999949, -30.008337099999945 ], [ -51.160260799999946, -30.008622799999952 ] ], [ [ -51.161573899999951, -30.009801299999928 ], [ -51.161512740813741, -30.009882307208443 ], [ -51.161586654680669, -30.009716362805282 ], [ -51.161573899999951, -30.009801299999928 ] ], [ [ -51.15775519999994, -30.007598399999942 ], [ -51.157646499999942, -30.007392399999954 ], [ -51.157917699999985, -30.007811599999961 ], [ -51.15775519999994, -30.007598399999942 ] ], [ [ -51.152682060650598, -30.015041089542333 ], [ -51.152601, -30.015667199999925 ], [ -51.152590617749702, -30.015743558102876 ], [ -51.152617599999985, -30.015521399999955 ], [ -51.152682060650598, -30.015041089542333 ] ], [ [ -51.157540297778908, -30.016527661387787 ], [ -51.157579670633865, -30.016491979737967 ], [ -51.157573899999932, -30.016513099999941 ], [ -51.157540297778908, -30.016527661387787 ] ], [ [ -51.156342699999982, -30.016788499999961 ], [ -51.157361187429245, -30.016605278140165 ], [ -51.15731059999996, -30.016627199999956 ], [ -51.156342699999982, -30.016788499999961 ] ], [ [ -51.156095055861201, -30.010397167792661 ], [ -51.155407293192148, -30.010379746856334 ], [ -51.155523199999948, -30.010376499999946 ], [ -51.156095055861201, -30.010397167792661 ] ] ] } },
{ "type": "Feature", "properties": { "ltla_code": "Espírito Santo", "ltla_name": "Espírito Santo" }, "geometry": { "type": "Polygon", "coordinates": [ [ [ -51.208847699999986, -30.147151499999953 ], [ -51.207873099999972, -30.147436399999943 ], [ -51.204549, -30.147663899999941 ], [ -51.208281199999931, -30.150717599999936 ], [ -51.208611899999937, -30.150849899999969 ], [ -51.209542099999965, -30.150774299999963 ], [ -51.209989, -30.15074 ], [ -51.210230899999942, -30.152337699999983 ], [ -51.210539799999935, -30.154400799999951 ], [ -51.210603299999953, -30.154854599999958 ], [ -51.210723599999938, -30.155098399999929 ], [ -51.219822199999953, -30.153054899999972 ], [ -51.219395899999938, -30.15242139999998 ], [ -51.220295699999951, -30.152199 ], [ -51.220652399999949, -30.152173299999962 ], [ -51.222486599999968, -30.152927499999972 ], [ -51.222768199999962, -30.152982 ], [ -51.22301079999994, -30.152969699999964 ], [ -51.225132799999983, -30.152493399999965 ], [ -51.225208, -30.152299399999947 ], [ -51.225209, -30.152033099999983 ], [ -51.225360899999941, -30.1518 ], [ -51.225279499999942, -30.151094899999975 ], [ -51.225181199999952, -30.150879099999944 ], [ -51.225396599999954, -30.150197399999964 ], [ -51.225489499999981, -30.150060599999954 ], [ -51.225861399999985, -30.149973 ], [ -51.225967799999978, -30.14977649999997 ], [ -51.225874499999982, -30.149551799999969 ], [ -51.225814199999945, -30.149119699999968 ], [ -51.225805, -30.148950799999959 ], [ -51.225935599999957, -30.14873949999998 ], [ -51.22589789999995, -30.148600899999963 ], [ -51.225755899999967, -30.148632299999967 ], [ -51.225707599999964, -30.148578 ], [ -51.225629599999934, -30.148360699999966 ], [ -51.22570079999997, -30.148160699999945 ], [ -51.225645, -30.147877499999936 ], [ -51.225481799999955, -30.147660599999941 ], [ -51.225492199999962, -30.147547099999937 ], [ -51.225541, -30.147238799999961 ], [ -51.220317, -30.143529 ], [ -51.219423099999979, -30.143030399999933 ], [ -51.21902769999997, -30.142953099999939 ], [ -51.218631199999948, -30.142760099999979 ], [ -51.218133, -30.142309299999958 ], [ -51.216131399999945, -30.143625899999954 ], [ -51.215822599999967, -30.143765199999962 ], [ -51.215582099999956, -30.143817099999985 ], [ -51.214964399999985, -30.144127499999954 ], [ -51.212583, -30.145587599999939 ], [ -51.209666, -30.146894699999958 ], [ -51.208847699999986, -30.147151499999953 ] ], [ [ -51.224536709146882, -30.149911562088004 ], [ -51.224605699999984, -30.149821599999942 ], [ -51.224737336552685, -30.149718492563913 ], [ -51.224536709146882, -30.149911562088004 ] ], [ [ -51.224123299999974, -30.15049519999997 ], [ -51.22399379999996, -30.150619499999937 ], [ -51.224404943345824, -30.150083380902618 ], [ -51.224123299999974, -30.15049519999997 ] ], [ [ -51.223726599999964, -30.150708899999977 ], [ -51.223685060923025, -30.150693741468363 ], [ -51.22399379999996, -30.150619499999937 ], [ -51.223726599999964, -30.150708899999977 ] ], [ [ -51.217669075876586, -30.150211172686447 ], [ -51.216458399999972, -30.148518699999954 ], [ -51.216368999131433, -30.148355798417352 ], [ -51.217117799999983, -30.149396599999928 ], [ -51.217669075876586, -30.150211172686447 ] ], [ [ -51.218239629154247, -30.15100939619877 ], [ -51.217062299999952, -30.15131479999997 ], [ -51.215886, -30.151610499999943 ], [ -51.218239628147408, -30.151009394969247 ], [ -51.218239629154247, -30.15100939619877 ] ], [ [ -51.214115885010095, -30.153614186955394 ], [ -51.213918399999955, -30.153658799999949 ], [ -51.21384021920607, -30.153664644977205 ], [ -51.214115885010095, -30.153614186955394 ] ], [ [ -51.213775418895651, -30.153669489598521 ], [ -51.213687, -30.153676099999988 ], [ -51.213640896387957, -30.153662735092858 ], [ -51.213775418895651, -30.153669489598521 ] ], [ [ -51.211515298836751, -30.152703613660091 ], [ -51.211432922734666, -30.152694542597548 ], [ -51.211479099999963, -30.152687499999953 ], [ -51.211515298836751, -30.152703613660091 ] ], [ [ -51.211317905658134, -30.152712084108103 ], [ -51.211140049170901, -30.152790726621831 ], [ -51.211254199999985, -30.152721799999942 ], [ -51.211317905658134, -30.152712084108103 ] ], [ [ -51.21091522464036, -30.152926480304316 ], [ -51.21082279999996, -30.153026199999932 ], [ -51.210893, -30.152939899999986 ], [ -51.21091522464036, -30.152926480304316 ] ], [ [ -51.221124199999963, -30.146625299999975 ], [ -51.221166839747589, -30.146631796433272 ], [ -51.221070448846383, -30.146638261088302 ], [ -51.221124199999963, -30.146625299999975 ] ], [ [ -51.220915599999955, -30.146675599999977 ], [ -51.220975723275764, -30.146661102393203 ], [ -51.22069659999994, -30.146797899999964 ], [ -51.220915599999955, -30.146675599999977 ] ], [ [ -51.216055813249895, -30.147507173416582 ], [ -51.216523299999949, -30.148058799999934 ], [ -51.216055813249895, -30.147507173416585 ], [ -51.216055813249895, -30.147507173416582 ] ], [ [ -51.21601528924576, -30.147325634424437 ], [ -51.215989699999966, -30.147211 ], [ -51.21596427987636, -30.147016598772712 ], [ -51.21601528924576, -30.147325634424437 ] ], [ [ -51.215900957134046, -30.146532336028304 ], [ -51.215890399999978, -30.14645159999997 ], [ -51.21590173187672, -30.146318734920623 ], [ -51.215900957134046, -30.146532336028304 ] ] ] } },
{ "type": "Feature", "properties": { "ltla_code": "Extrema", "ltla_name": "Extrema" }, "geometry": { "type": "MultiPolygon", "coordinates": [ [ [ [ -51.075143399999945, -30.225211599999966 ], [ -51.076422, -30.224700699999964 ], [ -51.078740099999948, -30.223533399999944 ], [ -51.079451699999936, -30.223284899999946 ], [ -51.083092099999931, -30.222367799999969 ], [ -51.087612799999931, -30.221864799999931 ], [ -51.085559799999942, -30.209075399999964 ], [ -51.08247979999993, -30.20925369999998 ], [ -51.085704599999985, -30.209064299999959 ], [ -51.086061399999949, -30.209087 ], [ -51.088145, -30.209853399999929 ], [ -51.090529299999957, -30.21093269999994 ], [ -51.091375299999982, -30.2109 ], [ -51.091672399999936, -30.210567199999957 ], [ -51.091803599999935, -30.210230499999962 ], [ -51.090938699999981, -30.208042099999936 ], [ -51.090787899999953, -30.207235699999952 ], [ -51.090847899999972, -30.204939699999951 ], [ -51.091291299999966, -30.201872799999933 ], [ -51.091233, -30.201105699999964 ], [ -51.090287, -30.198028399999927 ], [ -51.089453, -30.196419 ], [ -51.089373, -30.196187699999932 ], [ -51.055391, -30.191107699999971 ], [ -51.05369879999995, -30.189003599999968 ], [ -51.051471399999969, -30.188713 ], [ -51.050864599999954, -30.188439799999962 ], [ -51.049291299999936, -30.187389099999958 ], [ -51.048341799999946, -30.187140399999986 ], [ -51.047314399999948, -30.187052299999944 ], [ -51.046444899999983, -30.187055299999937 ], [ -51.045850599999937, -30.186771299999979 ], [ -51.04524269999996, -30.18634819999993 ], [ -51.044501799999978, -30.185742099999967 ], [ -51.043035699999962, -30.184863599999971 ], [ -51.042653399999956, -30.184727399999922 ], [ -51.040290499999969, -30.185821099999934 ], [ -51.03244959999995, -30.189450299999972 ], [ -51.013999399999932, -30.197990099999981 ], [ -51.014382099999978, -30.197850599999978 ], [ -51.011942199999964, -30.198930799999967 ], [ -51.013227499999971, -30.200007199999952 ], [ -51.013804099999959, -30.200323 ], [ -51.013959699999987, -30.200350199999939 ], [ -51.014162599999963, -30.200496299999937 ], [ -51.015048899999954, -30.201423 ], [ -51.015308199999936, -30.20231919999997 ], [ -51.01563909999993, -30.202723099999954 ], [ -51.015728199999955, -30.203004199999953 ], [ -51.015927099999942, -30.203257499999946 ], [ -51.016073699999936, -30.203624799999947 ], [ -51.016538, -30.204208199999972 ], [ -51.017484599999932, -30.204624499999959 ], [ -51.018252, -30.20464689999994 ], [ -51.018569, -30.204699599999973 ], [ -51.019015199999956, -30.204857699999934 ], [ -51.019510799999978, -30.205274199999952 ], [ -51.01974279999996, -30.205691799999947 ], [ -51.019872, -30.205832799999925 ], [ -51.020634199999961, -30.205970399999956 ], [ -51.020909399999937, -30.206277899999971 ], [ -51.021378099999936, -30.207034199999949 ], [ -51.024689099999932, -30.210131099999948 ], [ -51.025854, -30.211003799999951 ], [ -51.027176599999962, -30.212919799999938 ], [ -51.02915889999997, -30.214450599999953 ], [ -51.030170299999952, -30.215737799999935 ], [ -51.030624899999964, -30.216012399999958 ], [ -51.030205299999977, -30.215766899999945 ], [ -51.031546899999967, -30.216884499999935 ], [ -51.033050799999955, -30.217650099999947 ], [ -51.035079399999972, -30.217989799999927 ], [ -51.038066, -30.218610699999942 ], [ -51.040737599999943, -30.218456699999926 ], [ -51.041819799999985, -30.219175399999976 ], [ -51.04244319999998, -30.219897 ], [ -51.042740699999968, -30.22055679999994 ], [ -51.04409579999998, -30.221772 ], [ -51.045878799999969, -30.222358599999943 ], [ -51.047221, -30.222998 ], [ -51.047917, -30.224416499999954 ], [ -51.048122, -30.225479199999935 ], [ -51.048982099999932, -30.226759899999934 ], [ -51.04988359999993, -30.227278499999954 ], [ -51.050441499999977, -30.228331399999941 ], [ -51.051034, -30.228614299999943 ], [ -51.051344399999948, -30.22862669999995 ], [ -51.051519699999972, -30.228730399999961 ], [ -51.051588899999956, -30.228869399999944 ], [ -51.051619899999935, -30.229183099999926 ], [ -51.052109899999948, -30.229721499999972 ], [ -51.052580899999953, -30.229479599999934 ], [ -51.052994699999942, -30.229356399999965 ], [ -51.055741829072154, -30.228770296548284 ], [ -51.056132099999957, -30.229042199999977 ], [ -51.057518699999946, -30.230148299999939 ], [ -51.059466799999939, -30.231740499999944 ], [ -51.059777299999951, -30.231864699999946 ], [ -51.060030299999937, -30.231878599999973 ], [ -51.060883399999973, -30.231673799999946 ], [ -51.061349899999982, -30.231232399999946 ], [ -51.061923199999967, -30.230906199999929 ], [ -51.064102299999945, -30.229633099999937 ], [ -51.064572799999951, -30.229401199999977 ], [ -51.067281399999956, -30.22866 ], [ -51.06834779999997, -30.228155299999965 ], [ -51.070723299999941, -30.226920499999945 ], [ -51.072433099999955, -30.226263 ], [ -51.075143399999945, -30.225211599999966 ] ], [ [ -51.045449899999937, -30.189259799999945 ], [ -51.045587172163657, -30.18928619230341 ], [ -51.045380827576409, -30.189276374718986 ], [ -51.045449899999937, -30.189259799999945 ] ], [ [ -51.045876399999941, -30.189341799999966 ], [ -51.045936880556539, -30.189390792629602 ], [ -51.045728100414323, -30.189313287535665 ], [ -51.045876399999941, -30.189341799999966 ] ], [ [ -51.046055399999943, -30.189486799999933 ], [ -51.046067456408686, -30.18956777522525 ], [ -51.046012332058986, -30.189451912561733 ], [ -51.046055399999943, -30.189486799999933 ] ], [ [ -51.046082899999931, -30.189671499999971 ], [ -51.046007, -30.189911599999952 ], [ -51.046077654796719, -30.189636271307826 ], [ -51.046082899999931, -30.189671499999971 ] ], [ [ -51.045075183038911, -30.19059380896428 ], [ -51.045116499999949, -30.19054779999993 ], [ -51.045506099999955, -30.19033579999995 ], [ -51.045075183038911, -30.19059380896428 ] ], [ [ -51.044998699999951, -30.190935599999925 ], [ -51.045025799999962, -30.190648799999956 ], [ -51.045041639661292, -30.190631161567818 ], [ -51.044998699999951, -30.190935599999925 ] ], [ [ -51.047644399999967, -30.194729399999982 ], [ -51.047665775078322, -30.194780275791793 ], [ -51.047621191825321, -30.194702126717942 ], [ -51.047644399999967, -30.194729399999982 ] ], [ [ -51.047892199999978, -30.195319199999965 ], [ -51.047766499999966, -30.195094899999951 ], [ -51.047683763493339, -30.194823090832873 ], [ -51.047892199999978, -30.195319199999965 ] ], [ [ -51.047808118521601, -30.19771826714954 ], [ -51.04782849999998, -30.19767869999998 ], [ -51.047895148243171, -30.197642401445865 ], [ -51.047808118521601, -30.19771826714954 ] ], [ [ -51.048739813144202, -30.199966767560401 ], [ -51.048701599999958, -30.199936899999948 ], [ -51.048218199999951, -30.199327399999955 ], [ -51.048739813144202, -30.199966767560401 ] ], [ [ -51.049014867247486, -30.200137574050046 ], [ -51.048939699999949, -30.200123 ], [ -51.048872677396801, -30.200070614840577 ], [ -51.049014867247486, -30.200137574050046 ] ], [ [ -51.049659499999962, -30.200124899999928 ], [ -51.049129499999935, -30.20015979999993 ], [ -51.04908460593105, -30.200151095565083 ], [ -51.049659499999962, -30.200124899999928 ] ], [ [ -51.061311568568279, -30.207522303075773 ], [ -51.061512799999946, -30.207833899999965 ], [ -51.061308099999962, -30.207526599999941 ], [ -51.06130693746929, -30.207523570757466 ], [ -51.061311568568279, -30.207522303075773 ] ], [ [ -51.063034129772447, -30.210751115486591 ], [ -51.06303239999994, -30.21074879999998 ], [ -51.061694, -30.208465 ], [ -51.063034129772447, -30.210751115486591 ] ], [ [ -51.059782331894077, -30.211298241938316 ], [ -51.059865299999956, -30.211266599999934 ], [ -51.060879499999942, -30.211084299999978 ], [ -51.061279600407424, -30.211021949827323 ], [ -51.059782331894077, -30.211298241938316 ] ], [ [ -51.059519736966202, -30.211428615921722 ], [ -51.059594699999934, -30.211369799999929 ], [ -51.059670931839648, -30.211340727103192 ], [ -51.059519736966202, -30.211428615921722 ] ], [ [ -51.058559699999932, -30.212362699999957 ], [ -51.059312899999952, -30.211590899999969 ], [ -51.059382062853722, -30.211536634893605 ], [ -51.058559699999932, -30.212362699999957 ] ], [ [ -51.057647899999949, -30.212786799999947 ], [ -51.057547227478416, -30.2128134274421 ], [ -51.057788678183009, -30.212730215838576 ], [ -51.057647899999949, -30.212786799999947 ] ], [ [ -51.054685699999943, -30.213679 ], [ -51.054640747120395, -30.213686105104461 ], [ -51.054724327578469, -30.213665889937129 ], [ -51.054685699999943, -30.213679 ] ], [ [ -51.054230799999971, -30.213750899999972 ], [ -51.053861199999972, -30.213747799999968 ], [ -51.053747607958158, -30.213734276976698 ], [ -51.054381561315168, -30.213727071161621 ], [ -51.054230799999971, -30.213750899999972 ] ], [ [ -51.052211965305482, -30.213551460196612 ], [ -51.052273099999987, -30.213544099999982 ], [ -51.05312538850054, -30.213660202349018 ], [ -51.052211965305482, -30.213551460196612 ] ], [ [ -51.051372306327963, -30.213737733397096 ], [ -51.0519882, -30.213578399999957 ], [ -51.052121677080443, -30.213562330277753 ], [ -51.051372306327963, -30.213737733397096 ] ], [ [ -51.050370599999951, -30.213972199999937 ], [ -51.050176983289575, -30.213974483883959 ], [ -51.050506415980152, -30.213940409932729 ], [ -51.050370599999951, -30.213972199999937 ] ], [ [ -51.055504, -30.2286046 ], [ -51.055506069311619, -30.228606041698402 ], [ -51.055503791420257, -30.22860449495461 ], [ -51.055504, -30.2286046 ] ], [ [ -51.080679189409182, -30.20909082445975 ], [ -51.080423541244436, -30.209110087413862 ], [ -51.080594899999937, -30.209083199999949 ], [ -51.080679189409182, -30.20909082445975 ] ], [ [ -51.080056206726134, -30.209167724826141 ], [ -51.079727899999966, -30.209302 ], [ -51.079976699999975, -30.209180199999931 ], [ -51.080056206726134, -30.209167724826141 ] ], [ [ -51.069415006670077, -30.21125247623587 ], [ -51.069077852480326, -30.211144017610057 ], [ -51.069322799999952, -30.211198399999947 ], [ -51.069415006670077, -30.21125247623587 ] ], [ [ -51.068759963752228, -30.211073441068685 ], [ -51.068685171204564, -30.211071134921458 ], [ -51.068728699999951, -30.211066499999966 ], [ -51.068759963752228, -30.211073441068685 ] ], [ [ -51.064755599999955, -30.211493199999943 ], [ -51.064310199999966, -30.211555099999934 ], [ -51.064237952847307, -30.21153875652243 ], [ -51.064755599999955, -30.211493199999943 ] ], [ [ -51.038243899999941, -30.21391959999994 ], [ -51.038369181877151, -30.214064464858506 ], [ -51.038150872281904, -30.21386823218851 ], [ -51.038243899999941, -30.21391959999994 ] ], [ [ -51.03787879999993, -30.213718 ], [ -51.037974636134742, -30.213770918555912 ], [ -51.037783620694192, -30.213703833565855 ], [ -51.03787879999993, -30.213718 ] ], [ [ -51.037460899999985, -30.213655799999973 ], [ -51.037543526007759, -30.213668098008309 ], [ -51.037369554934735, -30.213673726116358 ], [ -51.037460899999985, -30.213655799999973 ] ], [ [ -51.03704, -30.213738399999947 ], [ -51.037147715016076, -30.213717261343902 ], [ -51.036942148561607, -30.213794968238947 ], [ -51.03704, -30.213738399999947 ] ], [ [ -51.036273854121291, -30.214181311457519 ], [ -51.036612111008758, -30.213985764036018 ], [ -51.03633259999998, -30.214173099999975 ], [ -51.036273854121291, -30.214181311457519 ] ], [ [ -51.036087635372162, -30.214188548515214 ], [ -51.036187881859938, -30.214193328599649 ], [ -51.036142299999945, -30.214199699999931 ], [ -51.036087635372162, -30.214188548515214 ] ], [ [ -51.035877790973913, -30.214124009924763 ], [ -51.035980233654094, -30.214166638759931 ], [ -51.035922199999959, -30.21415479999996 ], [ -51.035877790973913, -30.214124009924763 ] ], [ [ -51.035470867958438, -30.21377483174123 ], [ -51.035691269684456, -30.213994689265444 ], [ -51.035598399999969, -30.213930299999944 ], [ -51.035470867958438, -30.21377483174123 ] ], [ [ -51.03386839999996, -30.211832599999983 ], [ -51.034002555279997, -30.211997871839209 ], [ -51.033641699999976, -30.211658899999975 ], [ -51.03386839999996, -30.211832599999983 ] ], [ [ -51.029687092720302, -30.210699373269357 ], [ -51.03029429999998, -30.210752499999959 ], [ -51.029822, -30.21072879999997 ], [ -51.029687092720302, -30.210699373269357 ] ], [ [ -51.029460742361941, -30.21065000046282 ], [ -51.029401599999971, -30.210637099999943 ], [ -51.029288521476523, -30.210544574809106 ], [ -51.029460742361941, -30.21065000046282 ] ], [ [ -51.029148469686312, -30.210429979055455 ], [ -51.029080299999976, -30.210374199999933 ], [ -51.028378900979206, -30.209284378522334 ], [ -51.029148469686312, -30.210429979055455 ] ], [ [ -51.02822659841312, -30.209057656854355 ], [ -51.027900799999941, -30.20865 ], [ -51.028121899999974, -30.208901799999978 ], [ -51.02822659841312, -30.209057656854355 ] ], [ [ -51.033469099999934, -30.197774699999965 ], [ -51.033866519495049, -30.196903547696976 ], [ -51.033813799999962, -30.19706159999998 ], [ -51.033469099999934, -30.197774699999965 ] ] ], [ [ [ -51.068284699999936, -30.180083899999939 ], [ -51.068066, -30.179999499999948 ], [ -51.067934, -30.179833299999981 ], [ -51.067828, -30.179075 ], [ -51.067373099999941, -30.178310899999925 ], [ -51.066963399999963, -30.178454799999937 ], [ -51.064236899999976, -30.180268499999947 ], [ -51.063254, -30.181276399999941 ], [ -51.064315599999986, -30.182577699999957 ], [ -51.067587599999968, -30.181747699999953 ], [ -51.068186, -30.180492899999926 ], [ -51.068284699999936, -30.180083899999939 ] ] ] ] } },
{ "type": "Feature", "properties": { "ltla_code": "Farrapos", "ltla_name": "Farrapos" }, "geometry": { "type": "Polygon", "coordinates": [ [ [ -51.197180299999957, -29.990165 ], [ -51.197422499999966, -29.989706499999944 ], [ -51.197805299999978, -29.989484899999979 ], [ -51.199708699999981, -29.988785199999935 ], [ -51.200458599999934, -29.988540899999975 ], [ -51.200665099999981, -29.988533799999971 ], [ -51.201756, -29.988693799999961 ], [ -51.202410399999962, -29.98863839999996 ], [ -51.202709899999945, -29.988814899999959 ], [ -51.203102899999976, -29.988767199999973 ], [ -51.203775099999973, -29.988530599999923 ], [ -51.20480189999995, -29.987875099999933 ], [ -51.204123599999946, -29.987150899999964 ], [ -51.203419699999984, -29.985803599999937 ], [ -51.20344989999996, -29.984848399999969 ], [ -51.203138199999955, -29.984034 ], [ -51.202866699999959, -29.984013899999983 ], [ -51.202736, -29.983752499999976 ], [ -51.202836599999955, -29.983641899999956 ], [ -51.202886799999931, -29.982445399999964 ], [ -51.20264549999996, -29.982083399999958 ], [ -51.202836599999955, -29.981922599999958 ], [ -51.203571099999976, -29.981794699999959 ], [ -51.203553, -29.981678699999971 ], [ -51.203289, -29.981610899999961 ], [ -51.203530299999954, -29.981105599999971 ], [ -51.203530299999954, -29.980479699999933 ], [ -51.203711299999959, -29.980140399999986 ], [ -51.203613299999972, -29.979152499999945 ], [ -51.203341799999976, -29.977674499999971 ], [ -51.202565099999958, -29.975329299999945 ], [ -51.202338899999972, -29.975027599999965 ], [ -51.201351, -29.97325549999994 ], [ -51.201087099999938, -29.97295389999994 ], [ -51.200393299999973, -29.972501399999945 ], [ -51.200468699999931, -29.972433499999966 ], [ -51.200596899999937, -29.972426 ], [ -51.200619499999959, -29.972297799999975 ], [ -51.200127699999939, -29.97201339999998 ], [ -51.199458099999966, -29.972463599999962 ], [ -51.200901699999974, -29.971492899999927 ], [ -51.199941499999966, -29.971252399999962 ], [ -51.198553599999968, -29.970326599999964 ], [ -51.197015499999964, -29.969585799999944 ], [ -51.195120899999949, -29.969119399999951 ], [ -51.189395799999943, -29.968397699999969 ], [ -51.189223499999969, -29.97131 ], [ -51.19013659999996, -29.974107299999954 ], [ -51.190392, -29.974889699999952 ], [ -51.19100549999996, -29.976769399999963 ], [ -51.191345981651082, -29.976683578063955 ], [ -51.190849499999956, -29.976813099999951 ], [ -51.191889899999978, -29.979980599999969 ], [ -51.192129199999954, -29.980736299999919 ], [ -51.192649099999983, -29.982345099999968 ], [ -51.193119699999954, -29.983835799999948 ], [ -51.193805099999963, -29.98596149999997 ], [ -51.194506899999965, -29.98813349999994 ], [ -51.195583099999965, -29.991446599999954 ], [ -51.195896499999947, -29.99211229999996 ], [ -51.196564, -29.991375899999976 ], [ -51.196824599999957, -29.991049899999954 ], [ -51.197180299999957, -29.990165 ] ], [ [ -51.19876279999994, -29.985866399999953 ], [ -51.198721099999943, -29.985742499999951 ], [ -51.198665617041897, -29.98555335876809 ], [ -51.19869529999994, -29.985649 ], [ -51.199047, -29.986739 ], [ -51.199708699999981, -29.988785199999935 ], [ -51.19876279999994, -29.985866399999953 ] ], [ [ -51.192757699999959, -29.973437899999958 ], [ -51.191761, -29.973692499999963 ], [ -51.19013659999996, -29.974107299999954 ], [ -51.192757699999959, -29.973437899999958 ] ], [ [ -51.192028299999947, -29.974498699999966 ], [ -51.193022299999939, -29.97426119999993 ], [ -51.190392, -29.974889699999952 ], [ -51.192028299999947, -29.974498699999966 ] ], [ [ -51.194832199999951, -29.980058 ], [ -51.192983699999957, -29.980527199999973 ], [ -51.192129199999954, -29.980736299999919 ], [ -51.194832199999951, -29.980058 ] ], [ [ -51.193305, -29.98151479999995 ], [ -51.193606699999975, -29.982486499999933 ], [ -51.193492699999979, -29.982129099999955 ], [ -51.192983699999957, -29.980527199999973 ], [ -51.193305, -29.98151479999995 ] ], [ [ -51.195155399999976, -29.981050099999944 ], [ -51.194846499999983, -29.981135499999933 ], [ -51.193305, -29.98151479999995 ], [ -51.195155399999976, -29.981050099999944 ] ], [ [ -51.195511399999987, -29.983248899999978 ], [ -51.197371799999985, -29.982795899999925 ], [ -51.193119699999954, -29.983835799999948 ], [ -51.195511399999987, -29.983248899999978 ] ], [ [ -51.196997299999964, -29.981651099999965 ], [ -51.196569199999942, -29.980335899999925 ], [ -51.197371799999985, -29.982795899999925 ], [ -51.196997299999964, -29.981651099999965 ] ], [ [ -51.195042399999977, -29.980701799999959 ], [ -51.196931329920425, -29.980247290590995 ], [ -51.196931333429383, -29.980247301328006 ], [ -51.196569199999942, -29.980335899999925 ], [ -51.195042399999977, -29.980701799999959 ] ], [ [ -51.200759, -29.981987099999966 ], [ -51.19774, -29.982719299999911 ], [ -51.197371799999985, -29.982795899999925 ], [ -51.200759, -29.981987099999966 ] ], [ [ -51.200584260692622, -29.981452075861995 ], [ -51.202621499999964, -29.987545199999932 ], [ -51.20230289999995, -29.986622399999927 ], [ -51.201758599999948, -29.98497419999995 ], [ -51.20118489999993, -29.983309 ], [ -51.200759, -29.981987099999966 ], [ -51.200584260692622, -29.981452075861995 ] ], [ [ -51.194663, -29.985745299999962 ], [ -51.195798699999955, -29.98547769999993 ], [ -51.193805099999963, -29.98596149999997 ], [ -51.194663, -29.985745299999962 ] ], [ [ -51.195538324192391, -29.987736381355585 ], [ -51.195377699999938, -29.987823599999953 ], [ -51.194506899999965, -29.98813349999994 ], [ -51.195538324192391, -29.987736381355585 ] ], [ [ -51.198067499999979, -29.97518029999998 ], [ -51.197796599999947, -29.975145199999933 ], [ -51.19864629999995, -29.975214899999962 ], [ -51.198067499999979, -29.97518029999998 ] ], [ [ -51.198217699999987, -29.976374399999933 ], [ -51.197614899999962, -29.975644 ], [ -51.198017399999969, -29.976112299999944 ], [ -51.198217699999987, -29.976374399999933 ] ], [ [ -51.196089, -29.977594899999925 ], [ -51.196483799999953, -29.978877899999922 ], [ -51.195898176558721, -29.97698791746798 ], [ -51.196089, -29.977594899999925 ] ], [ [ -51.196888599999966, -29.97739 ], [ -51.196911716908005, -29.977384203000643 ], [ -51.196089, -29.977594899999925 ], [ -51.196888599999966, -29.97739 ] ], [ [ -51.197211299999935, -29.978710699999965 ], [ -51.199536799999976, -29.978177199999948 ], [ -51.196483799999953, -29.978877899999922 ], [ -51.197211299999935, -29.978710699999965 ] ], [ [ -51.199434899999972, -29.977882199999947 ], [ -51.19898749999993, -29.976468199999942 ], [ -51.199315199999944, -29.97742189999996 ], [ -51.200059653020858, -29.979845810095814 ], [ -51.200008699999955, -29.979689799999953 ], [ -51.199536799999976, -29.978177199999948 ], [ -51.199434899999972, -29.977882199999947 ] ], [ [ -51.194591821811329, -29.979318675571179 ], [ -51.194591816143763, -29.979318658139611 ], [ -51.196130099999955, -29.978944399999936 ], [ -51.196483799999953, -29.978877899999922 ], [ -51.194591821811329, -29.979318675571179 ] ], [ [ -51.196611699999949, -29.984232599999928 ], [ -51.194349899999963, -29.984775299999967 ], [ -51.197742, -29.983940399999934 ], [ -51.196611699999949, -29.984232599999928 ] ], [ [ -51.197887899999955, -29.986009499999959 ], [ -51.196115099999986, -29.98644 ], [ -51.196512699999971, -29.986343 ], [ -51.197887899999955, -29.986009499999959 ] ], [ [ -51.195848452055159, -29.987563549928261 ], [ -51.195762599999966, -29.987614599999972 ], [ -51.195723547965862, -29.987635805183466 ], [ -51.195848452055159, -29.987563549928261 ] ], [ [ -51.194367811461518, -29.975921894479068 ], [ -51.197278599999954, -29.975188199999931 ], [ -51.195483799999984, -29.975650599999934 ], [ -51.194367811461518, -29.975921894479068 ] ] ] } },
{ "type": "Feature", "properties": { "ltla_code": "Farroupilha", "ltla_name": "Farroupilha" }, "geometry": { "type": "Polygon", "coordinates": [ [ [ -51.216395299999931, -30.041175799999962 ], [ -51.217079, -30.040284399999972 ], [ -51.219710799999973, -30.036904199999974 ], [ -51.220130899999958, -30.036278499999973 ], [ -51.221298699999977, -30.034753899999927 ], [ -51.220941099999948, -30.034537 ], [ -51.220677699999953, -30.034247899999968 ], [ -51.221477099999959, -30.034150299999954 ], [ -51.221583099999975, -30.034032799999974 ], [ -51.221574699999962, -30.033917099999936 ], [ -51.220529299999953, -30.032305399999984 ], [ -51.21574819999995, -30.033354299999917 ], [ -51.215367399999934, -30.033485599999945 ], [ -51.20889619999997, -30.036804499999956 ], [ -51.213840299999958, -30.039697899999961 ], [ -51.216395299999931, -30.041175799999962 ] ] ] } },
{ "type": "Feature", "properties": { "ltla_code": "Floresta", "ltla_name": "Floresta" }, "geometry": { "type": "Polygon", "coordinates": [ [ [ -51.219370799999979, -30.026411799999948 ], [ -51.218959699999971, -30.025635799999979 ], [ -51.218908699999986, -30.025422299999942 ], [ -51.218958499999985, -30.025052199999948 ], [ -51.219219099999975, -30.024573299999918 ], [ -51.21923529999998, -30.024440499999958 ], [ -51.219158599999957, -30.024182 ], [ -51.218974799999955, -30.023799199999932 ], [ -51.218182599999984, -30.02313319999995 ], [ -51.217977299999973, -30.022858 ], [ -51.21798, -30.022759599999965 ], [ -51.218110699999954, -30.022541399999973 ], [ -51.218149799999935, -30.021753299999936 ], [ -51.218028599999968, -30.021343099999957 ], [ -51.218908, -30.020818599999981 ], [ -51.218976399999974, -30.020874099999958 ], [ -51.219716399999982, -30.019868 ], [ -51.219725399999959, -30.01972869999997 ], [ -51.215873, -30.016147799999942 ], [ -51.212845199999947, -30.010357099999961 ], [ -51.210631199999966, -30.011266899999953 ], [ -51.211121649750531, -30.012378128012504 ], [ -51.205585199999973, -30.01346419999993 ], [ -51.205417824866593, -30.014169077550264 ], [ -51.204803, -30.014068899999987 ], [ -51.20461, -30.014178599999976 ], [ -51.204411, -30.013993899999946 ], [ -51.203377599999953, -30.013821 ], [ -51.202612799999947, -30.013693899999968 ], [ -51.202504699999963, -30.014178399999938 ], [ -51.200501, -30.014895399999936 ], [ -51.198235799999964, -30.015694399999973 ], [ -51.196781199999975, -30.016238399999953 ], [ -51.197035199999959, -30.016736899999959 ], [ -51.197773199999972, -30.017915199999941 ], [ -51.200215799999967, -30.018075799999956 ], [ -51.201551699999982, -30.018143699999936 ], [ -51.202314799999954, -30.018194799999943 ], [ -51.203482799999961, -30.01824919999995 ], [ -51.204493299999967, -30.018302099999971 ], [ -51.205104, -30.018305799999943 ], [ -51.205264299999953, -30.018334499999977 ], [ -51.205449599999952, -30.018443299999948 ], [ -51.206042899999943, -30.01914 ], [ -51.207232199999972, -30.020510499999936 ], [ -51.207930099999942, -30.021290399999948 ], [ -51.208546899999931, -30.022036699999941 ], [ -51.209307099999933, -30.022816099999933 ], [ -51.210429499999975, -30.023911 ], [ -51.211272199999939, -30.024615 ], [ -51.212329899999986, -30.025349899999977 ], [ -51.213568099999975, -30.026141299999946 ], [ -51.214501599999949, -30.02675129999994 ], [ -51.215159699999958, -30.027284 ], [ -51.215689799999957, -30.027693799999948 ], [ -51.217274, -30.027776599999981 ], [ -51.21956229999995, -30.027917299999952 ], [ -51.219588399999964, -30.026941499999957 ], [ -51.219473499999935, -30.02661119999993 ], [ -51.219370799999979, -30.026411799999948 ] ], [ [ -51.200320899999952, -30.01672359999997 ], [ -51.200375763828831, -30.016166675780369 ], [ -51.200215799999967, -30.018075799999956 ], [ -51.200320899999952, -30.01672359999997 ] ], [ [ -51.208651499999974, -30.01838 ], [ -51.2086245, -30.018434699999947 ], [ -51.207232199999972, -30.020510499999936 ], [ -51.208651499999974, -30.01838 ] ], [ [ -51.209979899999951, -30.020511 ], [ -51.21074329999994, -30.021712699999977 ], [ -51.209360199999935, -30.019577199999954 ], [ -51.2086245, -30.018434699999947 ], [ -51.209979899999951, -30.020511 ] ], [ [ -51.214902499999937, -30.024860599999958 ], [ -51.21635949999996, -30.023515899999946 ], [ -51.213568099999975, -30.026141299999946 ], [ -51.214902499999937, -30.024860599999958 ] ], [ [ -51.213924299999974, -30.023905199999945 ], [ -51.21227179999994, -30.022247499999928 ], [ -51.21124709999998, -30.021191399999957 ], [ -51.214902499999937, -30.024860599999958 ], [ -51.213924299999974, -30.023905199999945 ] ], [ [ -51.215874699999972, -30.022818199999946 ], [ -51.217453099999943, -30.025038399999971 ], [ -51.21635949999996, -30.023515899999946 ], [ -51.215874699999972, -30.022818199999946 ] ], [ [ -51.212793899999951, -30.016167 ], [ -51.212337299999952, -30.015173399999973 ], [ -51.21171768323164, -30.01372858053055 ], [ -51.212793899999951, -30.016167 ] ], [ [ -51.207018099999971, -30.016176699999956 ], [ -51.205288798394598, -30.014770729816611 ], [ -51.205288798394598, -30.014770729816608 ], [ -51.207018099999971, -30.016176699999956 ] ] ] } },
{ "type": "Feature", "properties": { "ltla_code": "Glória", "ltla_name": "Glória" }, "geometry": { "type": "Polygon", "coordinates": [ [ [ -51.193171399999983, -30.093737899999947 ], [ -51.193513, -30.093303099999957 ], [ -51.19415349999997, -30.093109 ], [ -51.19463879999995, -30.09286829999996 ], [ -51.196152899999959, -30.090861299999975 ], [ -51.196560499999975, -30.090511899999964 ], [ -51.196715799999936, -30.089809199999927 ], [ -51.196983599999953, -30.089440399999937 ], [ -51.197274799999946, -30.088838599999963 ], [ -51.197247599999969, -30.088493099999933 ], [ -51.197663, -30.088023399999926 ], [ -51.198218199999985, -30.08719259999997 ], [ -51.198389, -30.086447199999952 ], [ -51.198726699999959, -30.085818299999964 ], [ -51.199516399999936, -30.085308599999962 ], [ -51.200259599999981, -30.085568199999944 ], [ -51.200533899999982, -30.08514069999995 ], [ -51.200147899999934, -30.085160599999938 ], [ -51.199981199999968, -30.085101599999977 ], [ -51.199671699999953, -30.084605499999945 ], [ -51.199518599999976, -30.084474 ], [ -51.199020099999984, -30.084287799999963 ], [ -51.198148899999978, -30.084175199999937 ], [ -51.197978699999965, -30.084093799999952 ], [ -51.197730899999961, -30.083771499999951 ], [ -51.197666799999979, -30.083572399999973 ], [ -51.197946699999932, -30.083087599999935 ], [ -51.19793379999993, -30.082892499999954 ], [ -51.197702799999945, -30.082689299999977 ], [ -51.197028799999941, -30.082376799999956 ], [ -51.197615699999972, -30.082641899999945 ], [ -51.198885899999937, -30.081630299999976 ], [ -51.200938099999973, -30.080477 ], [ -51.202526699999964, -30.079514299999968 ], [ -51.203217, -30.079159699999934 ], [ -51.206609499999963, -30.077681299999931 ], [ -51.205439099999978, -30.075766799999933 ], [ -51.204812699999934, -30.075304299999967 ], [ -51.203747599999986, -30.074641 ], [ -51.204372099999944, -30.073724799999983 ], [ -51.205345799999975, -30.074162499999932 ], [ -51.206438499999933, -30.071801099999956 ], [ -51.207110299999954, -30.070307899999928 ], [ -51.204634399999975, -30.069933699999982 ], [ -51.204174099999932, -30.071034 ], [ -51.203816840433085, -30.071815931423121 ], [ -51.205006599999933, -30.068997 ], [ -51.202837599999953, -30.068927199999965 ], [ -51.201860199999942, -30.068889799999948 ], [ -51.200692699999934, -30.071024099999939 ], [ -51.200386199999969, -30.071625799999939 ], [ -51.19969679999997, -30.073431599999928 ], [ -51.192997599999956, -30.072132299999968 ], [ -51.191559, -30.074258699999977 ], [ -51.194194899999957, -30.074735399999941 ], [ -51.191425799999934, -30.074237699999969 ], [ -51.187216599999942, -30.073459 ], [ -51.186952399999939, -30.074425299999973 ], [ -51.186181199999965, -30.074279099999952 ], [ -51.18600669999995, -30.075001599999947 ], [ -51.185773299999937, -30.075689099999973 ], [ -51.185496199999932, -30.07567679999994 ], [ -51.185401699999943, -30.075820699999944 ], [ -51.18509279999995, -30.075797899999952 ], [ -51.184820499999944, -30.07605759999996 ], [ -51.184370099999967, -30.075915399999932 ], [ -51.184109699999965, -30.076275499999948 ], [ -51.184700499999963, -30.076872699999964 ], [ -51.182256399999972, -30.079774399999948 ], [ -51.183156799999949, -30.079532399999941 ], [ -51.183600599999977, -30.080159599999941 ], [ -51.183795, -30.079958399999938 ], [ -51.18335849999994, -30.080501299999984 ], [ -51.182856299999969, -30.080808699999974 ], [ -51.183516199999985, -30.081100699999975 ], [ -51.18460319999997, -30.082926599999954 ], [ -51.185764, -30.083081499999924 ], [ -51.186387799999977, -30.084069499999938 ], [ -51.185965799999963, -30.085004699999956 ], [ -51.185763099999974, -30.085561299999934 ], [ -51.185529599999938, -30.087337399999964 ], [ -51.18452, -30.087675199999985 ], [ -51.184813199999951, -30.088258499999931 ], [ -51.184939899999961, -30.088619199999979 ], [ -51.185608799999954, -30.089095699999973 ], [ -51.185079499999972, -30.089266599999966 ], [ -51.185397699999953, -30.089943299999938 ], [ -51.186416099999974, -30.089655199999978 ], [ -51.191692200529658, -30.093393429523115 ], [ -51.191747599999985, -30.093557599999933 ], [ -51.192475299999955, -30.094312199999926 ], [ -51.192802599999936, -30.094305899999934 ], [ -51.192896299999973, -30.094242899999983 ], [ -51.193171399999983, -30.093737899999947 ] ], [ [ -51.198267699999974, -30.075465799999964 ], [ -51.201137599999981, -30.075986699999937 ], [ -51.194194899999957, -30.074735399999941 ], [ -51.198267699999974, -30.075465799999964 ] ], [ [ -51.201589399193487, -30.075519113172813 ], [ -51.201527199999987, -30.075596699999942 ], [ -51.201104064477271, -30.076031024581184 ], [ -51.201137599999981, -30.075986699999937 ], [ -51.201589399193487, -30.075519113172813 ] ], [ [ -51.18422709999993, -30.079713199999954 ], [ -51.184297868123259, -30.079695501823927 ], [ -51.183795, -30.079958399999938 ], [ -51.18422709999993, -30.079713199999954 ] ], [ [ -51.193794198555068, -30.076465797555429 ], [ -51.189359383070865, -30.075628250433056 ], [ -51.191039599999954, -30.075942299999944 ], [ -51.193794198976704, -30.076465795734645 ], [ -51.193794198555068, -30.076465797555429 ] ], [ [ -51.194935899999962, -30.078517299999923 ], [ -51.194402199999956, -30.078410399999932 ], [ -51.191646399999968, -30.077788299999948 ], [ -51.193396899999982, -30.078181499999964 ], [ -51.194935899999962, -30.078517299999923 ] ], [ [ -51.197065699999939, -30.076989799999971 ], [ -51.194679599999972, -30.078711399999971 ], [ -51.194935899999962, -30.078517299999923 ], [ -51.197065699999939, -30.076989799999971 ] ], [ [ -51.193182499999978, -30.083016099999952 ], [ -51.191439299999956, -30.08341489999998 ], [ -51.193786630890401, -30.082875072363013 ], [ -51.193182499999978, -30.083016099999952 ] ], [ [ -51.195529789516229, -30.089198965497438 ], [ -51.195534099999975, -30.08916939999995 ], [ -51.195728599999939, -30.088882199999929 ], [ -51.195529789516229, -30.089198965497438 ] ], [ [ -51.1952606, -30.090241 ], [ -51.195202599999959, -30.089947899999974 ], [ -51.195212499999968, -30.089886399999948 ], [ -51.1952606, -30.090241 ] ], [ [ -51.194857099999979, -30.091379599999975 ], [ -51.194384599999978, -30.091948199999937 ], [ -51.194865815481762, -30.091363741923864 ], [ -51.194857099999979, -30.091379599999975 ] ], [ [ -51.201005248642282, -30.076161631476552 ], [ -51.202552, -30.077573 ], [ -51.201005248642282, -30.076161631476555 ], [ -51.201005248642282, -30.076161631476552 ] ], [ [ -51.198678242700773, -30.078640335387316 ], [ -51.199115099999972, -30.078447499999974 ], [ -51.198683699999947, -30.078638099999974 ], [ -51.198678242700773, -30.078640335387316 ] ], [ [ -51.196150844757966, -30.08162794650022 ], [ -51.196150199999977, -30.081583099999932 ], [ -51.196238299999948, -30.081323199999922 ], [ -51.196150844757966, -30.08162794650022 ] ], [ [ -51.196553860168393, -30.0808469593781 ], [ -51.196557777233828, -30.080783158690885 ], [ -51.196564699999954, -30.080830599999949 ], [ -51.196553860168393, -30.0808469593781 ] ], [ [ -51.196500569227375, -30.080391115587826 ], [ -51.196469944171248, -30.080264571127032 ], [ -51.196483099999966, -30.080271399999969 ], [ -51.196500569227375, -30.080391115587826 ] ], [ [ -51.19545039999997, -30.080946799999932 ], [ -51.19558829999994, -30.081759699999949 ], [ -51.195578131722158, -30.081803226081121 ], [ -51.19545039999997, -30.080946799999932 ] ], [ [ -51.195555182002217, -30.081901464090951 ], [ -51.195546599999943, -30.081938199999968 ], [ -51.195511085481421, -30.08197128686027 ], [ -51.195555182002217, -30.081901464090951 ] ], [ [ -51.195340749911438, -30.082129978838719 ], [ -51.194962191005423, -30.082482660675876 ], [ -51.195136199999979, -30.082282799999973 ], [ -51.195340749911438, -30.082129978838719 ] ], [ [ -51.194820728675047, -30.082614453096486 ], [ -51.194793199999935, -30.082640099999935 ], [ -51.194693642418379, -30.082663340610022 ], [ -51.194820728675047, -30.082614453096486 ] ], [ [ -51.195909572535783, -30.083602155114495 ], [ -51.1961542848818, -30.083357049087091 ], [ -51.195999899999947, -30.083530099999955 ], [ -51.195909572535783, -30.083602155114495 ] ], [ [ -51.195542760236357, -30.083862995587513 ], [ -51.195792512061338, -30.083695535416616 ], [ -51.195633099999952, -30.083822699999924 ], [ -51.195542760236357, -30.083862995587513 ] ], [ [ -51.194617431452848, -30.084162678471063 ], [ -51.195410293421872, -30.083922081729792 ], [ -51.195209599999941, -30.084011599999929 ], [ -51.194617431452848, -30.084162678471063 ] ], [ [ -51.197584499999948, -30.081314899999935 ], [ -51.197549399281399, -30.08138197477594 ], [ -51.197596824005565, -30.081219831891062 ], [ -51.197584499999948, -30.081314899999935 ] ], [ [ -51.202613699999979, -30.074018 ], [ -51.202406042385199, -30.074339612987302 ], [ -51.203335699999968, -30.072869 ], [ -51.202613699999979, -30.074018 ] ], [ [ -51.201872399999957, -30.07516609999993 ], [ -51.201620753476426, -30.075480002065525 ], [ -51.20205873454745, -30.074877511447429 ], [ -51.201872399999957, -30.07516609999993 ] ], [ [ -51.192010799999935, -30.081178299999969 ], [ -51.192036024801972, -30.081173566408211 ], [ -51.19169549999998, -30.081395499999925 ], [ -51.192010799999935, -30.081178299999969 ] ], [ [ -51.190278499999977, -30.082008699999953 ], [ -51.190526199999965, -30.081784 ], [ -51.189175199999966, -30.083243699999965 ], [ -51.190278499999977, -30.082008699999953 ] ], [ [ -51.189017299999932, -30.083787699999952 ], [ -51.1890069382276, -30.083806365772791 ], [ -51.189175199999966, -30.083243699999965 ], [ -51.189017299999932, -30.083787699999952 ] ], [ [ -51.188996394112856, -30.083787281617859 ], [ -51.189006050337717, -30.08380796522415 ], [ -51.188923258205357, -30.083957107579899 ], [ -51.188996394112856, -30.083787281617859 ] ], [ [ -51.188872099999969, -30.084075899999959 ], [ -51.18888727460439, -30.084040663658708 ], [ -51.1888709, -30.084214499999966 ], [ -51.188872099999969, -30.084075899999959 ] ], [ [ -51.190169199999964, -30.085565699999961 ], [ -51.190024071444249, -30.085651400768196 ], [ -51.190616112956832, -30.085197782475859 ], [ -51.190169199999964, -30.085565699999961 ] ], [ [ -51.188599799999963, -30.086139399999972 ], [ -51.189392699999985, -30.085910699999936 ], [ -51.18978005419828, -30.08579549691343 ], [ -51.189741099999935, -30.085818499999952 ], [ -51.188543829894193, -30.086173602739343 ], [ -51.188599799999963, -30.086139399999972 ] ], [ [ -51.192192372287174, -30.089849967063397 ], [ -51.192019, -30.08975409999994 ], [ -51.192004025425653, -30.089736099741103 ], [ -51.192192372287174, -30.089849967063397 ] ], [ [ -51.192363039735731, -30.089953146087524 ], [ -51.192375699999957, -30.089960799999968 ], [ -51.192422399999941, -30.090202799999922 ], [ -51.192421137050935, -30.090213735181621 ], [ -51.192363039735731, -30.089953146087524 ] ], [ [ -51.192394, -30.090448699999968 ], [ -51.192383907208999, -30.090464104170906 ], [ -51.192415186710349, -30.090265255912346 ], [ -51.192394, -30.090448699999968 ] ], [ [ -51.192144831264585, -30.09082899498484 ], [ -51.192205299999955, -30.090690699999975 ], [ -51.192333269915451, -30.090541389584555 ], [ -51.192144831264585, -30.09082899498484 ] ], [ [ -51.19206429999997, -30.091628599999972 ], [ -51.192130399999947, -30.090862 ], [ -51.192134151065879, -30.090853421126873 ], [ -51.19206429999997, -30.091628599999972 ] ], [ [ -51.191307837273818, -30.092789580437572 ], [ -51.191301099999983, -30.092773399999949 ], [ -51.191314202371466, -30.092767211665773 ], [ -51.191307837273818, -30.092789580437572 ] ], [ [ -51.191687499999944, -30.093379499999966 ], [ -51.19169218883362, -30.093393394863135 ], [ -51.191472899999951, -30.093186 ], [ -51.191687499999944, -30.093379499999966 ] ], [ [ -51.188343699999962, -30.086295899999971 ], [ -51.188451170302322, -30.086230226035429 ], [ -51.188235539904134, -30.086404557057179 ], [ -51.188343699999962, -30.086295899999971 ] ], [ [ -51.188039, -30.086602 ], [ -51.188092332955051, -30.08654842199682 ], [ -51.187602599999934, -30.08733 ], [ -51.188039, -30.086602 ] ], [ [ -51.187473899999986, -30.087465399999928 ], [ -51.187406706315862, -30.087502234150719 ], [ -51.187602599999934, -30.08733 ], [ -51.187473899999986, -30.087465399999928 ] ], [ [ -51.191711030994277, -30.084616535711074 ], [ -51.191767299999981, -30.08459 ], [ -51.19183059156061, -30.084582482148345 ], [ -51.191711030994277, -30.084616535711074 ] ], [ [ -51.190776487585822, -30.085074904495531 ], [ -51.190836399999966, -30.085029 ], [ -51.190986515899581, -30.084958207347757 ], [ -51.190776487585822, -30.085074904495531 ] ], [ [ -51.191046499999977, -30.07775369999996 ], [ -51.190935092603283, -30.077681580873744 ], [ -51.190943899999979, -30.077683299999933 ], [ -51.191046499999977, -30.07775369999996 ] ], [ [ -51.189265699256858, -30.077055536830837 ], [ -51.188975099999936, -30.077604699999938 ], [ -51.189261499999986, -30.07705439999993 ], [ -51.189265699256858, -30.077055536830837 ] ], [ [ -51.184853074704016, -30.079569312671104 ], [ -51.184602542648975, -30.079619306735889 ], [ -51.184802899999966, -30.079569199999984 ], [ -51.184853074704016, -30.079569312671104 ] ], [ [ -51.192173499999974, -30.078417699999928 ], [ -51.192232099999956, -30.078709899999978 ], [ -51.19215985906029, -30.078410780353309 ], [ -51.192173499999974, -30.078417699999928 ] ], [ [ -51.187760199999957, -30.076767299999968 ], [ -51.18931809999998, -30.07695359999996 ], [ -51.189445899999953, -30.07698889999994 ], [ -51.187760199999957, -30.076767299999968 ] ], [ [ -51.186441099999968, -30.076773199999931 ], [ -51.186461099999974, -30.076333699999964 ], [ -51.186455165732212, -30.076775515803966 ], [ -51.186441099999968, -30.076773199999931 ] ] ] } },
{ "type": "Feature", "properties": { "ltla_code": "Guarujá", "ltla_name": "Guarujá" }, "geometry": { "type": "Polygon", "coordinates": [ [ [ -51.222567955415258, -30.159572858797201 ], [ -51.225866329193188, -30.159202207956806 ], [ -51.225852199999963, -30.159241599999962 ], [ -51.227736, -30.159098199999946 ], [ -51.227522599999986, -30.158923399999939 ], [ -51.227451199999962, -30.158751099999957 ], [ -51.227501799999978, -30.158277599999955 ], [ -51.226780499999961, -30.156992499999941 ], [ -51.226577499999969, -30.156729499999983 ], [ -51.226394599999935, -30.156325899999946 ], [ -51.226054699999963, -30.155488299999934 ], [ -51.226156699999933, -30.15537449999993 ], [ -51.226141299999938, -30.155284599999959 ], [ -51.226035899999943, -30.155154399999951 ], [ -51.22576319999996, -30.154312699999931 ], [ -51.225557199999969, -30.153988099999935 ], [ -51.225577499999986, -30.153683799999946 ], [ -51.225534299999936, -30.153471 ], [ -51.225366, -30.153256299999949 ], [ -51.225132799999983, -30.152493399999965 ], [ -51.223961799999984, -30.152738799999945 ], [ -51.22301079999994, -30.152969699999964 ], [ -51.22261089999995, -30.152964199999928 ], [ -51.22076449999998, -30.152204599999944 ], [ -51.220546299999967, -30.152162099999927 ], [ -51.219395899999938, -30.15242139999998 ], [ -51.219715399999984, -30.152862099999929 ], [ -51.219807603604281, -30.153058178550864 ], [ -51.21610069999997, -30.153890799999946 ], [ -51.210723599999938, -30.155098399999929 ], [ -51.208033499999942, -30.156918699999942 ], [ -51.207518, -30.159556399999921 ], [ -51.206530499999985, -30.163297099999962 ], [ -51.206387899999982, -30.163833199999935 ], [ -51.209573299999938, -30.163692499999964 ], [ -51.218389899999977, -30.163101 ], [ -51.219593699999962, -30.162416099999966 ], [ -51.219992699999978, -30.162097299999971 ], [ -51.220413, -30.161537799999959 ], [ -51.220571099999972, -30.161111699999939 ], [ -51.221458, -30.161053099999943 ], [ -51.221820399999956, -30.160919899999943 ], [ -51.222182699999962, -30.16068259999998 ], [ -51.222406499999984, -30.16047819999994 ], [ -51.222596599999974, -30.16016929999995 ], [ -51.222636199999954, -30.160018799999929 ], [ -51.222617399999933, -30.159767299999931 ], [ -51.222607099999948, -30.159733799999966 ], [ -51.222567955415258, -30.159572858797201 ] ], [ [ -51.221866499999976, -30.155448599999939 ], [ -51.221779022909942, -30.155467234454974 ], [ -51.221919549379052, -30.155418023542303 ], [ -51.221866499999976, -30.155448599999939 ] ], [ [ -51.221499399999971, -30.155526799999965 ], [ -51.221417988157881, -30.155523731658185 ], [ -51.221583683442518, -30.155508845858833 ], [ -51.221499399999971, -30.155526799999965 ] ], [ [ -51.221135899999979, -30.155513099999954 ], [ -51.220817299999965, -30.15541409999997 ], [ -51.221259019559341, -30.155517740269456 ], [ -51.221135899999979, -30.155513099999954 ] ], [ [ -51.219271444416606, -30.156713351406381 ], [ -51.219277799999986, -30.156649699999942 ], [ -51.21930860308867, -30.156577809538781 ], [ -51.219271444416606, -30.156713351406381 ] ], [ [ -51.225764899999945, -30.156439499999973 ], [ -51.221647, -30.156896 ], [ -51.220730599999968, -30.156990599999961 ], [ -51.225764899999945, -30.156439499999973 ] ], [ [ -51.220334, -30.156987 ], [ -51.220233058234477, -30.156970787803772 ], [ -51.220730599999968, -30.156990599999961 ], [ -51.220334, -30.156987 ] ], [ [ -51.219994582898821, -30.153530348854851 ], [ -51.219952815449467, -30.153366983487523 ], [ -51.219984, -30.153433299999957 ], [ -51.219994582898821, -30.153530348854851 ] ], [ [ -51.220044086922286, -30.154126133141624 ], [ -51.220028608316234, -30.153842373739529 ], [ -51.220047399999942, -30.154014699999937 ], [ -51.220044086922286, -30.154126133141624 ] ] ] } },
{ "type": "Feature", "properties": { "ltla_code": "Higienópolis", "ltla_name": "Higienópolis" }, "geometry": { "type": "Polygon", "coordinates": [ [ [ -51.186508299999964, -30.017399899999926 ], [ -51.188683899999951, -30.017539799999941 ], [ -51.189691499999981, -30.017639199999952 ], [ -51.191821399999981, -30.01770359999994 ], [ -51.191961799999945, -30.016554899999953 ], [ -51.192013799999984, -30.015774599999926 ], [ -51.191959899999972, -30.015594599999915 ], [ -51.191855799999985, -30.014561299999965 ], [ -51.191957799999955, -30.01417139999996 ], [ -51.191069499999969, -30.013840699999957 ], [ -51.190113499999939, -30.013484899999977 ], [ -51.189116499999955, -30.013104899999973 ], [ -51.188045699999975, -30.012707699999968 ], [ -51.185522, -30.011794399999918 ], [ -51.18495489999998, -30.011651099999934 ], [ -51.184227399999941, -30.011587899999931 ], [ -51.183338899999967, -30.011557399999955 ], [ -51.181781499999943, -30.011531799999947 ], [ -51.180614799999944, -30.011522799999963 ], [ -51.180632, -30.010971899999955 ], [ -51.178809299999955, -30.010918299999961 ], [ -51.178628899999978, -30.013208699999939 ], [ -51.178194, -30.01854469999995 ], [ -51.178110799999956, -30.019629399999921 ], [ -51.178611299999943, -30.019859499999939 ], [ -51.180300599999953, -30.020484 ], [ -51.18164349999995, -30.020975399999944 ], [ -51.183839099999943, -30.021763899999925 ], [ -51.184583399999958, -30.021920199999951 ], [ -51.186178, -30.01975689999994 ], [ -51.186335199999974, -30.019255899999958 ], [ -51.186508299999964, -30.017399899999926 ] ], [ [ -51.183197, -30.01700389999996 ], [ -51.183243399999981, -30.014693899999934 ], [ -51.18329319999998, -30.013057699999933 ], [ -51.183338899999967, -30.011557399999955 ], [ -51.183197, -30.01700389999996 ] ] ] } },
{ "type": "Feature", "properties": { "ltla_code": "Humaitá", "ltla_name": "Humaitá" }, "geometry": { "type": "Polygon", "coordinates": [ [ [ -51.195896499999947, -29.99211229999996 ], [ -51.195583099999965, -29.991446599999954 ], [ -51.194254599999965, -29.98742789999994 ], [ -51.193594299999972, -29.985331599999935 ], [ -51.191210299999966, -29.977907399999928 ], [ -51.190849499999956, -29.976813099999951 ], [ -51.19100549999996, -29.976769399999963 ], [ -51.189223499999969, -29.97131 ], [ -51.189395799999943, -29.968397699999969 ], [ -51.187565499999948, -29.968200699999947 ], [ -51.183373699999947, -29.968934399999974 ], [ -51.176980499999956, -29.967745199999953 ], [ -51.176362199999971, -29.96772419999996 ], [ -51.176343599999939, -29.969788199999979 ], [ -51.176433599999939, -29.970451099999931 ], [ -51.176829799999958, -29.971870799999973 ], [ -51.178151299999968, -29.975280299999948 ], [ -51.178455299999939, -29.976222 ], [ -51.181031899999937, -29.984659899999937 ], [ -51.181557299999952, -29.987064699999966 ], [ -51.182437199999988, -29.988572599999937 ], [ -51.188073899999949, -29.994671199999971 ], [ -51.189491799999985, -29.99593549999997 ], [ -51.18973109999996, -29.99616409999993 ], [ -51.19053109999993, -29.996635599999937 ], [ -51.191361899999947, -29.99696449999994 ], [ -51.192833299999961, -29.997302199999979 ], [ -51.197627599999976, -29.997566499999937 ], [ -51.197481880778199, -29.9971217229531 ], [ -51.199540399999933, -29.99722 ], [ -51.198343099999931, -29.993276299999931 ], [ -51.196371099999965, -29.993731299999968 ], [ -51.195896499999947, -29.99211229999996 ] ], [ [ -51.188328099999978, -29.979694299999942 ], [ -51.187952699999983, -29.978620099999947 ], [ -51.187874399999941, -29.978284099999943 ], [ -51.188328099999978, -29.979694299999942 ] ], [ [ -51.185318299999949, -29.980421399999951 ], [ -51.186669699999982, -29.980067799999969 ], [ -51.188328099999978, -29.979694299999942 ], [ -51.185318299999949, -29.980421399999951 ] ], [ [ -51.184603092119701, -29.979201272270704 ], [ -51.185244699999942, -29.980236699999974 ], [ -51.185318299999949, -29.980421399999951 ], [ -51.184603092119701, -29.979201272270704 ] ], [ [ -51.186276799999973, -29.978760099999928 ], [ -51.186353599999968, -29.979009499999965 ], [ -51.186669699999982, -29.980067799999969 ], [ -51.186276799999973, -29.978760099999928 ] ], [ [ -51.188979599999989, -29.985551499999922 ], [ -51.189314819280433, -29.98592899141758 ], [ -51.187228699999935, -29.983690199999963 ], [ -51.185952199999981, -29.982317499999951 ], [ -51.188979599999989, -29.985551499999922 ] ], [ [ -51.188952299999983, -29.989047199999952 ], [ -51.187720899999931, -29.987740399999954 ], [ -51.185108599999978, -29.984902199999961 ], [ -51.183816899999954, -29.983431399999976 ], [ -51.185252, -29.985055399999954 ], [ -51.187319499999944, -29.987299199999931 ], [ -51.188952299999983, -29.989047199999952 ] ], [ [ -51.190965899999981, -29.991287799999949 ], [ -51.193026299999985, -29.993483399999938 ], [ -51.191943899999956, -29.992372199999977 ], [ -51.190039799999965, -29.990273 ], [ -51.190965899999981, -29.991287799999949 ] ], [ [ -51.192681799999946, -29.98787939999993 ], [ -51.193347699999947, -29.987757399999957 ], [ -51.192088599999977, -29.988018099999966 ], [ -51.192681799999946, -29.98787939999993 ] ], [ [ -51.190425199999936, -29.979477799999987 ], [ -51.189327777178214, -29.97974092593757 ], [ -51.189327770686987, -29.979740905767464 ], [ -51.189894, -29.979598899999928 ], [ -51.190425199999936, -29.979477799999987 ] ], [ [ -51.180701, -29.978519699999929 ], [ -51.180772298143978, -29.978634739336623 ], [ -51.179151099999956, -29.976080599999925 ], [ -51.180701, -29.978519699999929 ] ], [ [ -51.183947299999943, -29.977261299999945 ], [ -51.185136672592058, -29.977370518970179 ], [ -51.185072099999957, -29.977366 ], [ -51.183947299999943, -29.977261299999945 ] ] ] } },
{ "type": "Feature", "properties": { "ltla_code": "Hípica", "ltla_name": "Hípica" }, "geometry": { "type": "Polygon", "coordinates": [ [ [ -51.18411709999998, -30.169551399999929 ], [ -51.186293399999954, -30.17040429999998 ], [ -51.190853699999941, -30.172162099999973 ], [ -51.191599099999962, -30.172352199999978 ], [ -51.193035499999951, -30.172451499999962 ], [ -51.193813099999943, -30.172285399999961 ], [ -51.194648599999937, -30.17223059999997 ], [ -51.198449899999957, -30.171668 ], [ -51.192320499999937, -30.16061429999996 ], [ -51.191193199999987, -30.158577099999931 ], [ -51.190794578505781, -30.158550651501017 ], [ -51.190326899999953, -30.15634969999995 ], [ -51.191437599999972, -30.145534399999974 ], [ -51.186643899999979, -30.135958499999951 ], [ -51.186471, -30.136437299999951 ], [ -51.186293099999943, -30.137165299999936 ], [ -51.186402099999952, -30.136697799999979 ], [ -51.185770399999967, -30.136998799999951 ], [ -51.184343, -30.137859799999941 ], [ -51.183865, -30.138083499999929 ], [ -51.183720199999982, -30.138088299999936 ], [ -51.183250299999941, -30.137945099999964 ], [ -51.182986399999947, -30.137919299999954 ], [ -51.179753299999959, -30.13811729999998 ], [ -51.178502899999955, -30.137615199999971 ], [ -51.177862399999981, -30.137153299999966 ], [ -51.17764029999995, -30.137053499999972 ], [ -51.176064799999949, -30.13695539999997 ], [ -51.175245699999948, -30.136982699999969 ], [ -51.174630899999954, -30.136771899999932 ], [ -51.174014399999976, -30.136438799999951 ], [ -51.172362499999963, -30.137348599999942 ], [ -51.172122599999966, -30.137347799999919 ], [ -51.171352099999979, -30.137207 ], [ -51.171081299999969, -30.137211199999957 ], [ -51.170275499999946, -30.137332699999952 ], [ -51.169418399999984, -30.137660199999967 ], [ -51.168530099999941, -30.138215499999937 ], [ -51.167887599999979, -30.138726199999947 ], [ -51.167405099999939, -30.139270199999949 ], [ -51.167095199999949, -30.139838299999951 ], [ -51.166697699999986, -30.141130799999932 ], [ -51.166596099999936, -30.141291499999962 ], [ -51.164437099999986, -30.142504199999969 ], [ -51.162749299999973, -30.144119199999981 ], [ -51.162558299999951, -30.144480699999971 ], [ -51.162005699999952, -30.146123 ], [ -51.16147849999993, -30.147097799999969 ], [ -51.161363199999982, -30.147788299999945 ], [ -51.161292399999979, -30.148532399999965 ], [ -51.161309699999947, -30.148933899999967 ], [ -51.161459, -30.150463399999964 ], [ -51.161326799999983, -30.151525899999964 ], [ -51.16115, -30.152441699999937 ], [ -51.161054799999931, -30.153248299999969 ], [ -51.161015899999938, -30.156666899999941 ], [ -51.161054799999931, -30.157084899999965 ], [ -51.161363399999971, -30.158093499999943 ], [ -51.161470273503241, -30.158313152154822 ], [ -51.161418599999941, -30.158381699999946 ], [ -51.16062519999997, -30.159273799999941 ], [ -51.160471599999937, -30.159510299999951 ], [ -51.160070599999983, -30.160428099999923 ], [ -51.159719099999961, -30.16109769999996 ], [ -51.159411499999976, -30.161441199999949 ], [ -51.159027199999969, -30.161691799999971 ], [ -51.158258899999964, -30.162010099999964 ], [ -51.158476499999949, -30.162742099999942 ], [ -51.158499799999959, -30.162957899999974 ], [ -51.158599299999935, -30.163121499999924 ], [ -51.159099099999942, -30.16365 ], [ -51.159853399999974, -30.164236099999986 ], [ -51.160475899999938, -30.164423899999971 ], [ -51.160575, -30.164412899999935 ], [ -51.160879399999942, -30.164565399999951 ], [ -51.161342599999955, -30.164673199999974 ], [ -51.161509499999966, -30.16476409999995 ], [ -51.162167499999953, -30.164915199999928 ], [ -51.164080099999978, -30.165529099999951 ], [ -51.165138899999931, -30.165806399999948 ], [ -51.165710699999977, -30.166040499999948 ], [ -51.166024099999959, -30.166111899999979 ], [ -51.166460699999959, -30.166353 ], [ -51.166583299999957, -30.166525699999951 ], [ -51.166592099999946, -30.166735299999971 ], [ -51.166760599999982, -30.166921299999949 ], [ -51.166797199999962, -30.16704739999993 ], [ -51.16685039999993, -30.167316399999951 ], [ -51.16679849999997, -30.167694799999936 ], [ -51.166904799999941, -30.167978699999928 ], [ -51.167068699999959, -30.168783699999942 ], [ -51.167171499999938, -30.169702499999961 ], [ -51.16726129999995, -30.170083599999927 ], [ -51.167257499999948, -30.170370399999968 ], [ -51.16749249999998, -30.170955399999965 ], [ -51.167789699999965, -30.171343299999929 ], [ -51.168116899999973, -30.171620099999984 ], [ -51.168952399999966, -30.171967899999967 ], [ -51.169687299999964, -30.172204299999962 ], [ -51.170259599999952, -30.172187699999924 ], [ -51.170949399999984, -30.171903399999966 ], [ -51.171457299999986, -30.171366399999947 ], [ -51.171857299999942, -30.17103319999995 ], [ -51.172262399999966, -30.170831199999949 ], [ -51.172836599999982, -30.170637299999949 ], [ -51.173073799999941, -30.170498399999939 ], [ -51.17355809999998, -30.170399599999936 ], [ -51.173740499999951, -30.17026439999994 ], [ -51.17404259999995, -30.170143199999977 ], [ -51.174963899999966, -30.169886 ], [ -51.175752599999953, -30.169527099999979 ], [ -51.176068099999959, -30.169467299999955 ], [ -51.176468, -30.169262399999973 ], [ -51.176895099999967, -30.169115899999948 ], [ -51.177063699999962, -30.169102499999951 ], [ -51.177298199999939, -30.16898469999995 ], [ -51.177630199999953, -30.168913399999937 ], [ -51.177976899999976, -30.169031399999938 ], [ -51.178337599999963, -30.169050599999927 ], [ -51.179084299999943, -30.169242299999954 ], [ -51.17921709999996, -30.169202 ], [ -51.179497499999968, -30.169300799999977 ], [ -51.179659799999968, -30.169269399999951 ], [ -51.180200199999945, -30.169447699999981 ], [ -51.180640899999958, -30.169518 ], [ -51.181054199999949, -30.169564399999945 ], [ -51.182598, -30.169369 ], [ -51.183528699999954, -30.16942789999996 ], [ -51.18411709999998, -30.169551399999929 ] ], [ [ -51.164036599999974, -30.158327799999935 ], [ -51.163419799999986, -30.158340499999959 ], [ -51.161418599999941, -30.158381699999946 ], [ -51.164036599999974, -30.158327799999935 ] ], [ [ -51.168949399999974, -30.162809299999939 ], [ -51.170871954843626, -30.163300710312292 ], [ -51.169661099999985, -30.163001899999966 ], [ -51.160070599999983, -30.160428099999923 ], [ -51.168949399999974, -30.162809299999939 ] ], [ [ -51.174869099999967, -30.14080239999997 ], [ -51.174893124883567, -30.140870964951684 ], [ -51.17440739999995, -30.140049499999968 ], [ -51.174869099999967, -30.14080239999997 ] ], [ [ -51.176030199999957, -30.145385199999968 ], [ -51.17602191559277, -30.145427649249026 ], [ -51.176047599999947, -30.144775799999927 ], [ -51.176030199999957, -30.145385199999968 ] ], [ [ -51.176015955130055, -30.145458190621621 ], [ -51.173693766638806, -30.145306777655815 ], [ -51.173712, -30.145305599999972 ], [ -51.17601595606714, -30.145458185819979 ], [ -51.176015955130055, -30.145458190621621 ] ], [ [ -51.175015368341512, -30.15008185167601 ], [ -51.17497069999996, -30.149927299999948 ], [ -51.174970439775905, -30.149710478579724 ], [ -51.175015368341512, -30.15008185167601 ] ], [ [ -51.17517323380104, -30.150406340740574 ], [ -51.175084399999946, -30.150320699999941 ], [ -51.175069183845139, -30.150268052371967 ], [ -51.17517323380104, -30.150406340740574 ] ], [ [ -51.175487199999964, -30.150607699999956 ], [ -51.175270799999964, -30.150500399999935 ], [ -51.175244406738514, -30.150474955423313 ], [ -51.175487199999964, -30.150607699999956 ] ], [ [ -51.179838, -30.151910799999936 ], [ -51.179951924182923, -30.151993016672282 ], [ -51.17959849999994, -30.151806799999967 ], [ -51.179838, -30.151910799999936 ] ], [ [ -51.180645699999957, -30.152493699999976 ], [ -51.180670514803573, -30.152530959690001 ], [ -51.180415515939643, -30.152327581034061 ], [ -51.180645699999957, -30.152493699999976 ] ], [ [ -51.182857399999932, -30.154300899999949 ], [ -51.182873368436269, -30.154334110744646 ], [ -51.182789431865295, -30.154270513463675 ], [ -51.182857399999932, -30.154300899999949 ] ], [ [ -51.181237899999985, -30.155558399999947 ], [ -51.180102799999986, -30.155423599999942 ], [ -51.181598399999984, -30.155585399999953 ], [ -51.182141899999976, -30.155691099999956 ], [ -51.181237899999985, -30.155558399999947 ] ], [ [ -51.176278299999979, -30.159206299999941 ], [ -51.176282899999933, -30.16170539999996 ], [ -51.176275499999974, -30.158617899999971 ], [ -51.176276499999972, -30.15613569999994 ], [ -51.176278299999979, -30.158031899999955 ], [ -51.176278299999979, -30.159206299999941 ] ], [ [ -51.173827016333881, -30.15909376236964 ], [ -51.173815, -30.155744499999969 ], [ -51.173825899999947, -30.158621699999966 ], [ -51.173827016333881, -30.15909376236964 ] ], [ [ -51.172496, -30.155910499999944 ], [ -51.170517199999949, -30.15614 ], [ -51.170082153965211, -30.156183478888938 ], [ -51.173815, -30.155744499999969 ], [ -51.172496, -30.155910499999944 ] ], [ [ -51.170525, -30.158626699999946 ], [ -51.170491099999943, -30.159251199999979 ], [ -51.170517199999949, -30.15614 ], [ -51.170525, -30.158626699999946 ] ], [ [ -51.172498799999971, -30.158620299999939 ], [ -51.171853, -30.158623599999938 ], [ -51.170525, -30.158626699999946 ], [ -51.172498799999971, -30.158620299999939 ] ], [ [ -51.171204799999941, -30.159548499999964 ], [ -51.171850799999959, -30.159547 ], [ -51.172499199999955, -30.159546299999924 ], [ -51.171204799999941, -30.159548499999964 ] ], [ [ -51.173833399999978, -30.164101099999979 ], [ -51.17464, -30.164343499999969 ], [ -51.172305599999959, -30.163654499999947 ], [ -51.173833399999978, -30.164101099999979 ] ], [ [ -51.173831599999971, -30.161106399999937 ], [ -51.173829191487386, -30.160013566097557 ], [ -51.173837299999946, -30.163442399999944 ], [ -51.173833399999978, -30.164101099999979 ], [ -51.173831599999971, -30.161106399999937 ] ], [ [ -51.17600236473681, -30.164590713796368 ], [ -51.175954799999943, -30.164596899999928 ], [ -51.175680699999987, -30.164581199999922 ], [ -51.17600236473681, -30.164590713796368 ] ], [ [ -51.177658106911522, -30.164102045745146 ], [ -51.176817899999946, -30.16439119999994 ], [ -51.176313099999959, -30.164550299999977 ], [ -51.177658106911522, -30.164102045745146 ] ], [ [ -51.177932, -30.161104799999979 ], [ -51.177913399999966, -30.15948469999995 ], [ -51.177965761322788, -30.163996167561095 ], [ -51.177965752126099, -30.163996170726104 ], [ -51.177934099999959, -30.161795 ], [ -51.177932, -30.161104799999979 ] ], [ [ -51.177367872517017, -30.161641143850183 ], [ -51.177397499999984, -30.161641599999932 ], [ -51.177934099999959, -30.161795 ], [ -51.177367872517017, -30.161641143850183 ] ], [ [ -51.188443, -30.159894 ], [ -51.188439625953492, -30.159895869450519 ], [ -51.188762347545861, -30.159712135963019 ], [ -51.188685899999946, -30.159757099999965 ], [ -51.188443, -30.159894 ] ], [ [ -51.187639862397603, -30.160315073680788 ], [ -51.187830883003969, -30.160233154330282 ], [ -51.187755899999956, -30.160274699999949 ], [ -51.187639862397603, -30.160315073680788 ] ], [ [ -51.185416099999941, -30.16105749999997 ], [ -51.185507009890763, -30.161027781736998 ], [ -51.185118534152977, -30.161211014627476 ], [ -51.185416099999941, -30.16105749999997 ] ], [ [ -51.184268399999951, -30.161649599999969 ], [ -51.184648080755473, -30.161453722178809 ], [ -51.184116587465496, -30.161750857107883 ], [ -51.184268399999951, -30.161649599999969 ] ], [ [ -51.186966717040306, -30.160550606365419 ], [ -51.186966717513783, -30.160550606210638 ], [ -51.188785799999955, -30.163809299999954 ], [ -51.19120369999996, -30.168147599999955 ], [ -51.186966717040306, -30.160550606365419 ] ], [ [ -51.177249748785215, -30.161639325197182 ], [ -51.177023410842772, -30.161676074691059 ], [ -51.177131199999963, -30.161637499999987 ], [ -51.177249748785215, -30.161639325197182 ] ], [ [ -51.176856799999939, -30.161735699999944 ], [ -51.176907749456575, -30.161717466630268 ], [ -51.175802299999987, -30.162525799999962 ], [ -51.176382199999978, -30.162092399999949 ], [ -51.176856799999939, -30.161735699999944 ] ], [ [ -51.174516502303597, -30.163384891139906 ], [ -51.174516499999982, -30.163402499999957 ], [ -51.174453199999959, -30.163441 ], [ -51.174516502303597, -30.163384891139906 ] ], [ [ -51.17146189999994, -30.148061099999961 ], [ -51.171865299999979, -30.14118939999997 ], [ -51.171576199999947, -30.146125099999942 ], [ -51.17146189999994, -30.148061099999961 ] ], [ [ -51.169697, -30.151221299999975 ], [ -51.169805399999973, -30.148314799999977 ], [ -51.169820499999958, -30.147996199999966 ], [ -51.169698048932858, -30.151448223515271 ], [ -51.169697, -30.151221299999975 ] ], [ [ -51.169727799999976, -30.151789299999962 ], [ -51.169705, -30.152952 ], [ -51.169699553964129, -30.151773818219013 ], [ -51.170689599999946, -30.15177519999996 ], [ -51.169727799999976, -30.151789299999962 ] ], [ [ -51.169203096419047, -30.15432574102968 ], [ -51.169694099999958, -30.154298899999954 ], [ -51.169659499999966, -30.154330299999966 ], [ -51.169203096419047, -30.15432574102968 ] ], [ [ -51.17723756178092, -30.15527317172327 ], [ -51.176909803092308, -30.15527037922104 ], [ -51.177036199999975, -30.155262599999951 ], [ -51.17723756178092, -30.15527317172327 ] ], [ [ -51.176394042610376, -30.155302122203452 ], [ -51.176100502268355, -30.155337043950102 ], [ -51.176217299999962, -30.155313 ], [ -51.176394042610376, -30.155302122203452 ] ], [ [ -51.172269399999948, -30.154089899999974 ], [ -51.17290266617438, -30.1547985947178 ], [ -51.172838, -30.154755399999946 ], [ -51.172239819035227, -30.154057911040926 ], [ -51.172269399999948, -30.154089899999974 ] ], [ [ -51.172009894327985, -30.153809269655721 ], [ -51.171958642258254, -30.153766435800328 ], [ -51.171984399999985, -30.153781699999961 ], [ -51.172009894327985, -30.153809269655721 ] ], [ [ -51.171809685470521, -30.153678163071778 ], [ -51.171638644594061, -30.153601459173579 ], [ -51.1717139, -30.15362139999996 ], [ -51.171809685470521, -30.153678163071778 ] ], [ [ -51.173312088731514, -30.145340796369457 ], [ -51.173352799999975, -30.145328799999945 ], [ -51.173529172508928, -30.145317408457064 ], [ -51.173312088731514, -30.145340796369457 ] ], [ [ -51.166780499999959, -30.154289499999948 ], [ -51.163799899999958, -30.154308499999946 ], [ -51.166187399999956, -30.154291499999935 ], [ -51.166780499999959, -30.154289499999948 ] ], [ [ -51.162047499999971, -30.152000699999967 ], [ -51.16183929999994, -30.153069799999962 ], [ -51.162116691825418, -30.151559831398181 ], [ -51.162122199999942, -30.15157309999994 ], [ -51.162047499999971, -30.152000699999967 ] ], [ [ -51.163951141271106, -30.156458658504114 ], [ -51.163508332488931, -30.156494291791795 ], [ -51.163639, -30.15646589999994 ], [ -51.163951141271106, -30.156458658504114 ] ], [ [ -51.163160942976575, -30.156569773529 ], [ -51.162944954285599, -30.156652472994114 ], [ -51.163038399999948, -30.156596399999948 ], [ -51.163160942976575, -30.156569773529 ] ], [ [ -51.162819281022017, -30.156727884437267 ], [ -51.162348299999962, -30.157148399999976 ], [ -51.162702599999932, -30.156797899999951 ], [ -51.162819281022017, -30.156727884437267 ] ], [ [ -51.165130699999963, -30.151292499999954 ], [ -51.163893599999938, -30.151239799999928 ], [ -51.164489499999945, -30.151252499999934 ], [ -51.165130699999963, -30.151292499999954 ] ], [ [ -51.167469499999989, -30.152610299999932 ], [ -51.166258099999936, -30.151929499999934 ], [ -51.165130699999963, -30.151292499999954 ], [ -51.167469499999989, -30.152610299999932 ] ], [ [ -51.16728889999996, -30.14788 ], [ -51.167286699999977, -30.148186799999948 ], [ -51.167232099999978, -30.148970299999963 ], [ -51.16728889999996, -30.14788 ] ] ] } },
{ "type": "Feature", "properties": { "ltla_code": "Independência", "ltla_name": "Independência" }, "geometry": { "type": "MultiPolygon", "coordinates": [ [ [ [ -51.217279, -30.030534 ], [ -51.217278685995254, -30.030475002003598 ], [ -51.219416, -30.030524799999959 ], [ -51.219375199999952, -30.030431399999937 ], [ -51.21940879999994, -30.029482499999965 ], [ -51.217272699999967, -30.029350299999983 ], [ -51.219479199999967, -30.029482499999972 ], [ -51.21956229999995, -30.027917299999952 ], [ -51.219374499999958, -30.027908599999929 ], [ -51.218800199999976, -30.027885899999927 ], [ -51.217274, -30.027776599999981 ], [ -51.215689799999957, -30.027693799999948 ], [ -51.215775997393308, -30.027780162839353 ], [ -51.215159699999958, -30.027284 ], [ -51.214501599999949, -30.02675129999994 ], [ -51.211875499999962, -30.025051099999921 ], [ -51.211272199999939, -30.024615 ], [ -51.210429499999975, -30.023911 ], [ -51.209699199999932, -30.025738099999955 ], [ -51.208838499999956, -30.027970499999974 ], [ -51.208560099999943, -30.028664799999945 ], [ -51.208502, -30.028923299999974 ], [ -51.21063, -30.029229399999959 ], [ -51.211903799999959, -30.029409299999944 ], [ -51.212490299999956, -30.030018499999979 ], [ -51.213502299999959, -30.02993709999998 ], [ -51.213931399999979, -30.029331599999963 ], [ -51.214186299999938, -30.031221199999955 ], [ -51.215185199999951, -30.031002 ], [ -51.215989, -30.030806799999933 ], [ -51.217279, -30.030534 ] ], [ [ -51.213694499999974, -30.028963099999931 ], [ -51.213884599999972, -30.029258799999972 ], [ -51.213931399999979, -30.029331599999963 ], [ -51.213694499999974, -30.028963099999931 ] ], [ [ -51.211146099999951, -30.026350799999928 ], [ -51.21097929999997, -30.02726649999995 ], [ -51.210792799999979, -30.028249899999935 ], [ -51.211146099999951, -30.026350799999928 ] ] ], [ [ [ -51.210857299999986, -30.031743799999937 ], [ -51.211903799999959, -30.029409299999944 ], [ -51.210763399999962, -30.02924849999993 ], [ -51.210857299999986, -30.031743799999937 ] ] ], [ [ [ -51.208502, -30.028923299999974 ], [ -51.208481199999937, -30.030202299999925 ], [ -51.209807299999973, -30.030231899999936 ], [ -51.210791799999981, -30.030240199999966 ], [ -51.210763399999962, -30.02924849999993 ], [ -51.20988459999996, -30.029145699999958 ], [ -51.208502, -30.028923299999974 ] ] ] ] } },
{ "type": "Feature", "properties": { "ltla_code": "Ipanema", "ltla_name": "Ipanema" }, "geometry": { "type": "Polygon", "coordinates": [ [ [ -51.226850199999944, -30.14302779999997 ], [ -51.227002, -30.14319619999997 ], [ -51.227153599999951, -30.143228799999967 ], [ -51.227318, -30.143169599999961 ], [ -51.22747819999995, -30.142942599999973 ], [ -51.227486599999963, -30.142807699999928 ], [ -51.227426099999946, -30.142676499999929 ], [ -51.227127899999971, -30.142475699999977 ], [ -51.227081799999951, -30.142228199999966 ], [ -51.227240699999982, -30.141874899999937 ], [ -51.227591599999982, -30.141671599999935 ], [ -51.227629399999955, -30.141602499999976 ], [ -51.228225399999985, -30.140512299999951 ], [ -51.228826699999956, -30.139762299999965 ], [ -51.230900899999938, -30.13763559999995 ], [ -51.231779899999935, -30.137146 ], [ -51.231993, -30.136665199999978 ], [ -51.232871499999931, -30.135954 ], [ -51.233971399999973, -30.13522979999993 ], [ -51.235226299999965, -30.134512199999957 ], [ -51.237776199999985, -30.133232299999971 ], [ -51.24086049999994, -30.132112299999964 ], [ -51.238198699999941, -30.130487299999963 ], [ -51.233355299999971, -30.132349699999942 ], [ -51.236084699999942, -30.131299699999946 ], [ -51.235422599999936, -30.130770099999946 ], [ -51.233963599999981, -30.129263699999967 ], [ -51.233411599999954, -30.128759799999951 ], [ -51.232296099999985, -30.128297299999929 ], [ -51.230998499999941, -30.127759399999938 ], [ -51.230432299999961, -30.127509799999924 ], [ -51.230283899999961, -30.127539099999975 ], [ -51.22994859999995, -30.127387099999961 ], [ -51.230193699999973, -30.126953499999967 ], [ -51.229468599999961, -30.126599299999945 ], [ -51.229255599999931, -30.126323799999948 ], [ -51.229087899999975, -30.126338899999951 ], [ -51.228804399999945, -30.126232799999965 ], [ -51.226978599999939, -30.12510009999993 ], [ -51.225991099999931, -30.12464709999994 ], [ -51.225384899999938, -30.12443409999997 ], [ -51.224177199999986, -30.12415539999995 ], [ -51.223880099999974, -30.124043799999981 ], [ -51.223661899999968, -30.124245199999965 ], [ -51.223104399999954, -30.125250699999977 ], [ -51.222593499999967, -30.125987899999988 ], [ -51.222670599999958, -30.12664739999996 ], [ -51.222906899999941, -30.127480799999944 ], [ -51.223530099999948, -30.128978499999953 ], [ -51.223525799999948, -30.129317699999941 ], [ -51.223342, -30.130158799999943 ], [ -51.223293099999978, -30.131197199999974 ], [ -51.218026399999985, -30.131711 ], [ -51.218071662405542, -30.132181520361705 ], [ -51.218064799999979, -30.132148399999938 ], [ -51.21659509999995, -30.131935299999938 ], [ -51.214057499999967, -30.131963599999938 ], [ -51.213920099999939, -30.132121199999961 ], [ -51.213623899999959, -30.132163199999976 ], [ -51.213271399999947, -30.131884399999926 ], [ -51.212989799999946, -30.134644099999935 ], [ -51.212923499999931, -30.135057099999976 ], [ -51.212445499999944, -30.134895199999946 ], [ -51.210783, -30.134529 ], [ -51.208642399999974, -30.13462039999996 ], [ -51.20860319999997, -30.135230599999943 ], [ -51.208608118498582, -30.135236708653778 ], [ -51.208329699999979, -30.135120499999964 ], [ -51.208012399999973, -30.134858799999957 ], [ -51.207963599999978, -30.134736399999955 ], [ -51.207986499999947, -30.134552699999972 ], [ -51.207935299999974, -30.134475399999921 ], [ -51.207765699999982, -30.134461499999915 ], [ -51.207296, -30.134672099999925 ], [ -51.206734799999936, -30.13616449999995 ], [ -51.209299899999962, -30.142578299999954 ], [ -51.208702599999981, -30.141092299999961 ], [ -51.206002099999978, -30.142248 ], [ -51.207274899999959, -30.14254649999998 ], [ -51.207588, -30.142574699999948 ], [ -51.208160799999973, -30.142522199999977 ], [ -51.20837389999997, -30.142692099999977 ], [ -51.208417699999984, -30.142843899999939 ], [ -51.208384799999976, -30.142916 ], [ -51.208261099999959, -30.142989499999928 ], [ -51.207347, -30.143238399999973 ], [ -51.20632169999994, -30.143596899999977 ], [ -51.206191399999973, -30.143724799999966 ], [ -51.206129399999952, -30.143939399999965 ], [ -51.207463399999938, -30.143951399999935 ], [ -51.207797699999958, -30.144174 ], [ -51.207878799999946, -30.144297299999952 ], [ -51.208153699999968, -30.145125599999975 ], [ -51.20917, -30.146003 ], [ -51.209451299999955, -30.146637599999952 ], [ -51.209666, -30.146894699999958 ], [ -51.211566299999959, -30.146035299999941 ], [ -51.212695899999972, -30.145525099999926 ], [ -51.215215799999953, -30.14398749999998 ], [ -51.215582099999956, -30.143817099999985 ], [ -51.215822599999967, -30.143765199999962 ], [ -51.216131399999945, -30.143625899999954 ], [ -51.217674299999942, -30.142591299999935 ], [ -51.218847499999981, -30.141804399999959 ], [ -51.218133, -30.142309299999958 ], [ -51.218631199999948, -30.142760099999979 ], [ -51.21902769999997, -30.142953099999939 ], [ -51.219423099999979, -30.143030399999933 ], [ -51.220317, -30.143529 ], [ -51.225541, -30.147238799999961 ], [ -51.225648299999932, -30.146705399999959 ], [ -51.225502199999937, -30.146427299999971 ], [ -51.225583099999938, -30.145908299999974 ], [ -51.225808499999971, -30.144778899999938 ], [ -51.225958, -30.144475399999973 ], [ -51.226015199999949, -30.144231499999933 ], [ -51.226172499999961, -30.143863699999937 ], [ -51.226393099999939, -30.143513399999954 ], [ -51.226850199999944, -30.14302779999997 ] ], [ [ -51.229029199999964, -30.13466429999994 ], [ -51.226713177030817, -30.132548466238614 ], [ -51.226713308737004, -30.132548428849997 ], [ -51.231779899999935, -30.137146 ], [ -51.229029199999964, -30.13466429999994 ] ], [ [ -51.2240063, -30.133918399999963 ], [ -51.224518099999955, -30.135194699999953 ], [ -51.223798499999987, -30.133451099999931 ], [ -51.223491399999943, -30.13265309999997 ], [ -51.2240063, -30.133918399999963 ] ], [ [ -51.222789499999976, -30.135919599999966 ], [ -51.223127399999953, -30.135726099999932 ], [ -51.223526499999934, -30.135531199999946 ], [ -51.222789499999976, -30.135919599999966 ] ], [ [ -51.22212921982387, -30.136482490147458 ], [ -51.222218599999962, -30.136377699999962 ], [ -51.222789499999976, -30.135919599999966 ], [ -51.22212921982387, -30.136482490147458 ] ], [ [ -51.220510899999972, -30.139188899999951 ], [ -51.220341165934194, -30.139506760340634 ], [ -51.220571399999983, -30.139011799999928 ], [ -51.221213299999931, -30.137671899999919 ], [ -51.220510899999972, -30.139188899999951 ] ], [ [ -51.22532979999994, -30.135434599999936 ], [ -51.224905410443661, -30.135285867541768 ], [ -51.225092899999936, -30.13533 ], [ -51.22532979999994, -30.135434599999936 ] ], [ [ -51.218513399999949, -30.134313499999966 ], [ -51.219815799999942, -30.137147799999987 ], [ -51.218844399999966, -30.135073599999934 ], [ -51.218513399999949, -30.134313499999966 ] ], [ [ -51.21626164440864, -30.135791171286954 ], [ -51.216318299999955, -30.135776499999956 ], [ -51.217061199999932, -30.135712899999923 ], [ -51.216573899999965, -30.135765599999953 ], [ -51.21626164440864, -30.135791171286954 ] ], [ [ -51.214323299999933, -30.136596199999929 ], [ -51.214323344010687, -30.136596180594609 ], [ -51.214236299999982, -30.136688499999931 ], [ -51.214323299999933, -30.136596199999929 ] ], [ [ -51.209129799999971, -30.137728199999962 ], [ -51.209144256900373, -30.137718075360912 ], [ -51.209126255372901, -30.137757507278227 ], [ -51.209129799999971, -30.137728199999962 ] ], [ [ -51.209106299999974, -30.137922499999942 ], [ -51.20911181981144, -30.137876861728955 ], [ -51.209130560691818, -30.137976103209063 ], [ -51.209106299999974, -30.137922499999942 ] ], [ [ -51.209190799999931, -30.138109199999974 ], [ -51.209172491922622, -30.138068748898952 ], [ -51.20921310588276, -30.138123552730963 ], [ -51.209190799999931, -30.138109199999974 ] ], [ [ -51.211214432222953, -30.140286715210287 ], [ -51.210589299999981, -30.138685199999951 ], [ -51.21121009999996, -30.140269599999954 ], [ -51.211214432222953, -30.140286715210287 ] ], [ [ -51.211311199999962, -30.141455 ], [ -51.21137372449455, -30.141266216964915 ], [ -51.21137589999995, -30.141294899999927 ], [ -51.211311199999962, -30.141455 ] ], [ [ -51.211069599999973, -30.141717899999932 ], [ -51.210626899999966, -30.142183699999968 ], [ -51.210607244741723, -30.142189544736141 ], [ -51.211311199999962, -30.141455 ], [ -51.211069599999973, -30.141717899999932 ] ], [ [ -51.210746899999947, -30.136024699999947 ], [ -51.210778562958772, -30.136182927085144 ], [ -51.210753899999986, -30.136132199999956 ], [ -51.210746899999947, -30.136024699999947 ] ], [ [ -51.212421095792529, -30.13593174364167 ], [ -51.211891899999955, -30.135742399999963 ], [ -51.21233, -30.135877099999963 ], [ -51.212421095792529, -30.13593174364167 ] ], [ [ -51.21309165780044, -30.136568333261202 ], [ -51.212989717154528, -30.136400922789885 ], [ -51.213039699999968, -30.136455099999978 ], [ -51.21309165780044, -30.136568333261202 ] ], [ [ -51.213216648935891, -30.13695374812529 ], [ -51.21316755764218, -30.136733744162509 ], [ -51.21320419999995, -30.136813599999975 ], [ -51.213216648935891, -30.13695374812529 ] ], [ [ -51.213050199999941, -30.138307299999955 ], [ -51.213227781467751, -30.137079076384566 ], [ -51.21323289999998, -30.137136699999914 ], [ -51.213050199999941, -30.138307299999955 ] ], [ [ -51.214907299999936, -30.137095 ], [ -51.214948699999979, -30.137034399999951 ], [ -51.214917141424948, -30.137114548761868 ], [ -51.214907299999936, -30.137095 ] ] ] } },
{ "type": "Feature", "properties": { "ltla_code": "Jardim Botânico", "ltla_name": "Jardim Botânico" }, "geometry": { "type": "Polygon", "coordinates": [ [ [ -51.18862919999998, -30.055742699999943 ], [ -51.189492799999982, -30.055294299999954 ], [ -51.190453699999978, -30.054835899999947 ], [ -51.19261419999998, -30.053642699999948 ], [ -51.193442799999957, -30.052826399999951 ], [ -51.194792099999972, -30.050902799999964 ], [ -51.194636, -30.050260899999959 ], [ -51.193653199999972, -30.050437399999957 ], [ -51.193492299999946, -30.049696699999966 ], [ -51.191833499999973, -30.049966199999965 ], [ -51.191497899999952, -30.049961099999951 ], [ -51.191103899999973, -30.049879299999915 ], [ -51.190869499999962, -30.049886799999964 ], [ -51.19046579999997, -30.049986099999956 ], [ -51.190043899999985, -30.048973499999924 ], [ -51.188709099999983, -30.049383899999945 ], [ -51.187682499999937, -30.049717399999956 ], [ -51.186625799999945, -30.050031499999928 ], [ -51.185572899999954, -30.050341299999943 ], [ -51.184523899999931, -30.050672399999932 ], [ -51.183835, -30.049454299999972 ], [ -51.183388399999956, -30.048979 ], [ -51.183073399999955, -30.048514599999976 ], [ -51.183034799999973, -30.048414699999963 ], [ -51.183055499999966, -30.048235699999967 ], [ -51.183313099999964, -30.047535299999943 ], [ -51.183634299999937, -30.0474 ], [ -51.183649699999933, -30.046496799999932 ], [ -51.182561699999951, -30.046691799999966 ], [ -51.181504799999971, -30.046756799999962 ], [ -51.18030859999994, -30.046703299999933 ], [ -51.179899899999953, -30.046889199999946 ], [ -51.178968599999962, -30.046976299999972 ], [ -51.178973299999939, -30.047134099999937 ], [ -51.178898099999969, -30.047200099999944 ], [ -51.178321799999935, -30.047316099999922 ], [ -51.179735499999936, -30.049931299999969 ], [ -51.178534799999966, -30.047714699999961 ], [ -51.17248, -30.047594899999972 ], [ -51.172701699999948, -30.048466899999934 ], [ -51.172791299999972, -30.049078 ], [ -51.172755699999989, -30.049369599999974 ], [ -51.172635299999975, -30.049738599999952 ], [ -51.171408, -30.051800899999922 ], [ -51.169336699999981, -30.054062299999938 ], [ -51.169194899999979, -30.054349 ], [ -51.169110599999954, -30.054668099999944 ], [ -51.169127899999978, -30.05551459999997 ], [ -51.169126699999936, -30.055748499999925 ], [ -51.171134599999959, -30.05576409999998 ], [ -51.172126399999968, -30.055951 ], [ -51.178728799999931, -30.058789699999988 ], [ -51.179586499999971, -30.058983799999965 ], [ -51.180261, -30.059049799999968 ], [ -51.18101779999995, -30.059034599999958 ], [ -51.182261099999948, -30.058745199999969 ], [ -51.18281879999995, -30.058554599999976 ], [ -51.183965199999932, -30.05797 ], [ -51.18862919999998, -30.055742699999943 ] ], [ [ -51.183965199999932, -30.05797 ], [ -51.183270599999958, -30.056618899999929 ], [ -51.18263509836035, -30.055195860555305 ], [ -51.182793799999956, -30.055517099999975 ], [ -51.18316109999995, -30.056331399999969 ], [ -51.183965199999932, -30.05797 ] ], [ [ -51.186314399999958, -30.051667799999947 ], [ -51.18702879999995, -30.052895099999937 ], [ -51.18862919999998, -30.055742699999943 ], [ -51.186314399999958, -30.051667799999947 ] ], [ [ -51.192077199999972, -30.052906099999962 ], [ -51.191575199999932, -30.052211099999955 ], [ -51.190931299999932, -30.051302899999932 ], [ -51.19261419999998, -30.053642699999948 ], [ -51.192077199999972, -30.052906099999962 ] ], [ [ -51.187702304368649, -30.052023050350265 ], [ -51.187286899999947, -30.051264199999938 ], [ -51.186625799999945, -30.050031499999928 ], [ -51.187702304368649, -30.052023050350265 ] ], [ [ -51.179515399999957, -30.056067399999961 ], [ -51.182601019038756, -30.055126878140442 ], [ -51.182601044901745, -30.055126930491578 ], [ -51.181598699999938, -30.055453599999964 ], [ -51.180560599999978, -30.055760199999956 ], [ -51.179515399999957, -30.056067399999961 ] ], [ [ -51.181840499999964, -30.056228 ], [ -51.18182889688908, -30.056298518498387 ], [ -51.181598699999938, -30.055453599999964 ], [ -51.181840499999964, -30.056228 ] ], [ [ -51.180836599999964, -30.056674199999961 ], [ -51.181689799999958, -30.056449399999959 ], [ -51.179627899999957, -30.057023899999926 ], [ -51.180836599999964, -30.056674199999961 ] ], [ [ -51.181820689756883, -30.056348397763063 ], [ -51.181816, -30.056376899999972 ], [ -51.181689799999958, -30.056449399999959 ], [ -51.181820689756883, -30.056348397763063 ] ], [ [ -51.181748, -30.053366799999935 ], [ -51.181081969295931, -30.051919509040971 ], [ -51.181088599999953, -30.051929299999983 ], [ -51.181748, -30.053366799999935 ] ] ] } },
{ "type": "Feature", "properties": { "ltla_code": "Jardim Carvalho", "ltla_name": "Jardim Carvalho" }, "geometry": { "type": "Polygon", "coordinates": [ [ [ -51.151498799999956, -30.060672 ], [ -51.15171829999997, -30.06012839999994 ], [ -51.152023199999974, -30.059621299999947 ], [ -51.152536399999974, -30.058986199999936 ], [ -51.153106599999944, -30.058538799999951 ], [ -51.153762, -30.058147299999977 ], [ -51.154305199999953, -30.057871199999969 ], [ -51.158204499999954, -30.056217799999949 ], [ -51.159382499999936, -30.055926499999941 ], [ -51.159342, -30.055665899999958 ], [ -51.15959, -30.051466 ], [ -51.159485199999949, -30.051130399999977 ], [ -51.159289399999977, -30.050854 ], [ -51.153787, -30.050772399999971 ], [ -51.153732799999943, -30.051616099999933 ], [ -51.153163099999972, -30.051333099999965 ], [ -51.152681599999937, -30.051249599999945 ], [ -51.152664199999947, -30.051172 ], [ -51.152756899999986, -30.051114 ], [ -51.152759199999934, -30.050992599999972 ], [ -51.152708399999938, -30.050961799999978 ], [ -51.152331599999968, -30.051011199999941 ], [ -51.151952299999948, -30.050955299999927 ], [ -51.151791799999955, -30.051268499999921 ], [ -51.151334899999938, -30.051210799999971 ], [ -51.150717, -30.051170499999959 ], [ -51.149611099999959, -30.051297099999935 ], [ -51.149554899999941, -30.051279199999939 ], [ -51.149752599999943, -30.050680799999945 ], [ -51.149896199999944, -30.050227599999964 ], [ -51.150096899999937, -30.05001889999993 ], [ -51.150136599999939, -30.04923779999995 ], [ -51.150074899999936, -30.048175299999961 ], [ -51.149893599999984, -30.048010199999958 ], [ -51.150127299999951, -30.048214799999972 ], [ -51.150426899999957, -30.045230199999928 ], [ -51.150483799999961, -30.044407299999921 ], [ -51.150332699999979, -30.043657499999934 ], [ -51.149961099999985, -30.041697799999952 ], [ -51.147719099999961, -30.041912099999934 ], [ -51.146947799999964, -30.042125699999929 ], [ -51.145260199999939, -30.042851599999945 ], [ -51.144674899999984, -30.043132599999975 ], [ -51.142926199999977, -30.043719299999967 ], [ -51.142209299999934, -30.043909899999967 ], [ -51.141522899999984, -30.04401959999996 ], [ -51.140960799999959, -30.043945499999943 ], [ -51.138605299999945, -30.043270499999949 ], [ -51.137176199999942, -30.042920699999961 ], [ -51.136481899999978, -30.044374599999969 ], [ -51.136153, -30.045002499999942 ], [ -51.136077499999942, -30.045416699999972 ], [ -51.13622509999994, -30.045579599999936 ], [ -51.136411599999974, -30.045695 ], [ -51.137099599999942, -30.045869399999944 ], [ -51.137301399999956, -30.045965499999969 ], [ -51.13838579999998, -30.046744399999955 ], [ -51.139109599999983, -30.047603699999961 ], [ -51.139306899999951, -30.048014899999941 ], [ -51.139478599999961, -30.048417099999934 ], [ -51.139550799999938, -30.050289599999921 ], [ -51.139502, -30.051977 ], [ -51.139532299999985, -30.050916499999968 ], [ -51.136259299999949, -30.053896499999958 ], [ -51.136599299999943, -30.057013799999922 ], [ -51.137200699999937, -30.061896199999975 ], [ -51.137388, -30.063734899999925 ], [ -51.138405599999949, -30.065251 ], [ -51.138925599999936, -30.065151099999973 ], [ -51.13957819999996, -30.06511149999994 ], [ -51.14009359999995, -30.065215899999941 ], [ -51.14072, -30.065849499999956 ], [ -51.140982, -30.065976299999928 ], [ -51.141353199999969, -30.06607669999994 ], [ -51.141618199999982, -30.066667299999949 ], [ -51.142068299999949, -30.066914599999954 ], [ -51.142562699999985, -30.066970499999968 ], [ -51.142764199999931, -30.06708389999994 ], [ -51.142880099999964, -30.067445599999921 ], [ -51.142884699999968, -30.067736899999947 ], [ -51.143030199999941, -30.068024399999953 ], [ -51.143031099999973, -30.06815679999993 ], [ -51.143430899999942, -30.068093099999938 ], [ -51.145932799999969, -30.067381199999939 ], [ -51.147020099999963, -30.067147499999972 ], [ -51.147594799999979, -30.066934599999957 ], [ -51.148046, -30.066718199999965 ], [ -51.14877759999996, -30.066269 ], [ -51.149084499999958, -30.065991099999959 ], [ -51.149339099999963, -30.065653699999928 ], [ -51.149733, -30.065053799999919 ], [ -51.150151699999981, -30.063936699999946 ], [ -51.149689399999943, -30.06333579999994 ], [ -51.149570254538517, -30.06314312677836 ], [ -51.150327199999936, -30.064164699999935 ], [ -51.151498799999956, -30.060672 ] ], [ [ -51.143315399999949, -30.045318399999921 ], [ -51.143629699999963, -30.04669789999997 ], [ -51.14400459999996, -30.048285899999936 ], [ -51.142926199999977, -30.043719299999967 ], [ -51.143315399999949, -30.045318399999921 ] ], [ [ -51.147657199999976, -30.051297899999959 ], [ -51.147741699999983, -30.049922699999957 ], [ -51.147733099999982, -30.050323 ], [ -51.147657199999976, -30.051297899999959 ] ], [ [ -51.148301499999953, -30.052535899999956 ], [ -51.147967499999936, -30.053022099999964 ], [ -51.148696699999959, -30.051949499999974 ], [ -51.148301499999953, -30.052535899999956 ] ], [ [ -51.147664099999986, -30.056824599999974 ], [ -51.147970599999951, -30.058614899999952 ], [ -51.147412899999949, -30.055417899999945 ], [ -51.147222699999986, -30.054296799999975 ], [ -51.147466399999985, -30.055670399999936 ], [ -51.147664099999986, -30.056824599999974 ] ], [ [ -51.14571, -30.059095199999948 ], [ -51.145506299999965, -30.058957599999928 ], [ -51.144148899999948, -30.058037699999947 ], [ -51.144984599999987, -30.058602799999946 ], [ -51.14571, -30.059095199999948 ] ], [ [ -51.143909, -30.057986899999936 ], [ -51.143450199999961, -30.057888199999965 ], [ -51.141951199999937, -30.057563899999938 ], [ -51.142281399999945, -30.057618099999949 ], [ -51.144148899999948, -30.058037699999947 ], [ -51.143909, -30.057986899999936 ] ], [ [ -51.142545899999959, -30.057174899999946 ], [ -51.14331379999993, -30.055895099999919 ], [ -51.142281399999945, -30.057618099999949 ], [ -51.142545899999959, -30.057174899999946 ] ], [ [ -51.141719099999932, -30.060097899999953 ], [ -51.141442599999948, -30.059876199999959 ], [ -51.141534299999933, -30.059943899999958 ], [ -51.141719099999932, -30.060097899999953 ] ], [ [ -51.142592899999954, -30.061300299999964 ], [ -51.143197099999952, -30.061856399999947 ], [ -51.142510799999968, -30.061227599999928 ], [ -51.141847, -30.060533099999923 ], [ -51.142592899999954, -30.061300299999964 ] ], [ [ -51.146029693381564, -30.063950438227462 ], [ -51.145999099999983, -30.063933 ], [ -51.14599067462828, -30.063904878229515 ], [ -51.146029693381564, -30.063950438227462 ] ], [ [ -51.146627099999932, -30.064198299999926 ], [ -51.147948699999972, -30.06460519999996 ], [ -51.146279099999958, -30.064092599999977 ], [ -51.146627099999932, -30.064198299999926 ] ], [ [ -51.148818299999959, -30.065838299999935 ], [ -51.148489599999948, -30.065259899999937 ], [ -51.148195, -30.064621899999963 ], [ -51.148818299999959, -30.065838299999935 ] ], [ [ -51.145001699999966, -30.06559819999995 ], [ -51.145013204276935, -30.065638557108866 ], [ -51.1448726, -30.065458299999928 ], [ -51.145001699999966, -30.06559819999995 ] ], [ [ -51.145045399999958, -30.065751499999969 ], [ -51.145033619321921, -30.065843424324054 ], [ -51.145024789211789, -30.065679197166396 ], [ -51.145045399999958, -30.065751499999969 ] ], [ [ -51.145018499999942, -30.065961399999935 ], [ -51.14491019999997, -30.066122399999969 ], [ -51.145022364947451, -30.065931241915113 ], [ -51.145018499999942, -30.065961399999935 ] ], [ [ -51.144397599999934, -30.066985199999969 ], [ -51.144392743071741, -30.066997733784717 ], [ -51.144399911837944, -30.066953057716876 ], [ -51.144397599999934, -30.066985199999969 ] ], [ [ -51.144327499999974, -30.067166099999945 ], [ -51.144296890761815, -30.067192667940123 ], [ -51.144367146590284, -30.067063788042876 ], [ -51.144327499999974, -30.067166099999945 ] ], [ [ -51.149384599999962, -30.062842899999961 ], [ -51.1490553, -30.062125499999976 ], [ -51.149482014416783, -30.063000431384644 ], [ -51.149384599999962, -30.062842899999961 ] ], [ [ -51.148464721755893, -30.059710786331419 ], [ -51.148341199999948, -30.059481299999966 ], [ -51.148398099999952, -30.059576 ], [ -51.148464721755893, -30.059710786331419 ] ], [ [ -51.148704699999939, -30.060306499999964 ], [ -51.148598086899646, -30.059980605074884 ], [ -51.148635599999977, -30.06005649999998 ], [ -51.148704699999939, -30.060306499999964 ] ], [ [ -51.152034, -30.053518699999973 ], [ -51.152380726292783, -30.053613194075496 ], [ -51.152373, -30.053620399999929 ], [ -51.152034, -30.053518699999973 ] ], [ [ -51.152150699999936, -30.056509699999935 ], [ -51.15245079999994, -30.056915299999947 ], [ -51.152126799999969, -30.056484799999954 ], [ -51.151732199999969, -30.05607319999995 ], [ -51.152150699999936, -30.056509699999935 ] ], [ [ -51.150198, -30.057201199999959 ], [ -51.150215099999969, -30.057123099999959 ], [ -51.150154499999985, -30.057400499999968 ], [ -51.150198, -30.057201199999959 ] ], [ [ -51.148472, -30.062002 ], [ -51.148563, -30.06154929999996 ], [ -51.148476548726038, -30.062124721816037 ], [ -51.148472, -30.062002 ] ], [ [ -51.148481699999934, -30.062263699999953 ], [ -51.148480218237943, -30.062223722977777 ], [ -51.148705699999937, -30.062666599999936 ], [ -51.148481699999934, -30.062263699999953 ] ], [ [ -51.14616419999993, -30.059779599999953 ], [ -51.146215, -30.059811099999926 ], [ -51.146215460595606, -30.059833611611488 ], [ -51.14616419999993, -30.059779599999953 ] ], [ [ -51.146215972344962, -30.059858623361716 ], [ -51.146216599999946, -30.059889299999941 ], [ -51.146071799999959, -30.060561499999942 ], [ -51.146215972344962, -30.059858623361716 ] ], [ [ -51.148048599999981, -30.046743799999941 ], [ -51.147981899999934, -30.047159699999956 ], [ -51.148040099999946, -30.046658399999952 ], [ -51.148018499999985, -30.045494899999927 ], [ -51.148048599999981, -30.046743799999941 ] ], [ [ -51.149590399999965, -30.044782899999973 ], [ -51.149659699999972, -30.04568219999992 ], [ -51.149562599999967, -30.044564 ], [ -51.149589099999957, -30.044114899999951 ], [ -51.149590399999965, -30.044782899999973 ] ], [ [ -51.141569001140169, -30.048220294574591 ], [ -51.141946099999984, -30.046426 ], [ -51.142083299999967, -30.045613699999929 ], [ -51.141877399999942, -30.046883799999929 ], [ -51.141569001140169, -30.048220294574591 ] ], [ [ -51.140946499999984, -30.050073499999943 ], [ -51.141568999643162, -30.04822030106212 ], [ -51.141567499999951, -30.048226799999949 ], [ -51.140946499999984, -30.050073499999943 ] ], [ [ -51.143408799999982, -30.049489599999944 ], [ -51.143288799999937, -30.049044799999926 ], [ -51.14356209999994, -30.049994 ], [ -51.143408799999982, -30.049489599999944 ] ], [ [ -51.144304699999971, -30.051456599999931 ], [ -51.144636699999978, -30.051458299999972 ], [ -51.144405199999937, -30.051486 ], [ -51.144304699999971, -30.051456599999931 ] ], [ [ -51.145506982501622, -30.051219837192065 ], [ -51.14458819999993, -30.050295699999932 ], [ -51.145471599999951, -30.051176499999926 ], [ -51.145506982501622, -30.051219837192065 ] ], [ [ -51.145237166459104, -30.045965291513767 ], [ -51.145445699999982, -30.045810899999935 ], [ -51.145330399999978, -30.045922799999961 ], [ -51.145237166459104, -30.045965291513767 ] ], [ [ -51.144888899999955, -30.045357499999966 ], [ -51.144029899999964, -30.045242799999986 ], [ -51.144667799999979, -30.045318399999928 ], [ -51.144888899999955, -30.045357499999966 ] ], [ [ -51.141046299999971, -30.047328599999958 ], [ -51.14094689999996, -30.047371899999963 ], [ -51.141089035878473, -30.04729560141023 ], [ -51.141046299999971, -30.047328599999958 ] ], [ [ -51.138592099999983, -30.045938699999969 ], [ -51.137743599999965, -30.045046599999967 ], [ -51.13875082383862, -30.046056098123355 ], [ -51.138592099999983, -30.045938699999969 ] ] ] } },
{ "type": "Feature", "properties": { "ltla_code": "Jardim Europa", "ltla_name": "Jardim Europa" }, "geometry": { "type": "Polygon", "coordinates": [ [ [ -51.155274499999962, -30.029674899999961 ], [ -51.155388799999969, -30.03023509999997 ], [ -51.155441199999984, -30.030524799999963 ], [ -51.155980299999953, -30.030105599999953 ], [ -51.158696699999958, -30.028431599999969 ], [ -51.159107699999936, -30.028241399999953 ], [ -51.159751599999936, -30.028078299999947 ], [ -51.160847, -30.028019899999943 ], [ -51.163253599999962, -30.028049 ], [ -51.16329989999997, -30.024833499999929 ], [ -51.163377099999934, -30.023198399999949 ], [ -51.163812599999972, -30.021309799999983 ], [ -51.163913299999933, -30.020579899999976 ], [ -51.161490499999957, -30.020345499999951 ], [ -51.161399643360213, -30.021215866726568 ], [ -51.161403699999937, -30.021145699999973 ], [ -51.159519599999953, -30.021186399999976 ], [ -51.157801799999966, -30.021298499999947 ], [ -51.156864299999938, -30.021362199999945 ], [ -51.156061499999964, -30.02127379999995 ], [ -51.155401, -30.021203599999968 ], [ -51.154864699999962, -30.020936099999968 ], [ -51.154759799999965, -30.021028899999976 ], [ -51.154293299999949, -30.024505499999968 ], [ -51.154066799999953, -30.026194199999949 ], [ -51.153248, -30.026119799999933 ], [ -51.152940799999953, -30.026353199999946 ], [ -51.152802599999973, -30.027306399999926 ], [ -51.154092099999957, -30.028139699999933 ], [ -51.15419401622573, -30.028125500286322 ], [ -51.154975299999933, -30.029097299999929 ], [ -51.155274499999962, -30.029674899999961 ] ], [ [ -51.159364269445476, -30.02279509559126 ], [ -51.156965692087013, -30.022763105229313 ], [ -51.157776799999965, -30.022751299999978 ], [ -51.159364269450116, -30.022795090881612 ], [ -51.159364269445476, -30.02279509559126 ] ], [ [ -51.156262599999941, -30.023319199999943 ], [ -51.156965285922134, -30.022763111140819 ], [ -51.156965285922141, -30.022763111140819 ], [ -51.156262599999941, -30.023319199999943 ] ], [ [ -51.155942585314854, -30.028531380641564 ], [ -51.15584709999996, -30.028732099999949 ], [ -51.155909099999981, -30.028547199999934 ], [ -51.155942585314854, -30.028531380641564 ] ] ] } },
{ "type": "Feature", "properties": { "ltla_code": "Jardim Floresta", "ltla_name": "Jardim Floresta" }, "geometry": { "type": "Polygon", "coordinates": [ [ [ -51.157826, -30.004318199999943 ], [ -51.158256399999971, -30.004249399999932 ], [ -51.158600099999944, -30.004132399999946 ], [ -51.159152399999982, -30.004098699999922 ], [ -51.159380599999963, -30.004146699999978 ], [ -51.159936899999934, -30.004435 ], [ -51.160252599999978, -30.00485729999998 ], [ -51.161577399999942, -30.004284899999952 ], [ -51.161830099999975, -30.00420349999996 ], [ -51.16192, -30.004114 ], [ -51.16268279999997, -30.003748 ], [ -51.162808299999938, -30.003614599999938 ], [ -51.162895699999979, -30.003333699999924 ], [ -51.162798099999975, -30.002666599999934 ], [ -51.162856499999975, -30.002264599999929 ], [ -51.162657399999944, -30.002222499999963 ], [ -51.162754099999979, -30.00177959999996 ], [ -51.163933899999961, -29.996811699999963 ], [ -51.160252699999944, -29.996833899999942 ], [ -51.159303, -29.996693199999971 ], [ -51.158734599999946, -29.996690299999944 ], [ -51.157950799999981, -29.996776 ], [ -51.157946899999956, -29.996854499999984 ], [ -51.15743949999996, -29.996852499999932 ], [ -51.155296699999951, -29.996750899999931 ], [ -51.155198399999961, -29.999338499999972 ], [ -51.154843199999959, -30.003464699999935 ], [ -51.154850899999985, -30.004092599999975 ], [ -51.155591199999947, -30.004202899999932 ], [ -51.156828899999937, -30.004206299999961 ], [ -51.157326199999943, -30.004296299999961 ], [ -51.157826, -30.004318199999943 ] ] ] } },
{ "type": "Feature", "properties": { "ltla_code": "Jardim Isabel", "ltla_name": "Jardim Isabel" }, "geometry": { "type": "Polygon", "coordinates": [ [ [ -51.235422599999936, -30.130770099999946 ], [ -51.236084699999942, -30.131299699999946 ], [ -51.238198699999941, -30.130487299999963 ], [ -51.238818099999946, -30.13002339999997 ], [ -51.242481299999952, -30.127220099999924 ], [ -51.240201700956895, -30.12642679805381 ], [ -51.241104599999971, -30.124590599999976 ], [ -51.238221899999985, -30.123876499999945 ], [ -51.235099199999979, -30.123021199999979 ], [ -51.232366699999943, -30.122862 ], [ -51.231732599999987, -30.122672799999972 ], [ -51.230446899999947, -30.123449599999951 ], [ -51.229544399999952, -30.126002299999982 ], [ -51.229442699999936, -30.126201 ], [ -51.229255599999931, -30.126323799999948 ], [ -51.229468599999961, -30.126599299999945 ], [ -51.230193699999973, -30.126953499999967 ], [ -51.22994859999995, -30.127387099999961 ], [ -51.230283899999961, -30.127539099999975 ], [ -51.230432299999961, -30.127509799999924 ], [ -51.233411599999954, -30.128759799999951 ], [ -51.233963599999981, -30.129263699999967 ], [ -51.235422599999936, -30.130770099999946 ] ], [ [ -51.24001549999997, -30.126362 ], [ -51.239586699999961, -30.126155099999956 ], [ -51.240201675698962, -30.126426789264034 ], [ -51.24001549999997, -30.126362 ] ], [ [ -51.233491499999957, -30.125899 ], [ -51.233945499999948, -30.12595859999993 ], [ -51.233428874000893, -30.12590925225777 ], [ -51.233491499999957, -30.125899 ] ], [ [ -51.232622799999945, -30.126178299999928 ], [ -51.232686535633071, -30.126144460186151 ], [ -51.232541504763404, -30.126244521864901 ], [ -51.232622799999945, -30.126178299999928 ] ], [ [ -51.232059199999981, -30.126637399999929 ], [ -51.232223608399792, -30.126503475414481 ], [ -51.231997535337158, -30.126702091300231 ], [ -51.232059199999981, -30.126637399999929 ] ], [ [ -51.231808599999965, -30.126900299999921 ], [ -51.231903597124131, -30.126800640207662 ], [ -51.231488299999967, -30.127419399999948 ], [ -51.231808599999965, -30.126900299999921 ] ], [ [ -51.231394, -30.126512 ], [ -51.231386717373432, -30.127009322472645 ], [ -51.231370399999946, -30.126802 ], [ -51.231394, -30.126512 ] ] ] } },
{ "type": "Feature", "properties": { "ltla_code": "Jardim Itu", "ltla_name": "Jardim Itu" }, "geometry": { "type": "Polygon", "coordinates": [ [ [ -51.138809499999979, -30.028522 ], [ -51.138783799999942, -30.027548199999952 ], [ -51.139593899999966, -30.027545899999939 ], [ -51.14191459999995, -30.02753869999998 ], [ -51.143630499999972, -30.027539099999956 ], [ -51.143648699999979, -30.028003499999958 ], [ -51.144533299999978, -30.027334099999962 ], [ -51.146340499999951, -30.027318499999971 ], [ -51.146387199999936, -30.02664039999997 ], [ -51.144976997957059, -30.026630821905236 ], [ -51.144798499999979, -30.024551499999983 ], [ -51.144342799999947, -30.019545 ], [ -51.143543690425822, -30.019492988017507 ], [ -51.143479699999943, -30.018785199999964 ], [ -51.143934099999967, -30.018819099999973 ], [ -51.143866499999945, -30.018083299999937 ], [ -51.143337899999949, -30.018030499999952 ], [ -51.142790299999945, -30.016800399999962 ], [ -51.142422299999964, -30.016419299999935 ], [ -51.141476799999964, -30.016267599999932 ], [ -51.142326899999951, -30.016401899999945 ], [ -51.142510399999935, -30.01611819999993 ], [ -51.143307499999935, -30.015244099999961 ], [ -51.139165199999979, -30.015458799999983 ], [ -51.143541899999946, -30.015228899999958 ], [ -51.143469, -30.014496199999932 ], [ -51.143230699999947, -30.012112899999977 ], [ -51.143018099999949, -30.009907 ], [ -51.141416399999969, -30.009668799999915 ], [ -51.141042099999936, -30.009672499999962 ], [ -51.138439399999982, -30.010334299999958 ], [ -51.137871799999971, -30.010400399999966 ], [ -51.135526399999947, -30.010028099999936 ], [ -51.134603399999946, -30.009923 ], [ -51.134220399999947, -30.009949199999937 ], [ -51.133743699999968, -30.010074199999949 ], [ -51.131991699999958, -30.010779599999978 ], [ -51.130815899999959, -30.011246099999926 ], [ -51.131113299999981, -30.015839 ], [ -51.131192599999963, -30.017130399999925 ], [ -51.131238899999971, -30.017912099999926 ], [ -51.131348899999978, -30.020529799999952 ], [ -51.13141829999995, -30.022151699999945 ], [ -51.131480799999963, -30.023886599999962 ], [ -51.13149089999996, -30.024110799999946 ], [ -51.131541099999936, -30.025128799999944 ], [ -51.131619699999931, -30.026556099999926 ], [ -51.13166119999994, -30.026803699999952 ], [ -51.131948099999931, -30.027549499999957 ], [ -51.132264499999962, -30.02831179999998 ], [ -51.132948799999951, -30.029915499999962 ], [ -51.133592799999974, -30.030602699999971 ], [ -51.134436209376879, -30.030352210714209 ], [ -51.134917199999961, -30.030901799999967 ], [ -51.13925329999995, -30.029644699999942 ], [ -51.138809499999979, -30.028522 ] ], [ [ -51.140778599999976, -30.01880639999996 ], [ -51.140076399999941, -30.017390599999938 ], [ -51.138485899999978, -30.014076699999972 ], [ -51.138484493762995, -30.014073536841284 ], [ -51.139165199999979, -30.015458799999983 ], [ -51.140778599999976, -30.01880639999996 ] ], [ [ -51.132314299999962, -30.017809799999956 ], [ -51.13357387329664, -30.017695185335715 ], [ -51.131238899999971, -30.017912099999926 ], [ -51.132314299999962, -30.017809799999956 ] ], [ [ -51.133920599999954, -30.024063299999963 ], [ -51.132563, -30.024090199999925 ], [ -51.13149089999996, -30.024110799999946 ], [ -51.133920599999954, -30.024063299999963 ] ], [ [ -51.135783299999957, -30.014080799999924 ], [ -51.136106599999955, -30.016762 ], [ -51.136248599999938, -30.018288899999956 ], [ -51.136470699999961, -30.020402 ], [ -51.135881599999948, -30.014914 ], [ -51.135680599999944, -30.013372499999942 ], [ -51.135514199999932, -30.012073899999962 ], [ -51.135363799999936, -30.010860699999967 ], [ -51.135783299999957, -30.014080799999924 ] ], [ [ -51.136902299999974, -30.024658099999947 ], [ -51.13704869999998, -30.026122399999959 ], [ -51.13672159999993, -30.022970499999929 ], [ -51.136470699999961, -30.020402 ], [ -51.136902299999974, -30.024658099999947 ] ], [ [ -51.142814962957019, -30.020200446143409 ], [ -51.14279229999994, -30.019863499999936 ], [ -51.142827899999986, -30.020060099999959 ], [ -51.142814962957019, -30.020200446143409 ] ], [ [ -51.141286295641692, -30.020093089023508 ], [ -51.14128630337536, -30.020093089793548 ], [ -51.142706399999952, -30.026615399999955 ], [ -51.142220399999985, -30.024424099999976 ], [ -51.141286295641692, -30.020093089023508 ] ], [ [ -51.141377799999987, -30.024563899999965 ], [ -51.141879199999948, -30.026852399999946 ], [ -51.141226399999944, -30.023911099999964 ], [ -51.141377799999987, -30.024563899999965 ] ], [ [ -51.13515061702207, -30.020304726583237 ], [ -51.135173699999939, -30.020524 ], [ -51.13518229999994, -30.020614899999938 ], [ -51.13515061702207, -30.020304726583237 ] ], [ [ -51.134321063279728, -30.015471894415214 ], [ -51.13418779999995, -30.014176899999924 ], [ -51.134132099999931, -30.013479299999968 ], [ -51.134321063279728, -30.015471894415214 ] ], [ [ -51.132406599999968, -30.011581899999943 ], [ -51.132454499999938, -30.01225159999996 ], [ -51.132574499999976, -30.014277899999957 ], [ -51.132406599999968, -30.011581899999943 ] ] ] } },
{ "type": "Feature", "properties": { "ltla_code": "Jardim Leopoldina", "ltla_name": "Jardim Leopoldina" }, "geometry": { "type": "Polygon", "coordinates": [ [ [ -51.113464699999959, -30.025853 ], [ -51.114295799999979, -30.025797399999934 ], [ -51.114330499999937, -30.026192 ], [ -51.12014279999994, -30.025737599999946 ], [ -51.120008699999971, -30.023633899999929 ], [ -51.119723699999952, -30.020541499999975 ], [ -51.119254, -30.015968299999926 ], [ -51.119153399999959, -30.014987699999935 ], [ -51.116189, -30.015509499999951 ], [ -51.115682799999945, -30.015516299999938 ], [ -51.113808799999958, -30.015306199999937 ], [ -51.111864, -30.015206599999932 ], [ -51.111437099999932, -30.015256399999938 ], [ -51.111016899999989, -30.01537119999994 ], [ -51.109359299999944, -30.016003099999971 ], [ -51.108767, -30.016202299999971 ], [ -51.108121499999982, -30.016322099999961 ], [ -51.106930199999965, -30.016309399999955 ], [ -51.107319599999983, -30.019634699999973 ], [ -51.107967099999939, -30.026005399999974 ], [ -51.10874709999996, -30.025957299999956 ], [ -51.108261744657653, -30.021193234667944 ], [ -51.10833139999994, -30.021788399999927 ], [ -51.108831799999962, -30.02666169999997 ], [ -51.110265799999979, -30.026543499999942 ], [ -51.110021736359563, -30.023734089598644 ], [ -51.113265333253416, -30.023486672903953 ], [ -51.113318299999946, -30.024132699999939 ], [ -51.113464699999959, -30.025853 ] ], [ [ -51.111923799999943, -30.015904399999958 ], [ -51.111966199999983, -30.016453799999962 ], [ -51.111864, -30.015206599999932 ], [ -51.111923799999943, -30.015904399999958 ] ], [ [ -51.112890399999969, -30.015885199999953 ], [ -51.113355799999965, -30.015920199999986 ], [ -51.111923799999943, -30.015904399999958 ], [ -51.112890399999969, -30.015885199999953 ] ], [ [ -51.113906099999951, -30.01701379999998 ], [ -51.113848099999984, -30.016306199999967 ], [ -51.113833799999959, -30.016024 ], [ -51.113828953005687, -30.015884833100372 ], [ -51.113906099999951, -30.01701379999998 ] ], [ [ -51.112537199999963, -30.017119899999958 ], [ -51.111291199999982, -30.017224 ], [ -51.109476899999947, -30.017357799999949 ], [ -51.112026199999946, -30.01715449999994 ], [ -51.113906099999951, -30.01701379999998 ], [ -51.112537199999963, -30.017119899999958 ] ], [ [ -51.109620423141116, -30.019074334837864 ], [ -51.1095883, -30.018744299999973 ], [ -51.10953139999998, -30.018055599999972 ], [ -51.109476899999947, -30.017357799999949 ], [ -51.109620423141116, -30.019074334837864 ] ], [ [ -51.10789989999995, -30.017476899999959 ], [ -51.108240799999976, -30.017449599999974 ], [ -51.109476899999947, -30.017357799999949 ], [ -51.10789989999995, -30.017476899999959 ] ], [ [ -51.10977429999997, -30.020914699999931 ], [ -51.109708199999943, -30.020148599999963 ], [ -51.109693604212374, -30.019949579465706 ], [ -51.10977429999997, -30.020914699999931 ] ], [ [ -51.112187169236542, -30.020539323520119 ], [ -51.111910499999965, -30.020613199999953 ], [ -51.111287916720002, -30.02070107045164 ], [ -51.112187169236542, -30.020539323520119 ] ], [ [ -51.114171699999986, -30.01999469999997 ], [ -51.113811099999964, -30.02010569999992 ], [ -51.112188835964481, -30.020538878468859 ], [ -51.114171699999986, -30.01999469999997 ] ], [ [ -51.114780599999968, -30.019928799999949 ], [ -51.114949967798431, -30.019925766004015 ], [ -51.114171699999986, -30.01999469999997 ], [ -51.114780599999968, -30.019928799999949 ] ], [ [ -51.115432399999975, -30.020941 ], [ -51.113977199999965, -30.022050699999966 ], [ -51.115087899999935, -30.02117469999996 ], [ -51.115432399999975, -30.020941 ] ], [ [ -51.113993499999935, -30.01805469999994 ], [ -51.114339899999948, -30.018029099999968 ], [ -51.116388699999959, -30.01787719999993 ], [ -51.113383589693363, -30.018102584773914 ], [ -51.113993499999935, -30.01805469999994 ] ], [ [ -51.116548739558795, -30.019878834086104 ], [ -51.116548714104681, -30.019878834829402 ], [ -51.116472899999962, -30.018946899999943 ], [ -51.116388699999959, -30.01787719999993 ], [ -51.116548739558795, -30.019878834086104 ] ], [ [ -51.108096799999942, -30.019574199999955 ], [ -51.108026168174781, -30.01882185806539 ], [ -51.108031199999971, -30.018870599999957 ], [ -51.108096799999942, -30.019574199999955 ] ], [ [ -51.108171099999936, -30.020271499999968 ], [ -51.108211565428448, -30.0207006942437 ], [ -51.108096799999942, -30.019574199999955 ], [ -51.108171099999936, -30.020271499999968 ] ] ] } },
{ "type": "Feature", "properties": { "ltla_code": "Jardim Lindóia", "ltla_name": "Jardim Lindóia" }, "geometry": { "type": "Polygon", "coordinates": [ [ [ -51.154678799999942, -30.006790199999948 ], [ -51.154688799999974, -30.006416599999959 ], [ -51.154583899999977, -30.006213699999932 ], [ -51.15424349999995, -30.006074799999965 ], [ -51.153909901405349, -30.006066648359809 ], [ -51.153961418375424, -30.005075156800238 ], [ -51.153961299999935, -30.00507819999995 ], [ -51.15486929999998, -30.005070399999966 ], [ -51.154843199999959, -30.003464699999935 ], [ -51.154921099999967, -30.002428499999944 ], [ -51.155161599999985, -29.999859 ], [ -51.155248899999947, -29.998146499999965 ], [ -51.154270599999961, -29.998106899999989 ], [ -51.150188599999979, -29.998003899999951 ], [ -51.147819599999934, -29.997968 ], [ -51.14769119999994, -29.999659699999938 ], [ -51.147648019999963, -30.000335899999978 ], [ -51.148516799999989, -30.00039089999995 ], [ -51.147647599999971, -30.000336899999972 ], [ -51.147418, -30.002610399999977 ], [ -51.14725569999996, -30.00422989999992 ], [ -51.148459699999933, -30.004383299999969 ], [ -51.148729199999934, -30.003903699999956 ], [ -51.14843459999998, -30.0045 ], [ -51.148808899999949, -30.008406499999975 ], [ -51.149047899999971, -30.010527699999962 ], [ -51.151181699999938, -30.010480899999941 ], [ -51.152243, -30.010449499999922 ], [ -51.154163099999948, -30.010414599999923 ], [ -51.154678799999942, -30.006790199999948 ] ], [ [ -51.151400199999955, -30.004641299999932 ], [ -51.15026, -30.00459369999993 ], [ -51.14843459999998, -30.0045 ], [ -51.151400199999955, -30.004641299999932 ] ], [ [ -51.153289399999949, -29.999945 ], [ -51.15008679999994, -29.999809599999935 ], [ -51.149326, -29.99978279999992 ], [ -51.149120346983082, -29.999767314383103 ], [ -51.150847299999953, -29.999838899999922 ], [ -51.154178599999966, -29.999974099999971 ], [ -51.153289399999949, -29.999945 ] ], [ [ -51.153188399999976, -30.001803499999941 ], [ -51.153178199999957, -30.001953099999977 ], [ -51.153289399999949, -29.999945 ], [ -51.153188399999976, -30.001803499999941 ] ], [ [ -51.151584199999945, -30.001897699999972 ], [ -51.149971699999981, -30.001822599999969 ], [ -51.153178199999957, -30.001953099999977 ], [ -51.151584199999945, -30.001897699999972 ] ], [ [ -51.152830964175898, -30.006028804260016 ], [ -51.153752870396744, -30.006062811232507 ], [ -51.153326799999945, -30.00605239999993 ], [ -51.152830964175898, -30.006028804260016 ] ], [ [ -51.153895499999976, -30.002142 ], [ -51.154068499999937, -30.002322299999943 ], [ -51.153513199999963, -30.001812099999928 ], [ -51.153895499999976, -30.002142 ] ] ] } },
{ "type": "Feature", "properties": { "ltla_code": "Jardim Sabará", "ltla_name": "Jardim Sabará" }, "geometry": { "type": "MultiPolygon", "coordinates": [ [ [ [ -51.147719099999961, -30.041912099999934 ], [ -51.149801899999943, -30.041713 ], [ -51.148646200798346, -30.036082503889595 ], [ -51.148791599999981, -30.036044 ], [ -51.148707499999944, -30.035741299999987 ], [ -51.148676399999943, -30.035388699999942 ], [ -51.148508499999934, -30.034639 ], [ -51.147928699999966, -30.033364699999929 ], [ -51.147687299999973, -30.031394499999969 ], [ -51.147621899999933, -30.030036299999942 ], [ -51.141905599999973, -30.030006299999961 ], [ -51.141897599999936, -30.03138569999993 ], [ -51.141893499999981, -30.030728 ], [ -51.14191459999995, -30.02753869999998 ], [ -51.139593899999966, -30.027545899999939 ], [ -51.138783799999942, -30.027548199999952 ], [ -51.138809499999979, -30.028522 ], [ -51.13925329999995, -30.029644699999942 ], [ -51.134917199999961, -30.030901799999967 ], [ -51.134436199999989, -30.030352199999989 ], [ -51.133592799999974, -30.030602699999971 ], [ -51.134694899999943, -30.03171489999994 ], [ -51.13486469999998, -30.03211309999994 ], [ -51.135033299999975, -30.032727399999938 ], [ -51.135154499999942, -30.033829599999933 ], [ -51.13545419999997, -30.037594799999955 ], [ -51.135519099999954, -30.038628699999951 ], [ -51.135572299999978, -30.039580199999929 ], [ -51.135816399999953, -30.042610499999963 ], [ -51.138605299999945, -30.043270499999949 ], [ -51.141114199999947, -30.043989399999926 ], [ -51.141803599999946, -30.044004699999959 ], [ -51.142425499999945, -30.043859399999974 ], [ -51.144172699999956, -30.043315 ], [ -51.144674899999984, -30.043132599999975 ], [ -51.145260199999939, -30.042851599999945 ], [ -51.145783599999959, -30.04263409999993 ], [ -51.146947799999964, -30.042125699999929 ], [ -51.147719099999961, -30.041912099999934 ] ], [ [ -51.140274799999986, -30.030096199999946 ], [ -51.139528399999961, -30.030323699999936 ], [ -51.134694899999943, -30.03171489999994 ], [ -51.140274799999986, -30.030096199999946 ] ], [ [ -51.139593299999945, -30.028404799999972 ], [ -51.14054729999998, -30.030761099999943 ], [ -51.140274799999986, -30.030096199999946 ], [ -51.139593299999945, -30.028404799999972 ] ], [ [ -51.145168599999977, -30.040659499999943 ], [ -51.145146187167562, -30.039904819261455 ], [ -51.145226499999978, -30.041715 ], [ -51.145260199999939, -30.042851599999945 ], [ -51.145168599999977, -30.040659499999943 ] ], [ [ -51.142377899999985, -30.035109699999968 ], [ -51.143043099999943, -30.035016099999943 ], [ -51.143658, -30.034932 ], [ -51.142377899999985, -30.035109699999968 ] ], [ [ -51.146415099999956, -30.036760299999951 ], [ -51.147794299999987, -30.036308099999918 ], [ -51.145601499999941, -30.037027099999928 ], [ -51.146415099999956, -30.036760299999951 ] ], [ [ -51.145127055404096, -30.039473606108174 ], [ -51.145092399999953, -30.038778499999982 ], [ -51.145121699999947, -30.039352899999976 ], [ -51.145127055404096, -30.039473606108174 ] ], [ [ -51.145468899999976, -30.033900199999941 ], [ -51.145383899999956, -30.033756 ], [ -51.145514529532726, -30.033925293843929 ], [ -51.145468899999976, -30.033900199999941 ] ], [ [ -51.14226819999994, -30.036057 ], [ -51.142287164721026, -30.035893232631874 ], [ -51.142076, -30.03934 ], [ -51.14226819999994, -30.036057 ] ], [ [ -51.14276488324348, -30.04064844545676 ], [ -51.142736, -30.040276 ], [ -51.14274649999993, -30.039689 ], [ -51.14276488324348, -30.04064844545676 ] ], [ [ -51.137578699999949, -30.039458499999959 ], [ -51.137530499999968, -30.038514699999958 ], [ -51.137502299999937, -30.037859 ], [ -51.137578699999949, -30.039458499999959 ] ] ], [ [ [ -51.147621899999933, -30.030036299999942 ], [ -51.14713009999997, -30.027316899999949 ], [ -51.144533299999978, -30.027334099999962 ], [ -51.144413499999985, -30.027425499999925 ], [ -51.143648699999979, -30.028003499999958 ], [ -51.143630499999972, -30.027539099999956 ], [ -51.14191459999995, -30.02753869999998 ], [ -51.141905599999973, -30.030006299999961 ], [ -51.146832299999971, -30.030031699999938 ], [ -51.147621899999933, -30.030036299999942 ] ] ] ] } },
{ "type": "Feature", "properties": { "ltla_code": "Jardim São Pedro", "ltla_name": "Jardim São Pedro" }, "geometry": { "type": "Polygon", "coordinates": [ [ [ -51.166463, -30.010237299999975 ], [ -51.166595, -30.00954739999997 ], [ -51.166936599999985, -30.007802899999938 ], [ -51.16691, -30.007630499999941 ], [ -51.167050299999971, -30.007553 ], [ -51.167406399999948, -30.007666399999952 ], [ -51.167753799999957, -30.007710699999954 ], [ -51.167807499999981, -30.007401399999921 ], [ -51.167491499999983, -30.007344499999931 ], [ -51.167667299999955, -30.006356 ], [ -51.168196299999977, -30.003496499999986 ], [ -51.168332, -30.002796799999942 ], [ -51.170160099999983, -30.003071099999943 ], [ -51.171939899999984, -30.003202499999912 ], [ -51.171490499999948, -29.996673099999938 ], [ -51.163933899999961, -29.996811699999963 ], [ -51.162657399999944, -30.002222499999963 ], [ -51.162855853258776, -30.002269051882859 ], [ -51.162798099999975, -30.002666599999934 ], [ -51.162895699999979, -30.003333699999924 ], [ -51.162808299999938, -30.003614599999938 ], [ -51.16268279999997, -30.003748 ], [ -51.16192, -30.004114 ], [ -51.161830099999975, -30.00420349999996 ], [ -51.162396299999955, -30.004307399999959 ], [ -51.162853299999938, -30.004579599999936 ], [ -51.163165, -30.004904599999968 ], [ -51.163509199999964, -30.00541789999993 ], [ -51.163563599999975, -30.005686599999937 ], [ -51.163361199999947, -30.006899199999957 ], [ -51.163237599999945, -30.007212699999968 ], [ -51.162797099999977, -30.007864 ], [ -51.162713699999983, -30.008226299999922 ], [ -51.162534, -30.009370099999952 ], [ -51.162439399999982, -30.009972 ], [ -51.162269399999957, -30.011005799999971 ], [ -51.16614, -30.011704499999951 ], [ -51.166463, -30.010237299999975 ] ], [ [ -51.164613899999949, -30.005061099999971 ], [ -51.164846699999941, -30.00508879999996 ], [ -51.16554, -30.005180899999971 ], [ -51.164613899999949, -30.005061099999971 ] ] ] } },
{ "type": "Feature", "properties": { "ltla_code": "Jardim do Salso", "ltla_name": "Jardim do Salso" }, "geometry": { "type": "Polygon", "coordinates": [ [ [ -51.169095299999981, -30.054840099999971 ], [ -51.169194899999979, -30.054349 ], [ -51.169467299999951, -30.053894799999963 ], [ -51.170507499999985, -30.052764699999948 ], [ -51.171408, -30.051800899999922 ], [ -51.172232599999973, -30.050427099999983 ], [ -51.172633699999949, -30.049742599999941 ], [ -51.172755699999989, -30.049369599999974 ], [ -51.172791299999972, -30.049078 ], [ -51.17274759999998, -30.048647099999972 ], [ -51.172415299999955, -30.04732609999996 ], [ -51.172292, -30.046023 ], [ -51.171023899999966, -30.046118699999965 ], [ -51.168934099999944, -30.046255499999972 ], [ -51.168611599999963, -30.046538899999977 ], [ -51.168582199999946, -30.046284 ], [ -51.166049499999986, -30.046466799999955 ], [ -51.166382799999951, -30.047908499999938 ], [ -51.164913299999967, -30.047384599999919 ], [ -51.16462329999996, -30.048075399999938 ], [ -51.164358799999945, -30.048739799999971 ], [ -51.165118877497989, -30.048978420739328 ], [ -51.16473069999995, -30.049997199999947 ], [ -51.164803199999938, -30.050236799999929 ], [ -51.164876, -30.05030029999994 ], [ -51.165036599999951, -30.050858099999964 ], [ -51.165035799999941, -30.051123399999934 ], [ -51.165066699999954, -30.051195 ], [ -51.164942099999962, -30.051282399999934 ], [ -51.164598, -30.052095499999954 ], [ -51.165274099999976, -30.052101899999975 ], [ -51.16928919999998, -30.052760299999928 ], [ -51.165364899999986, -30.052116799999972 ], [ -51.162955899999986, -30.052079799999955 ], [ -51.159562199999989, -30.052084299999926 ], [ -51.159420699999941, -30.054191699999929 ], [ -51.161292899999978, -30.054183 ], [ -51.162868399999979, -30.05418 ], [ -51.162142199999955, -30.054181399999941 ], [ -51.159428099999964, -30.054191699999937 ], [ -51.159342, -30.055665899999958 ], [ -51.159382499999936, -30.055926499999941 ], [ -51.16011409999993, -30.055847 ], [ -51.162145499999951, -30.055818 ], [ -51.169126699999936, -30.055748499999925 ], [ -51.169095299999981, -30.054840099999971 ] ], [ [ -51.171191699999952, -30.047648199999966 ], [ -51.171158299999945, -30.047605299999933 ], [ -51.171023899999966, -30.046118699999965 ], [ -51.171191699999952, -30.047648199999966 ] ], [ [ -51.168713199999956, -30.048632599999962 ], [ -51.168293099999971, -30.048507799999971 ], [ -51.166382799999951, -30.047908499999938 ], [ -51.168713199999956, -30.048632599999962 ] ], [ [ -51.165447, -30.050290199999946 ], [ -51.165874562104598, -30.049215662362734 ], [ -51.165874562104605, -30.049215662362734 ], [ -51.165447, -30.050290199999946 ] ] ] } },
{ "type": "Feature", "properties": { "ltla_code": "Lageado", "ltla_name": "Lageado" }, "geometry": { "type": "Polygon", "coordinates": [ [ [ -51.15014919999993, -30.211809199999951 ], [ -51.151472899999931, -30.212771099999941 ], [ -51.151788599999975, -30.212906099999934 ], [ -51.152714199999934, -30.213123699999983 ], [ -51.154225899999972, -30.213226 ], [ -51.155518, -30.213156199999954 ], [ -51.159751099999937, -30.212610599999941 ], [ -51.160754699999984, -30.212638599999931 ], [ -51.161697, -30.21277689999993 ], [ -51.161569099999952, -30.211264299999982 ], [ -51.161446699999942, -30.211091599999971 ], [ -51.16042159999995, -30.210210799999977 ], [ -51.160068599999931, -30.209770599999946 ], [ -51.159871299999963, -30.20944859999997 ], [ -51.159796599999936, -30.209232699999966 ], [ -51.159782599999971, -30.209046899999979 ], [ -51.159870199999943, -30.208698799999965 ], [ -51.160273, -30.208160899999942 ], [ -51.160338, -30.207959099999986 ], [ -51.160289399999954, -30.207686199999952 ], [ -51.159982899999932, -30.206834199999943 ], [ -51.159893499999953, -30.205982599999967 ], [ -51.159924299999943, -30.205549699999946 ], [ -51.159982, -30.205332 ], [ -51.160740299999986, -30.203765599999937 ], [ -51.160603, -30.203035899999975 ], [ -51.159952299999986, -30.201518299999968 ], [ -51.159896, -30.201268099999925 ], [ -51.159909199999959, -30.201039199999954 ], [ -51.15998959999996, -30.200777299999974 ], [ -51.160278, -30.20024589999996 ], [ -51.161265199999946, -30.199600099999934 ], [ -51.161484299999984, -30.199316 ], [ -51.161891899999944, -30.19851379999994 ], [ -51.162707199999943, -30.196623399999957 ], [ -51.162802699999986, -30.196294199999958 ], [ -51.162840299999978, -30.195939099999968 ], [ -51.162795, -30.195506899999945 ], [ -51.162455, -30.194423199999946 ], [ -51.162260199999935, -30.192571199999964 ], [ -51.161556899999937, -30.192293499999952 ], [ -51.161221599999976, -30.192020699999937 ], [ -51.160715299999936, -30.191341399999942 ], [ -51.159228599999949, -30.189109499999965 ], [ -51.157874499999934, -30.187203699999948 ], [ -51.157552299999963, -30.186909399999923 ], [ -51.157281699999942, -30.1868042 ], [ -51.154594499999973, -30.18657879999995 ], [ -51.152200899999968, -30.186696099999946 ], [ -51.151769899999977, -30.186678599999929 ], [ -51.150989, -30.186561899999955 ], [ -51.150324499999954, -30.186305599999969 ], [ -51.14945629999994, -30.185816 ], [ -51.147458899999947, -30.184473099999924 ], [ -51.146114, -30.183950599999939 ], [ -51.145846099999972, -30.183897799999951 ], [ -51.144605199999944, -30.18386 ], [ -51.143213099999969, -30.183884599999931 ], [ -51.142976699999963, -30.183833199999974 ], [ -51.141902, -30.183414499999962 ], [ -51.141076299999952, -30.183390499999966 ], [ -51.140607199999977, -30.18332159999995 ], [ -51.140025599999944, -30.183535599999963 ], [ -51.140686799999969, -30.183277 ], [ -51.141062199999965, -30.182934499999924 ], [ -51.1413879, -30.18244679999998 ], [ -51.141713299999935, -30.181691899999976 ], [ -51.141910899999971, -30.180326899999947 ], [ -51.142876699999931, -30.178563 ], [ -51.143336699999963, -30.177928599999969 ], [ -51.143654199999958, -30.177593499999944 ], [ -51.144757199999958, -30.176571199999941 ], [ -51.145455099999936, -30.176002099999952 ], [ -51.140747399999952, -30.175785899999937 ], [ -51.14049289999997, -30.17573979999997 ], [ -51.14037, -30.175617099999958 ], [ -51.140369499999963, -30.175369099999955 ], [ -51.140808799999945, -30.174829199999969 ], [ -51.141123299999947, -30.174318099999923 ], [ -51.14175339999997, -30.17248079999996 ], [ -51.142486099999985, -30.17149419999998 ], [ -51.142865499999971, -30.169499699999957 ], [ -51.143069599999933, -30.168853299999967 ], [ -51.118554699999947, -30.170251299999961 ], [ -51.12241389999997, -30.170031199999986 ], [ -51.113836499999934, -30.162013699999925 ], [ -51.088422099999946, -30.175437199999969 ], [ -51.082609299999945, -30.178846599999922 ], [ -51.083029, -30.179500799999971 ], [ -51.083349599999963, -30.179800399999976 ], [ -51.083652099999938, -30.179954199999933 ], [ -51.085998399999937, -30.180785199999939 ], [ -51.086406499999953, -30.180973899999973 ], [ -51.08780059999998, -30.18186879999995 ], [ -51.088573, -30.182567399999989 ], [ -51.089091199999984, -30.182971899999977 ], [ -51.090836599999932, -30.184121499999936 ], [ -51.09247449999998, -30.185351799999982 ], [ -51.092705199999955, -30.185536299999967 ], [ -51.093681699999934, -30.186605099999952 ], [ -51.094846599999983, -30.188073799999984 ], [ -51.094519199999979, -30.188671699999926 ], [ -51.094046799999944, -30.189271299999966 ], [ -51.093807799999979, -30.189414799999955 ], [ -51.094961699999942, -30.19080069999994 ], [ -51.095165099999974, -30.19098079999997 ], [ -51.096095299999945, -30.191575199999917 ], [ -51.096321899999964, -30.191789699999944 ], [ -51.096481099999949, -30.192186199999973 ], [ -51.096560699999941, -30.193061099999969 ], [ -51.096733299999983, -30.193394499999954 ], [ -51.099337299999945, -30.19558029999995 ], [ -51.101412299999936, -30.197794299999938 ], [ -51.10170009999996, -30.198005599999934 ], [ -51.103090899999984, -30.198813799999968 ], [ -51.10352869999997, -30.198943499999924 ], [ -51.104277699999962, -30.199029599999967 ], [ -51.104857699999968, -30.199176899999944 ], [ -51.106319, -30.199882799999955 ], [ -51.107101, -30.200208299999936 ], [ -51.108645699999954, -30.200781599999964 ], [ -51.110483699999975, -30.201355799999924 ], [ -51.110797599999962, -30.201533699999956 ], [ -51.112211899999977, -30.202604699999931 ], [ -51.114531299999953, -30.203664299999943 ], [ -51.114922, -30.203729899999928 ], [ -51.116183899999953, -30.203663899999977 ], [ -51.116610899999955, -30.203724 ], [ -51.117321399999987, -30.203351599999966 ], [ -51.118693399999984, -30.202748599999943 ], [ -51.120752899999957, -30.202019599999964 ], [ -51.124257499999942, -30.200052099999933 ], [ -51.126026599999932, -30.199491199999958 ], [ -51.126705299999969, -30.198960799999941 ], [ -51.12692867937821, -30.198696404860911 ], [ -51.126861099999985, -30.198791399999955 ], [ -51.128069399999958, -30.199698299999955 ], [ -51.128960799999959, -30.200444 ], [ -51.13623709999996, -30.205938299999946 ], [ -51.143949499999962, -30.204515599999969 ], [ -51.143856599999935, -30.205410299999983 ], [ -51.143906299999969, -30.205751499999955 ], [ -51.146075399999972, -30.21047139999996 ], [ -51.147354599999979, -30.210642 ], [ -51.149002899999971, -30.211171199999967 ], [ -51.15014919999993, -30.211809199999951 ] ], [ [ -51.143238899999972, -30.204149799999982 ], [ -51.145718, -30.205347899999939 ], [ -51.143949499999962, -30.204515599999969 ], [ -51.143238899999972, -30.204149799999982 ] ], [ [ -51.128101775919276, -30.196700849817031 ], [ -51.128235699999948, -30.196496699999951 ], [ -51.12944159999995, -30.195130699999925 ], [ -51.128966299999945, -30.195673899999964 ], [ -51.128101775919276, -30.196700849817031 ] ], [ [ -51.127075799999943, -30.198489599999938 ], [ -51.127016454592358, -30.198573020791802 ], [ -51.12787869999994, -30.19704089999993 ], [ -51.12799938308985, -30.196856934348599 ], [ -51.127075799999943, -30.198489599999938 ] ], [ [ -51.156523299999947, -30.207075799999984 ], [ -51.156772599999954, -30.207158899999968 ], [ -51.156423815079584, -30.207071022903943 ], [ -51.156523299999947, -30.207075799999984 ] ], [ [ -51.15626089999995, -30.20706319999994 ], [ -51.156319705377065, -30.207066023733759 ], [ -51.156225211211279, -30.207071421098728 ], [ -51.15626089999995, -30.20706319999994 ] ], [ [ -51.155982199999983, -30.207127399999933 ], [ -51.156063736743917, -30.207108617585291 ], [ -51.155950232281555, -30.207150354847311 ], [ -51.155982199999983, -30.207127399999933 ] ], [ [ -51.151514660163819, -30.208146408258404 ], [ -51.151742638549777, -30.208117313344786 ], [ -51.151589099999967, -30.208151099999935 ], [ -51.151514660163819, -30.208146408258404 ] ], [ [ -51.151343734559582, -30.208122704488559 ], [ -51.151446033442035, -30.208142082901748 ], [ -51.151387599999971, -30.208138399999942 ], [ -51.151343734559582, -30.208122704488559 ] ], [ [ -51.150684599999984, -30.207779399999929 ], [ -51.151215115422154, -30.208076683221762 ], [ -51.151162899999974, -30.208058 ], [ -51.150684599999984, -30.207779399999929 ] ], [ [ -51.149926799999953, -30.206938099999949 ], [ -51.149974353916676, -30.206990893758377 ], [ -51.149824286754821, -30.206876714062176 ], [ -51.149926799999953, -30.206938099999949 ] ], [ [ -51.149523499999987, -30.20669659999993 ], [ -51.149590519843827, -30.206736732140495 ], [ -51.149299535256482, -30.206662345103137 ], [ -51.149523499999987, -30.20669659999993 ] ], [ [ -51.14898409999995, -30.20661409999996 ], [ -51.149041736646581, -30.206622915393631 ], [ -51.148683071763649, -30.206611447271523 ], [ -51.14898409999995, -30.20661409999996 ] ], [ [ -51.146928699999933, -30.206351699999964 ], [ -51.147838197996499, -30.20658443287455 ], [ -51.147749599999941, -30.206581599999932 ], [ -51.146928699999933, -30.206351699999964 ] ], [ [ -51.14057075152521, -30.202975130056753 ], [ -51.14094369999998, -30.203135799999973 ], [ -51.140661099999932, -30.203027 ], [ -51.14057075152521, -30.202975130056753 ] ], [ [ -51.140102899999931, -30.202687499999964 ], [ -51.140426825137894, -30.202892500509787 ], [ -51.139979283953124, -30.202635562737395 ], [ -51.140102899999931, -30.202687499999964 ] ], [ [ -51.139595699999973, -30.202474399999975 ], [ -51.139733634828602, -30.202532353296469 ], [ -51.139442441957378, -30.202438809743498 ], [ -51.139595699999973, -30.202474399999975 ] ], [ [ -51.137664599999937, -30.202230799999931 ], [ -51.139135799999963, -30.202367599999942 ], [ -51.139239532352939, -30.202391689183028 ], [ -51.138571899999931, -30.202316199999974 ], [ -51.137664599999937, -30.202230799999931 ] ], [ [ -51.137200599999971, -30.202114899999966 ], [ -51.137157789130178, -30.202084285241835 ], [ -51.137664599999937, -30.202230799999931 ], [ -51.137200599999971, -30.202114899999966 ] ], [ [ -51.135894039780574, -30.202611579593949 ], [ -51.135987937544677, -30.202648387517467 ], [ -51.135923099999957, -30.202633299999938 ], [ -51.135894039780574, -30.202611579593949 ] ], [ [ -51.135826949312019, -30.201132579767389 ], [ -51.134174099999939, -30.199950599999966 ], [ -51.133381843403242, -30.199359702215297 ], [ -51.135826949312019, -30.201132579767389 ] ], [ [ -51.13276372502888, -30.198898683929553 ], [ -51.132731299999932, -30.198874499999938 ], [ -51.132598682366883, -30.198737693387201 ], [ -51.13276372502888, -30.198898683929553 ] ], [ [ -51.130807789283665, -30.196658067659172 ], [ -51.130753880311396, -30.196605802253103 ], [ -51.130783799999961, -30.196621399999962 ], [ -51.130807789283665, -30.196658067659172 ] ], [ [ -51.130817770397144, -30.193087207879657 ], [ -51.131042, -30.192666299999924 ], [ -51.130869899999936, -30.19300979999997 ], [ -51.130817770397144, -30.193087207879657 ] ], [ [ -51.139631799999961, -30.183758799999964 ], [ -51.139690748113217, -30.183725389083563 ], [ -51.139552738559331, -30.183832236515961 ], [ -51.139631799999961, -30.183758799999964 ] ], [ [ -51.138948699999958, -30.18439329999994 ], [ -51.138954285973519, -30.184388111447422 ], [ -51.137588199999982, -30.185723299999957 ], [ -51.138948699999958, -30.18439329999994 ] ], [ [ -51.120103099999945, -30.186523599999934 ], [ -51.119663938904374, -30.186969672071257 ], [ -51.119778799999949, -30.186815299999974 ], [ -51.120103099999945, -30.186523599999934 ] ], [ [ -51.119468455686153, -30.187168231563302 ], [ -51.11940409999994, -30.187233599999942 ], [ -51.119324514625134, -30.187257018439649 ], [ -51.119468455686153, -30.187168231563302 ] ], [ [ -51.117346331857782, -30.188157197859681 ], [ -51.11709776443228, -30.188393473831347 ], [ -51.117200599999933, -30.188260199999942 ], [ -51.117346331857782, -30.188157197859681 ] ] ] } },
{ "type": "Feature", "properties": { "ltla_code": "Lami", "ltla_name": "Lami" }, "geometry": { "type": "Polygon", "coordinates": [ [ [ -51.089401399999986, -30.240983299999975 ], [ -51.092637299999978, -30.240933799999926 ], [ -51.093556099999944, -30.241038399999976 ], [ -51.095208499999956, -30.241119 ], [ -51.095893499999931, -30.24121579999996 ], [ -51.096772399999963, -30.24153879999994 ], [ -51.097983799999952, -30.242073699999938 ], [ -51.098831099999984, -30.242361599999974 ], [ -51.099652099999957, -30.242764899999926 ], [ -51.100404099999935, -30.243256599999938 ], [ -51.101310099999978, -30.244054399999975 ], [ -51.102097, -30.245554299999977 ], [ -51.102520399999946, -30.24606829999993 ], [ -51.102838799999972, -30.246149099999968 ], [ -51.103212699999972, -30.245944699999942 ], [ -51.10385169999995, -30.245737199999962 ], [ -51.104646, -30.245603 ], [ -51.105006699999933, -30.245253199999979 ], [ -51.105160799999972, -30.244677399999929 ], [ -51.105007, -30.244069399999944 ], [ -51.105108099999939, -30.24359169999995 ], [ -51.105079899999964, -30.243335199999926 ], [ -51.10519249999993, -30.243167899999936 ], [ -51.10613909999995, -30.242890899999967 ], [ -51.106434399999955, -30.242976799999941 ], [ -51.106593399999952, -30.243192199999946 ], [ -51.106650499999944, -30.243902599999942 ], [ -51.106739199999943, -30.244140699999939 ], [ -51.107026, -30.244365899999934 ], [ -51.107133099999942, -30.244830499999974 ], [ -51.106994, -30.245365099999955 ], [ -51.107017, -30.245813299999945 ], [ -51.106948699999982, -30.246035099999975 ], [ -51.106607699999984, -30.246418299999952 ], [ -51.106234299999983, -30.247094299999947 ], [ -51.106204, -30.247351199999962 ], [ -51.106331399999931, -30.247690599999931 ], [ -51.106155, -30.248201199999968 ], [ -51.105204599999979, -30.249158799999968 ], [ -51.104802199999938, -30.249388799999956 ], [ -51.103994399999976, -30.249535399999949 ], [ -51.103665199999966, -30.249723599999975 ], [ -51.103427099999976, -30.249725799999947 ], [ -51.103030899999965, -30.249523699999934 ], [ -51.102207399999941, -30.249426 ], [ -51.101388799999938, -30.249960899999959 ], [ -51.101391799999931, -30.250078399999946 ], [ -51.101842199999965, -30.250154499999944 ], [ -51.101989499999952, -30.250312899999969 ], [ -51.101971, -30.250697 ], [ -51.102235399999984, -30.25146339999997 ], [ -51.102539199999967, -30.252078299999937 ], [ -51.102514499999984, -30.252296299999966 ], [ -51.102188199999944, -30.252853599999973 ], [ -51.101875299999961, -30.253141 ], [ -51.101761799999963, -30.25338469999997 ], [ -51.101762299999969, -30.253982499999942 ], [ -51.101125399999944, -30.25533639999998 ], [ -51.100854099999935, -30.256083399999969 ], [ -51.100219699999968, -30.256537599999934 ], [ -51.099138499999981, -30.256953499999952 ], [ -51.09902139999997, -30.257199499999945 ], [ -51.099079299999971, -30.257389299999936 ], [ -51.099932299999978, -30.258037199999933 ], [ -51.100252699999942, -30.258012399999973 ], [ -51.100453799999968, -30.258092299999923 ], [ -51.101117699999975, -30.258787399999967 ], [ -51.101228899999967, -30.25911079999997 ], [ -51.101395599999933, -30.259299599999952 ], [ -51.101992199999984, -30.259512399999938 ], [ -51.102273099999934, -30.259480199999931 ], [ -51.103747099999964, -30.25993049999995 ], [ -51.104772699999955, -30.260087699999914 ], [ -51.106142899999959, -30.259180599999976 ], [ -51.106438, -30.259101399999956 ], [ -51.106585199999984, -30.259012899999966 ], [ -51.106602899999984, -30.258950099999932 ], [ -51.106108499999948, -30.258590799999979 ], [ -51.106031, -30.257969199999923 ], [ -51.10604189999998, -30.257509199999962 ], [ -51.105646099999944, -30.257037499999967 ], [ -51.105129199999965, -30.256946699999958 ], [ -51.104991199999972, -30.256858099999928 ], [ -51.104685099999983, -30.256371199999929 ], [ -51.104447299999947, -30.255121099999926 ], [ -51.104404099999954, -30.25388919999995 ], [ -51.104536799999948, -30.25268269999998 ], [ -51.104933899999935, -30.251845199999931 ], [ -51.105482299999949, -30.251644799999937 ], [ -51.105870699999976, -30.25104789999995 ], [ -51.106457599999942, -30.250360699999927 ], [ -51.107131099999947, -30.24979129999997 ], [ -51.108966, -30.24928379999994 ], [ -51.109512799999948, -30.248612899999944 ], [ -51.110026, -30.248291 ], [ -51.11107369999997, -30.248161599999943 ], [ -51.111495299999945, -30.247755099999946 ], [ -51.112662899999975, -30.247287899999943 ], [ -51.11311969999997, -30.246982499999934 ], [ -51.113718799999958, -30.246370899999935 ], [ -51.11466309999998, -30.24607 ], [ -51.117580299999986, -30.245807699999947 ], [ -51.118641599999933, -30.245859899999964 ], [ -51.118859399999963, -30.245948399999975 ], [ -51.118983399999934, -30.246076599999988 ], [ -51.119773299999963, -30.235710199999975 ], [ -51.120448699999947, -30.234836099999942 ], [ -51.117681499999946, -30.233156099999974 ], [ -51.11456359999994, -30.23135219999995 ], [ -51.114245699999969, -30.23125779999998 ], [ -51.114225899999951, -30.23100659999994 ], [ -51.113640399999952, -30.228262599999937 ], [ -51.113661799999932, -30.227483399999979 ], [ -51.113873099999978, -30.226518 ], [ -51.113926699999979, -30.226025 ], [ -51.113844099999937, -30.224816899999936 ], [ -51.113598899999943, -30.223151699999953 ], [ -51.112929899999983, -30.21988639999995 ], [ -51.109292099999948, -30.220031499999951 ], [ -51.106793399999958, -30.219847399999932 ], [ -51.102885, -30.219389799999931 ], [ -51.102337499999976, -30.219229399999954 ], [ -51.101477199999977, -30.218846099999947 ], [ -51.101216399999942, -30.21862219999997 ], [ -51.106748099999947, -30.21476279999996 ], [ -51.10726139999997, -30.214286799999975 ], [ -51.108457199999975, -30.212740799999949 ], [ -51.109796599999981, -30.211221699999957 ], [ -51.107795799999963, -30.210053299999966 ], [ -51.106838899999957, -30.209179199999934 ], [ -51.106166799999983, -30.20874159999995 ], [ -51.105669399999954, -30.208512299999921 ], [ -51.091803599999935, -30.210230499999962 ], [ -51.091672399999936, -30.210567199999957 ], [ -51.091375299999982, -30.2109 ], [ -51.090529299999957, -30.21093269999994 ], [ -51.087521199999969, -30.209601199999948 ], [ -51.086061399999949, -30.209087 ], [ -51.085559799999942, -30.209075399999964 ], [ -51.087612799999931, -30.221864799999931 ], [ -51.083092099999931, -30.222367799999969 ], [ -51.079451699999936, -30.223284899999946 ], [ -51.078740099999948, -30.223533399999944 ], [ -51.076101699999981, -30.224845699999936 ], [ -51.074402899999939, -30.225501 ], [ -51.070723299999941, -30.226920499999945 ], [ -51.067477199999985, -30.228586399999983 ], [ -51.065008, -30.229256099999915 ], [ -51.064359, -30.229498 ], [ -51.061349899999982, -30.231232399999946 ], [ -51.060883399999973, -30.231673799999946 ], [ -51.060030299999937, -30.231878599999973 ], [ -51.059777299999951, -30.231864699999946 ], [ -51.059554599999956, -30.231790699999973 ], [ -51.055746499999941, -30.22876929999995 ], [ -51.052994699999942, -30.229356399999965 ], [ -51.052580899999953, -30.229479599999934 ], [ -51.052109899999948, -30.229721499999972 ], [ -51.05263, -30.23013329999997 ], [ -51.053043599999967, -30.230716799999971 ], [ -51.053248499999938, -30.231551399999944 ], [ -51.05311329999995, -30.232204099999937 ], [ -51.053226699999982, -30.233139199999979 ], [ -51.053822, -30.234545099999938 ], [ -51.054519299999981, -30.235334399999935 ], [ -51.054987799999935, -30.236005899999956 ], [ -51.054995899999938, -30.236555399999926 ], [ -51.054732499999943, -30.237243199999963 ], [ -51.05478949999997, -30.237483799999943 ], [ -51.055221399999937, -30.238056599999929 ], [ -51.05557569999997, -30.238774599999932 ], [ -51.056268199999977, -30.239442299999951 ], [ -51.057076799999948, -30.23965689999994 ], [ -51.058646799999963, -30.23974239999994 ], [ -51.058366799999931, -30.241837599999929 ], [ -51.058754699999952, -30.242584599999926 ], [ -51.058903199999975, -30.24352169999997 ], [ -51.058864799999981, -30.243642499999964 ], [ -51.05874259999996, -30.243736399999925 ], [ -51.056963799999949, -30.24476 ], [ -51.056899499999986, -30.244886599999969 ], [ -51.056921899999963, -30.245920399999921 ], [ -51.05725689999997, -30.246744699999969 ], [ -51.057311, -30.247464 ], [ -51.055415, -30.249895199999969 ], [ -51.05456769999995, -30.251116799999977 ], [ -51.054168, -30.252144599999955 ], [ -51.054145, -30.253239399999977 ], [ -51.054209699999944, -30.253784899999971 ], [ -51.054356899999959, -30.253985599999957 ], [ -51.05487439999996, -30.254220099999941 ], [ -51.055002399999978, -30.254341399999923 ], [ -51.055433199999982, -30.255431899999955 ], [ -51.055504699999972, -30.255734699999945 ], [ -51.054963199999975, -30.256738299999935 ], [ -51.053833499999939, -30.257256799999922 ], [ -51.053603899999985, -30.257624799999967 ], [ -51.05358339999998, -30.257729199999972 ], [ -51.053652799999952, -30.257898 ], [ -51.053769299999942, -30.25798079999991 ], [ -51.055011699999973, -30.258380699999968 ], [ -51.055165699999975, -30.258497199999962 ], [ -51.055203, -30.25867159999995 ], [ -51.055081599999937, -30.25881059999994 ], [ -51.054834499999977, -30.258881 ], [ -51.054329299999957, -30.258763199999979 ], [ -51.05385769999998, -30.259012899999956 ], [ -51.05357, -30.259383899999929 ], [ -51.053517499999941, -30.259636499999949 ], [ -51.053572299999985, -30.259761599999933 ], [ -51.053756799999974, -30.259871 ], [ -51.054114399999946, -30.259891699999955 ], [ -51.054537, -30.260058 ], [ -51.055019, -30.260387499999968 ], [ -51.055800199999965, -30.260448299999954 ], [ -51.057010799999944, -30.260098199999959 ], [ -51.057672799999978, -30.259603299999984 ], [ -51.057977399999977, -30.259237399999947 ], [ -51.058591499999977, -30.259021 ], [ -51.05876759999996, -30.259030099999961 ], [ -51.059172599999954, -30.259254099999961 ], [ -51.059452199999953, -30.259268599999931 ], [ -51.05980779999993, -30.259253299999955 ], [ -51.06008989999998, -30.259091499999947 ], [ -51.060553399999947, -30.259000199999949 ], [ -51.060838899999965, -30.259127399999944 ], [ -51.061285199999986, -30.259705599999965 ], [ -51.061737799999946, -30.259826399999948 ], [ -51.062523799999951, -30.259784199999949 ], [ -51.062896599999931, -30.259611599999964 ], [ -51.062779, -30.259259199999974 ], [ -51.062826499999971, -30.258779899999976 ], [ -51.063207199999965, -30.257654099999957 ], [ -51.063130299999955, -30.256949799999973 ], [ -51.063379099999963, -30.255811499999922 ], [ -51.063487299999963, -30.255687799999972 ], [ -51.063981299999966, -30.255445 ], [ -51.064918, -30.253858499999978 ], [ -51.065315, -30.253504299999971 ], [ -51.065353099999989, -30.252970899999969 ], [ -51.065837599999952, -30.252439299999939 ], [ -51.066422799999941, -30.252162499999933 ], [ -51.067637599999955, -30.250645099999929 ], [ -51.068505899999934, -30.249823299999942 ], [ -51.068566299999986, -30.24960579999998 ], [ -51.068494299999941, -30.249410499999946 ], [ -51.068517599999957, -30.249253499999952 ], [ -51.068680099999945, -30.249085 ], [ -51.068831599999953, -30.249024 ], [ -51.069083, -30.249078399999959 ], [ -51.069246, -30.249038599999938 ], [ -51.069431699999939, -30.248807199999924 ], [ -51.069643199999973, -30.248319699999961 ], [ -51.069881199999941, -30.24799 ], [ -51.069903699999941, -30.247796799999932 ], [ -51.069698099999982, -30.247195299999927 ], [ -51.070114299999943, -30.24687489999997 ], [ -51.070531199999948, -30.246632799999922 ], [ -51.070884699999965, -30.246533599999957 ], [ -51.071186599999983, -30.246252699999957 ], [ -51.071792, -30.245897299999967 ], [ -51.072307899999942, -30.245672299999967 ], [ -51.072816299999943, -30.245846699999966 ], [ -51.073362499999973, -30.245678499999936 ], [ -51.073825299999953, -30.245444899999924 ], [ -51.074135499999954, -30.245139399999964 ], [ -51.074728899999968, -30.244815799999966 ], [ -51.075124699999947, -30.244818099999968 ], [ -51.076054899999974, -30.244336699999955 ], [ -51.076203, -30.24412389999997 ], [ -51.076354, -30.24348509999993 ], [ -51.076499199999944, -30.243384399999972 ], [ -51.077481699999964, -30.243035499999962 ], [ -51.078558199999975, -30.242746599999961 ], [ -51.079226699999936, -30.242616299999945 ], [ -51.079771799999946, -30.242835499999948 ], [ -51.08053909999996, -30.242791499999939 ], [ -51.081662499999936, -30.242414099999959 ], [ -51.082065799999953, -30.242423599999938 ], [ -51.082514899999985, -30.242180199999947 ], [ -51.082884299999932, -30.242214199999978 ], [ -51.083326, -30.241906699999955 ], [ -51.08380939999995, -30.241909 ], [ -51.084401799999966, -30.241663399999933 ], [ -51.085338299999933, -30.241552499999958 ], [ -51.086809199999948, -30.241513599999948 ], [ -51.08771859999996, -30.24142529999995 ], [ -51.08870909999996, -30.241237099999982 ], [ -51.089401399999986, -30.240983299999975 ] ], [ [ -51.10063219999995, -30.218855 ], [ -51.100159299999973, -30.219027599999933 ], [ -51.101216399999942, -30.21862219999997 ], [ -51.10063219999995, -30.218855 ] ], [ [ -51.091863699999976, -30.228548499999924 ], [ -51.086313299999972, -30.235603399999949 ], [ -51.098653599999984, -30.21989049999997 ], [ -51.091863699999976, -30.228548499999924 ] ], [ [ -51.098764799999969, -30.227959699999921 ], [ -51.095347899999979, -30.234165199999953 ], [ -51.095684699999936, -30.23353359999992 ], [ -51.098764799999969, -30.227959699999921 ] ], [ [ -51.095257401804759, -30.234700102378227 ], [ -51.095253299999968, -30.23456079999993 ], [ -51.095268860738102, -30.234495727822278 ], [ -51.095257401804759, -30.234700102378227 ] ], [ [ -51.095489599999951, -30.236244599999971 ], [ -51.095266199999969, -30.23499889999993 ], [ -51.095263739887173, -30.234915351518186 ], [ -51.095489599999951, -30.236244599999971 ] ], [ [ -51.08901164961506, -30.237562365946175 ], [ -51.089403199999936, -30.237505699999929 ], [ -51.089628876037658, -30.237505638317341 ], [ -51.08901164961506, -30.237562365946175 ] ], [ [ -51.088238704490102, -30.237717313860536 ], [ -51.088606499999969, -30.237621 ], [ -51.088662299931194, -30.237612924523489 ], [ -51.088238704490102, -30.237717313860536 ] ], [ [ -51.100790399999937, -30.219723799999933 ], [ -51.100775899999974, -30.219295299999946 ], [ -51.10086629999995, -30.220751299999957 ], [ -51.100790399999937, -30.219723799999933 ] ], [ [ -51.095345793952212, -30.237240036667988 ], [ -51.095335599999942, -30.237310599999951 ], [ -51.095309865453125, -30.237364072719942 ], [ -51.095345793952212, -30.237240036667988 ] ], [ [ -51.094897576348068, -30.238220750711115 ], [ -51.09465229999995, -30.238730399999945 ], [ -51.093728099999964, -30.240458399999959 ], [ -51.094897576348068, -30.238220750711115 ] ], [ [ -51.094300899999951, -30.212141 ], [ -51.094444599999974, -30.212273799999927 ], [ -51.094474386411193, -30.212315248709611 ], [ -51.094300899999951, -30.212141 ] ], [ [ -51.086342, -30.238214 ], [ -51.087163793123452, -30.237998798709498 ], [ -51.086108391213315, -30.238292329058478 ], [ -51.086342, -30.238214 ] ], [ [ -51.080568399999947, -30.237007 ], [ -51.080585731188997, -30.237036630440798 ], [ -51.079643099999942, -30.235468199999946 ], [ -51.080568399999947, -30.237007 ] ], [ [ -51.080740049399999, -30.237300462115112 ], [ -51.080753699999946, -30.237323799999967 ], [ -51.080983341061525, -30.237946813832579 ], [ -51.080965099999958, -30.237929299999962 ], [ -51.080740049399999, -30.237300462115112 ] ], [ [ -51.081501099999969, -30.23843879999998 ], [ -51.081516774316412, -30.238458980336851 ], [ -51.081407477817258, -30.23835404123643 ], [ -51.081501099999969, -30.23843879999998 ] ] ] } },
{ "type": "Feature", "properties": { "ltla_code": "Lomba do Pinheiro", "ltla_name": "Lomba do Pinheiro" }, "geometry": { "type": "Polygon", "coordinates": [ [ [ -51.137758799999972, -30.134460799999935 ], [ -51.140041, -30.133907699999945 ], [ -51.140324099999987, -30.133663 ], [ -51.140934799999968, -30.132904 ], [ -51.141994, -30.132220599999972 ], [ -51.142099299999984, -30.132074299999946 ], [ -51.14213959999995, -30.13185349999997 ], [ -51.140720399999964, -30.129400399999948 ], [ -51.139996899999971, -30.128381499999939 ], [ -51.139685799999938, -30.127634499999935 ], [ -51.139558199999954, -30.127235 ], [ -51.139529, -30.126936799999957 ], [ -51.139662299999941, -30.126431099999927 ], [ -51.139957299999935, -30.125638299999935 ], [ -51.140159899999958, -30.125312099999974 ], [ -51.140660699999955, -30.124873 ], [ -51.14089389999998, -30.124585399999937 ], [ -51.142641599999934, -30.121524699999945 ], [ -51.142687199999962, -30.121346799999966 ], [ -51.142667899999935, -30.12112669999993 ], [ -51.142263499999956, -30.120292299999956 ], [ -51.142260599999986, -30.120146599999945 ], [ -51.142330099999981, -30.120010899999954 ], [ -51.142709099999934, -30.119667299999939 ], [ -51.143899499999975, -30.118926099999946 ], [ -51.146776399999965, -30.117735199999967 ], [ -51.147104799999966, -30.117660199999918 ], [ -51.147008199999959, -30.11723 ], [ -51.147077699999954, -30.116739799999948 ], [ -51.147583399999974, -30.115644199999956 ], [ -51.146899799999971, -30.11513949999993 ], [ -51.146957799999939, -30.114288399999964 ], [ -51.147627399999976, -30.11343539999995 ], [ -51.148980399999971, -30.103242099999928 ], [ -51.150022199999967, -30.102472599999945 ], [ -51.151972499999943, -30.10129129999995 ], [ -51.152335699999981, -30.10117049999997 ], [ -51.153956099999959, -30.100822499999936 ], [ -51.15384309999996, -30.100475899999935 ], [ -51.153838, -30.099909799999963 ], [ -51.153745299999976, -30.099348699999943 ], [ -51.153497899999934, -30.09879809999995 ], [ -51.153837499999952, -30.097149699999925 ], [ -51.153849499999978, -30.096795799999935 ], [ -51.153787099999931, -30.096598399999948 ], [ -51.153669599999944, -30.096432499999938 ], [ -51.152215399999932, -30.095069499999962 ], [ -51.15227189999996, -30.094143799999976 ], [ -51.152438699999948, -30.093130799999987 ], [ -51.152300499999967, -30.092729499999958 ], [ -51.152213, -30.092617299999965 ], [ -51.150526799999966, -30.091806699999943 ], [ -51.14988459999995, -30.091440399999939 ], [ -51.148721599999931, -30.090945199999965 ], [ -51.148598799999945, -30.091090199999933 ], [ -51.147963299999958, -30.092366799999972 ], [ -51.14680929999998, -30.09444319999993 ], [ -51.147851699999933, -30.092555899999972 ], [ -51.146995599999968, -30.092196599999959 ], [ -51.146449899999936, -30.091887799999938 ], [ -51.146055799999942, -30.0914342 ], [ -51.145305899999983, -30.090189499999948 ], [ -51.145002699999964, -30.089981699999953 ], [ -51.144019, -30.089681299999931 ], [ -51.143055799999956, -30.088867599999951 ], [ -51.142680399999968, -30.088472699999954 ], [ -51.142252399999961, -30.087698399999965 ], [ -51.140245499999935, -30.086119399999976 ], [ -51.139210899999966, -30.084955699999959 ], [ -51.138742799999932, -30.084662 ], [ -51.137038599999983, -30.084433299999926 ], [ -51.136720199999957, -30.084476699999978 ], [ -51.136413927108904, -30.084604159827855 ], [ -51.136417499999936, -30.08379489999993 ], [ -51.136598299999946, -30.083564899999942 ], [ -51.136565399999938, -30.083302 ], [ -51.136779, -30.08323629999995 ], [ -51.136869299999944, -30.083039099999947 ], [ -51.136696799999982, -30.082513399999979 ], [ -51.137091099999964, -30.082168399999944 ], [ -51.137280099999941, -30.081790499999954 ], [ -51.137091099999964, -30.081544 ], [ -51.136696799999982, -30.081396199999975 ], [ -51.136549, -30.081051199999926 ], [ -51.13628609999995, -30.080624 ], [ -51.135760299999959, -30.079950399999976 ], [ -51.136072499999955, -30.079441099999944 ], [ -51.136614699999939, -30.079293199999942 ], [ -51.136549, -30.078438899999973 ], [ -51.136466799999937, -30.078077399999987 ], [ -51.136762499999975, -30.077502399999954 ], [ -51.137699, -30.077009499999967 ], [ -51.137699, -30.07640159999994 ], [ -51.137222599999973, -30.076237299999935 ], [ -51.137107599999979, -30.075810099999948 ], [ -51.136762499999975, -30.075810099999945 ], [ -51.136565399999938, -30.07546509999997 ], [ -51.136269699999957, -30.075383 ], [ -51.135645299999965, -30.075465099999967 ], [ -51.13521819999994, -30.075399399999974 ], [ -51.134963199999959, -30.075047699999967 ], [ -51.133847099999969, -30.075611199999962 ], [ -51.131433499999957, -30.076261799999944 ], [ -51.129124099999956, -30.076836699999941 ], [ -51.128496899999959, -30.076952199999941 ], [ -51.127539399999939, -30.076978399999962 ], [ -51.126899799999933, -30.076970899999925 ], [ -51.125251, -30.076815099999973 ], [ -51.123646699999938, -30.076798599999947 ], [ -51.123110099999963, -30.076859 ], [ -51.12079609999995, -30.07743 ], [ -51.120130499999959, -30.077719199999933 ], [ -51.118857299999945, -30.078526699999937 ], [ -51.118418299999973, -30.078683099999967 ], [ -51.118064599999968, -30.07874379999998 ], [ -51.117772599999967, -30.078768499999963 ], [ -51.117244099999944, -30.079114499999946 ], [ -51.117079599999954, -30.079338699999923 ], [ -51.116780199999937, -30.079617599999949 ], [ -51.116419, -30.079749299999946 ], [ -51.116107499999941, -30.079793599999956 ], [ -51.115607799999964, -30.080062099999964 ], [ -51.115436299999942, -30.080347799999974 ], [ -51.115065899999934, -30.08078189999997 ], [ -51.114284599999962, -30.081465199999968 ], [ -51.113773699999967, -30.082307599999968 ], [ -51.11325439999996, -30.083093699999949 ], [ -51.111444699999936, -30.085320099999933 ], [ -51.111139699999967, -30.085871799999946 ], [ -51.110887699999978, -30.086327599999947 ], [ -51.110436899999968, -30.087687599999967 ], [ -51.110726099999972, -30.091130099999923 ], [ -51.110628599999984, -30.093322 ], [ -51.11117889999997, -30.095473299999981 ], [ -51.111492299999952, -30.09710119999993 ], [ -51.111274399999964, -30.101545199999975 ], [ -51.111182799999938, -30.102142899999926 ], [ -51.111379, -30.102507699999929 ], [ -51.112018, -30.103412 ], [ -51.1119695, -30.104205199999974 ], [ -51.111893899999984, -30.104330599999962 ], [ -51.111748799999987, -30.104432199999962 ], [ -51.111610799999937, -30.104431899999955 ], [ -51.111462699999947, -30.104396899999976 ], [ -51.110619399999969, -30.104919699999979 ], [ -51.110108599999933, -30.105161 ], [ -51.109438299999965, -30.105257599999952 ], [ -51.108494299999961, -30.105472399999933 ], [ -51.107119299999965, -30.106032399999947 ], [ -51.105938, -30.106644299999964 ], [ -51.104878299999939, -30.10735579999993 ], [ -51.104224099999954, -30.107807299999926 ], [ -51.103190099999949, -30.108624699999943 ], [ -51.102475399999946, -30.109173799999947 ], [ -51.10182489999994, -30.109751099999983 ], [ -51.100794499999949, -30.110870899999952 ], [ -51.100687299999954, -30.111277899999944 ], [ -51.100900699999961, -30.11358069999994 ], [ -51.100928299999964, -30.114151699999976 ], [ -51.100893399999961, -30.114205699999957 ], [ -51.100291299999981, -30.114482099999975 ], [ -51.099580099999969, -30.114612299999969 ], [ -51.09640289999993, -30.114829499999921 ], [ -51.096339399999977, -30.114864399999927 ], [ -51.096327799999983, -30.114954199999943 ], [ -51.096347099999946, -30.115349499999979 ], [ -51.096318, -30.116397599999974 ], [ -51.095725899999934, -30.117524 ], [ -51.095243799999935, -30.118115499999924 ], [ -51.094918299999968, -30.118616599999942 ], [ -51.094806199999937, -30.118929699999963 ], [ -51.094690899999932, -30.119389299999959 ], [ -51.094956499999974, -30.119582599999951 ], [ -51.094950099999949, -30.119834299999969 ], [ -51.095378799999935, -30.119998899999917 ], [ -51.095442899999966, -30.120608799999953 ], [ -51.095611099999985, -30.121317499999979 ], [ -51.095541799999978, -30.121751499999949 ], [ -51.095587199999954, -30.12183959999992 ], [ -51.095807899999954, -30.121950499999961 ], [ -51.096609199999932, -30.122181499999947 ], [ -51.096825899999942, -30.12230129999994 ], [ -51.096570499999984, -30.123138499999978 ], [ -51.096323799999936, -30.123358799999941 ], [ -51.096294499999942, -30.123788499999932 ], [ -51.096490799999977, -30.124178699999955 ], [ -51.096542, -30.124498599999971 ], [ -51.096263099999931, -30.124868899999964 ], [ -51.096269799999959, -30.125219599999973 ], [ -51.096566299999949, -30.125690499999955 ], [ -51.097118899999941, -30.125866699999957 ], [ -51.097317199999964, -30.126163 ], [ -51.097619, -30.127165499999933 ], [ -51.097532599999973, -30.127961899999935 ], [ -51.097614199999953, -30.128226399999953 ], [ -51.097756, -30.128304499999963 ], [ -51.097988399999963, -30.128245099999951 ], [ -51.09866379999994, -30.128710399999932 ], [ -51.098954, -30.12846629999995 ], [ -51.098286099999939, -30.129028299999952 ], [ -51.097855199999969, -30.129458399999976 ], [ -51.097764599999955, -30.129651599999931 ], [ -51.097737099999961, -30.129953299999958 ], [ -51.097783199999988, -30.131424 ], [ -51.097719099999949, -30.131783399999971 ], [ -51.097437799999966, -30.132262399999941 ], [ -51.097081099999969, -30.132693099999969 ], [ -51.096576499999969, -30.133109299999937 ], [ -51.095215399999972, -30.134531199999962 ], [ -51.094929199999967, -30.134826699999948 ], [ -51.094381399999975, -30.13553219999994 ], [ -51.094209299999932, -30.135855099999951 ], [ -51.094025699999975, -30.13654 ], [ -51.093831699999953, -30.137647699999931 ], [ -51.093627, -30.138084799999948 ], [ -51.093312399999945, -30.138381899999949 ], [ -51.092858799999931, -30.138679299999968 ], [ -51.09127239999998, -30.139335299999974 ], [ -51.090165099999979, -30.139549299999935 ], [ -51.088321299999961, -30.140259899999919 ], [ -51.087693499999951, -30.140571399999935 ], [ -51.087096299999985, -30.141019599999932 ], [ -51.086083099999939, -30.142524799999933 ], [ -51.085589399999954, -30.143139199999954 ], [ -51.085708299999965, -30.143836299999979 ], [ -51.086136599999975, -30.145481799999963 ], [ -51.086469199999954, -30.146020799999967 ], [ -51.086887799999943, -30.146472399999929 ], [ -51.087480599999935, -30.146932499999927 ], [ -51.087992, -30.147432799999944 ], [ -51.088358, -30.147947099999953 ], [ -51.089048099999957, -30.149655399999972 ], [ -51.089136599999961, -30.150149299999949 ], [ -51.089129299999968, -30.150670399999964 ], [ -51.088994, -30.151270599999972 ], [ -51.088791, -30.151514299999963 ], [ -51.087771199999963, -30.152206499999981 ], [ -51.086799199999973, -30.153048 ], [ -51.08630839999995, -30.153562299999969 ], [ -51.086167, -30.153969899999932 ], [ -51.08603, -30.154244699999936 ], [ -51.085725799999977, -30.154582799999961 ], [ -51.085224799999935, -30.154922099999958 ], [ -51.083369599999969, -30.155941599999949 ], [ -51.081994699999939, -30.157001099999942 ], [ -51.080936399999985, -30.158415899999948 ], [ -51.080318599999941, -30.158892 ], [ -51.078897, -30.159836799999933 ], [ -51.07863889999993, -30.160220799999937 ], [ -51.078613699999948, -30.160745 ], [ -51.079195199999958, -30.163501799999946 ], [ -51.079385399999978, -30.163765 ], [ -51.079112299999963, -30.164073499999976 ], [ -51.07888209999993, -30.164488899999974 ], [ -51.078700199999957, -30.165128099999936 ], [ -51.07844179999995, -30.165540199999949 ], [ -51.078177899999957, -30.16581669999993 ], [ -51.077719599999966, -30.166085499999955 ], [ -51.077012799999977, -30.167117699999945 ], [ -51.076785, -30.167851699999961 ], [ -51.076824099999953, -30.168120699999974 ], [ -51.076472699999954, -30.169282 ], [ -51.076512399999956, -30.169668799999954 ], [ -51.07670319999994, -30.169976099999928 ], [ -51.076696099999943, -30.170630799999973 ], [ -51.076895799999932, -30.171076199999948 ], [ -51.076618199999984, -30.172016699999965 ], [ -51.076670399999955, -30.172407399999933 ], [ -51.076644699999974, -30.172863799999966 ], [ -51.076869199999976, -30.173243499999948 ], [ -51.076527099999964, -30.174217799999951 ], [ -51.076711099999955, -30.174743399999947 ], [ -51.07666009999997, -30.175264299999981 ], [ -51.076893699999971, -30.175567799999946 ], [ -51.077450499999941, -30.175709599999941 ], [ -51.077627699999937, -30.175798399999973 ], [ -51.077737199999945, -30.175927599999969 ], [ -51.077799499999969, -30.176156 ], [ -51.077822899999944, -30.176669099999962 ], [ -51.078216299999951, -30.177091 ], [ -51.078931799999964, -30.178400499999967 ], [ -51.079462, -30.179108399999961 ], [ -51.080633699999964, -30.179391599999978 ], [ -51.081310599999938, -30.179068499999968 ], [ -51.081633699999941, -30.178556899999933 ], [ -51.081929799999955, -30.178391599999934 ], [ -51.082118299999934, -30.178441599999928 ], [ -51.082349099999931, -30.178637699999964 ], [ -51.082555099999986, -30.178712699999949 ], [ -51.082549639883233, -30.178674658202901 ], [ -51.082609299999945, -30.178846599999922 ], [ -51.088422099999946, -30.175437199999969 ], [ -51.092867801651096, -30.153229089457803 ], [ -51.092897799999946, -30.153237499999928 ], [ -51.09304869999994, -30.153371399999962 ], [ -51.093196, -30.153429899999935 ], [ -51.093532099999948, -30.153325499999927 ], [ -51.093920599999933, -30.152887599999929 ], [ -51.095264499999985, -30.151913699999962 ], [ -51.095499399999937, -30.151690799999987 ], [ -51.095726799999966, -30.151303499999973 ], [ -51.096543499999939, -30.150323799999963 ], [ -51.096807699999943, -30.15012059999998 ], [ -51.096307199999956, -30.149861799999943 ], [ -51.096259599999939, -30.14979819999995 ], [ -51.096156599999972, -30.148863399999982 ], [ -51.096172399999944, -30.148571499999946 ], [ -51.096656699999983, -30.147795499999969 ], [ -51.096686699999964, -30.147554299999967 ], [ -51.096227899999974, -30.145737099999955 ], [ -51.095586, -30.144404299999955 ], [ -51.09555679999994, -30.144157299999964 ], [ -51.095674699999961, -30.143675599999934 ], [ -51.096369699999968, -30.142350399999934 ], [ -51.096540399999981, -30.141771099999978 ], [ -51.096589799999947, -30.14140239999994 ], [ -51.096483399999954, -30.140948199999961 ], [ -51.096974599999953, -30.138756499999939 ], [ -51.097334, -30.13807109999993 ], [ -51.097882299999981, -30.137411599999943 ], [ -51.098060099999941, -30.137096699999962 ], [ -51.097737799999948, -30.136644699999973 ], [ -51.097656299999983, -30.136503899999973 ], [ -51.097657799999979, -30.136410099999964 ], [ -51.096579, -30.135700399999951 ], [ -51.098294899999985, -30.13681669999993 ], [ -51.102340599999934, -30.133231599999942 ], [ -51.102952799999969, -30.132772099999951 ], [ -51.103294099999971, -30.133021899999971 ], [ -51.103533299999981, -30.133035899999982 ], [ -51.103645899999947, -30.133148499999933 ], [ -51.103638899999964, -30.133500399999939 ], [ -51.103835899999979, -30.133634099999924 ], [ -51.103871099999935, -30.134070299999962 ], [ -51.104054, -30.134232199999932 ], [ -51.104314399999964, -30.134309599999941 ], [ -51.104574699999944, -30.134471399999931 ], [ -51.104785799999952, -30.134907699999932 ], [ -51.104819299999974, -30.135072099999942 ], [ -51.105213899999967, -30.136339399999933 ], [ -51.106633099999954, -30.137233 ], [ -51.107691199999977, -30.138953899999933 ], [ -51.108750399999963, -30.139330599999933 ], [ -51.110051499999948, -30.140723499999982 ], [ -51.110304, -30.140579699999922 ], [ -51.110742, -30.140176699999984 ], [ -51.11137279999997, -30.140413299999967 ], [ -51.111583099999962, -30.140413299999967 ], [ -51.111898499999938, -30.140360699999967 ], [ -51.112301499999951, -30.140089099999951 ], [ -51.112581899999952, -30.139992799999952 ], [ -51.113028699999973, -30.140132899999962 ], [ -51.113221399999986, -30.140325699999941 ], [ -51.113466699999947, -30.140413299999974 ], [ -51.114395399999978, -30.14056219999997 ], [ -51.114824699999986, -30.140430799999937 ], [ -51.115166299999942, -30.140448299999942 ], [ -51.11595479999994, -30.140273099999941 ], [ -51.116138799999931, -30.13989639999993 ], [ -51.11648919999994, -30.139738699999949 ], [ -51.116909799999974, -30.139992799999952 ], [ -51.117339099999981, -30.140106599999957 ], [ -51.117991299999971, -30.139872799999974 ], [ -51.118033599999933, -30.14002709999993 ], [ -51.118348099999935, -30.140001899999966 ], [ -51.118911499999967, -30.139796 ], [ -51.11939909999996, -30.139947699999922 ], [ -51.11954, -30.14009939999994 ], [ -51.119984299999942, -30.140034399999937 ], [ -51.120266, -30.13907 ], [ -51.12103529999996, -30.138679899999936 ], [ -51.122140599999973, -30.138474 ], [ -51.122509, -30.13797559999994 ], [ -51.122769, -30.137823899999944 ], [ -51.123061599999971, -30.137845499999962 ], [ -51.123365, -30.137997199999965 ], [ -51.124455299999966, -30.136561 ], [ -51.124869799999942, -30.136192799999932 ], [ -51.125245599999971, -30.136066499999963 ], [ -51.125709399999948, -30.136014799999941 ], [ -51.126639299999965, -30.136091 ], [ -51.126823299999955, -30.136051399999925 ], [ -51.126966799999934, -30.135866499999956 ], [ -51.127395199999967, -30.135590699999973 ], [ -51.127845599999944, -30.135468 ], [ -51.128430799999933, -30.135690099999987 ], [ -51.128811299999946, -30.136316299999976 ], [ -51.128957899999932, -30.136851099999941 ], [ -51.129289399999948, -30.136868899999971 ], [ -51.130541699999981, -30.137167599999938 ], [ -51.130972499999984, -30.137190799999924 ], [ -51.133386899999948, -30.136404399999936 ], [ -51.134842899999967, -30.135645599999975 ], [ -51.135422699999936, -30.135409699999968 ], [ -51.136455, -30.13503629999996 ], [ -51.137758799999972, -30.134460799999935 ] ], [ [ -51.131448, -30.077033 ], [ -51.131399300656263, -30.078307044116467 ], [ -51.131433499999957, -30.076261799999944 ], [ -51.131448, -30.077033 ] ], [ [ -51.096096, -30.135276399999952 ], [ -51.095525499999951, -30.134724599999959 ], [ -51.096579, -30.135700399999951 ], [ -51.096096, -30.135276399999952 ] ], [ [ -51.129169299999944, -30.07705089999995 ], [ -51.129095699999937, -30.0775025 ], [ -51.12908644039657, -30.077529729044127 ], [ -51.129164087848928, -30.077026199939162 ], [ -51.129169299999944, -30.07705089999995 ] ], [ [ -51.125938302746363, -30.078974175672187 ], [ -51.126007699999946, -30.078919199999969 ], [ -51.127062899999942, -30.07830719999998 ], [ -51.125938302746363, -30.078974175672187 ] ], [ [ -51.124611099999981, -30.080089299999937 ], [ -51.12400649999995, -30.080624199999932 ], [ -51.12508859999997, -30.079647299999969 ], [ -51.125791127856012, -30.0790907658557 ], [ -51.124611099999981, -30.080089299999937 ] ], [ [ -51.125693072551762, -30.086949129616379 ], [ -51.125693072551762, -30.086949129616382 ], [ -51.125099599999942, -30.086082199999968 ], [ -51.125693072551762, -30.086949129616379 ] ], [ [ -51.125727899999958, -30.087338199999976 ], [ -51.125793092756844, -30.087347179858313 ], [ -51.125322399999959, -30.087477099999951 ], [ -51.125727899999958, -30.087338199999976 ] ], [ [ -51.125856399999975, -30.087355899999967 ], [ -51.126079296581374, -30.087633770316206 ], [ -51.125841609698128, -30.087353862736602 ], [ -51.125856399999975, -30.087355899999967 ] ], [ [ -51.127986173222929, -30.089487357994603 ], [ -51.127567, -30.089756299999976 ], [ -51.127986173222929, -30.089487357994599 ], [ -51.127986173222929, -30.089487357994603 ] ], [ [ -51.127553499999976, -30.090326499999939 ], [ -51.126824099999965, -30.09065849999995 ], [ -51.127553483232909, -30.090325931479249 ], [ -51.127553499999976, -30.090326499999939 ] ], [ [ -51.123919399999977, -30.09251479999994 ], [ -51.122877399999936, -30.092197499999926 ], [ -51.123525, -30.092389899999962 ], [ -51.123919399999977, -30.09251479999994 ] ], [ [ -51.124151799999936, -30.092790799999932 ], [ -51.124184737727944, -30.092856374256318 ], [ -51.123919399999977, -30.09251479999994 ], [ -51.124151799999936, -30.092790799999932 ] ], [ [ -51.12601830969416, -30.096335413765321 ], [ -51.125972699999977, -30.09629689999997 ], [ -51.125814199999986, -30.095893 ], [ -51.12601830969416, -30.096335413765321 ] ], [ [ -51.126211599999976, -30.096398899999933 ], [ -51.126065899999958, -30.09637559999992 ], [ -51.126045219946469, -30.096358137336736 ], [ -51.126211599999976, -30.096398899999933 ] ], [ [ -51.126949001564434, -30.095820385211468 ], [ -51.126195818273445, -30.096432016575271 ], [ -51.126211599999976, -30.096398899999933 ], [ -51.126949001564434, -30.095820385211468 ] ], [ [ -51.126117489050003, -30.096656994003705 ], [ -51.126117099999931, -30.096597199999959 ], [ -51.126148107945703, -30.096532132532818 ], [ -51.126117489050003, -30.096656994003705 ] ], [ [ -51.126110399999959, -30.098217 ], [ -51.126084099999957, -30.098544899999972 ], [ -51.12596259999998, -30.099644099999981 ], [ -51.126110506387938, -30.09815391601861 ], [ -51.126110399999959, -30.098217 ] ], [ [ -51.125877199999934, -30.099890699999936 ], [ -51.125836422472496, -30.099952860864942 ], [ -51.12596259999998, -30.099644099999981 ], [ -51.125877199999934, -30.099890699999936 ] ], [ [ -51.125680399999965, -30.100190699999921 ], [ -51.124967799999979, -30.101059799999977 ], [ -51.124846871982236, -30.10118132542004 ], [ -51.125741942183232, -30.10009688569615 ], [ -51.125680399999965, -30.100190699999921 ] ], [ [ -51.124441499999939, -30.101588699999976 ], [ -51.12439142145459, -30.101620128996252 ], [ -51.124577334530507, -30.101452194426706 ], [ -51.124441499999939, -30.101588699999976 ] ], [ [ -51.12382469999995, -30.101975799999934 ], [ -51.123672897205253, -30.102032785407751 ], [ -51.124178001512945, -30.101754070078293 ], [ -51.12382469999995, -30.101975799999934 ] ], [ [ -51.123249299999941, -30.102191799999961 ], [ -51.123111703701753, -30.102215005975097 ], [ -51.12335629278445, -30.102151635868129 ], [ -51.123249299999941, -30.102191799999961 ] ], [ [ -51.125908099999947, -30.103931499999934 ], [ -51.125944599999968, -30.104139399999937 ], [ -51.125858838098651, -30.103851782942773 ], [ -51.125908099999947, -30.103931499999934 ] ], [ [ -51.125713062954731, -30.10817092500907 ], [ -51.125713062954731, -30.108170925009066 ], [ -51.125962799999968, -30.10699459999995 ], [ -51.125713062954731, -30.10817092500907 ] ], [ [ -51.121896899999967, -30.102390899999925 ], [ -51.12293945150428, -30.102244056758185 ], [ -51.122922, -30.102247 ], [ -51.121896899999967, -30.102390899999925 ] ], [ [ -51.118045399999971, -30.105174599999948 ], [ -51.117993218911757, -30.105207390595787 ], [ -51.118752299999983, -30.104564099999944 ], [ -51.119157611613872, -30.10426462287634 ], [ -51.118045399999971, -30.105174599999948 ] ], [ [ -51.117795399999977, -30.105331699999969 ], [ -51.117772022998977, -30.105333296133569 ], [ -51.117834665376698, -30.105307025637234 ], [ -51.117795399999977, -30.105331699999969 ] ], [ [ -51.11746439999996, -30.105354299999934 ], [ -51.116985838637063, -30.105263485713753 ], [ -51.117510142159496, -30.105351176819259 ], [ -51.11746439999996, -30.105354299999934 ] ], [ [ -51.112335099999939, -30.1053 ], [ -51.112478099999976, -30.10526179999993 ], [ -51.114008899999931, -30.105199 ], [ -51.112335099999939, -30.1053 ] ], [ [ -51.107252899999935, -30.110195799999925 ], [ -51.107064099999945, -30.110528499999923 ], [ -51.107254513944525, -30.110187440314061 ], [ -51.107252899999935, -30.110195799999925 ] ], [ [ -51.107086967182831, -30.110537634611855 ], [ -51.107021364825322, -30.110527997152126 ], [ -51.107064099999945, -30.110528499999923 ], [ -51.107086967182831, -30.110537634611855 ] ], [ [ -51.10965159999995, -30.112950799999957 ], [ -51.10961078512927, -30.113031382652601 ], [ -51.109831407287878, -30.112329307603016 ], [ -51.10965159999995, -30.112950799999957 ] ], [ [ -51.108739041584762, -30.11528543572642 ], [ -51.10873909999998, -30.115200499999958 ], [ -51.108765989252831, -30.115070320232608 ], [ -51.108739041584762, -30.11528543572642 ] ], [ [ -51.10596929999997, -30.114764 ], [ -51.105191699999978, -30.114641099999968 ], [ -51.10873909999998, -30.115200499999958 ], [ -51.10596929999997, -30.114764 ] ], [ [ -51.108765149763677, -30.116743460826999 ], [ -51.10873829999997, -30.116363699999958 ], [ -51.108738738183007, -30.115726581874959 ], [ -51.108765149763677, -30.116743460826999 ] ], [ [ -51.108845599999938, -30.117867899999965 ], [ -51.108846957626895, -30.117900544447121 ], [ -51.108836438233453, -30.117751759020283 ], [ -51.108845599999938, -30.117867899999965 ] ], [ [ -51.112394499999944, -30.11707129999996 ], [ -51.110233, -30.117559099999923 ], [ -51.108845599999938, -30.117867899999965 ], [ -51.112394499999944, -30.11707129999996 ] ], [ [ -51.105599978516928, -30.124730698760263 ], [ -51.106362923159878, -30.12487381423685 ], [ -51.106270199999983, -30.124871299999938 ], [ -51.10570649999994, -30.124771499999952 ], [ -51.105599978516928, -30.124730698760263 ] ], [ [ -51.104065386462004, -30.124434469796675 ], [ -51.104114599999946, -30.124404199999951 ], [ -51.104146984519602, -30.124399325217503 ], [ -51.104065386462004, -30.124434469796675 ] ], [ [ -51.10300849999993, -30.125096899999967 ], [ -51.102946950527489, -30.125119035223086 ], [ -51.103462085670486, -30.124804936273886 ], [ -51.10300849999993, -30.125096899999967 ] ], [ [ -51.100904318350793, -30.126667046858078 ], [ -51.097976599999981, -30.125446699999937 ], [ -51.099543099999948, -30.126099299999964 ], [ -51.100904320638371, -30.126667043800776 ], [ -51.100904318350793, -30.126667046858078 ] ], [ [ -51.100693799999931, -30.126948399999936 ], [ -51.100609702027647, -30.127012253033357 ], [ -51.10080858658889, -30.126794990250545 ], [ -51.100693799999931, -30.126948399999936 ] ], [ [ -51.132646699999952, -30.133606699999977 ], [ -51.132649533302747, -30.133582926144562 ], [ -51.132684428355923, -30.133635305378817 ], [ -51.132646699999952, -30.133606699999977 ] ], [ [ -51.141730299999949, -30.095204799999973 ], [ -51.143169, -30.09672409999996 ], [ -51.141638460229721, -30.095151088829997 ], [ -51.141730299999949, -30.095204799999973 ] ], [ [ -51.141541699999955, -30.095094499999959 ], [ -51.141569017544995, -30.095110476273653 ], [ -51.141327, -30.095049799999966 ], [ -51.141541699999955, -30.095094499999959 ] ], [ [ -51.139566799999962, -30.095026399999945 ], [ -51.139544602346668, -30.095024110913705 ], [ -51.141327, -30.095049799999966 ], [ -51.139566799999962, -30.095026399999945 ] ], [ [ -51.139074113295074, -30.094962566877275 ], [ -51.139358843843155, -30.095004954959293 ], [ -51.139121699999976, -30.094980499999959 ], [ -51.139074113295074, -30.094962566877275 ] ], [ [ -51.138059244955706, -30.094393117665906 ], [ -51.138058564205238, -30.09439175213209 ], [ -51.13897130110729, -30.094923821946718 ], [ -51.138831399999958, -30.094871099999978 ], [ -51.138059244955706, -30.094393117665906 ] ], [ [ -51.137818899999957, -30.093931399999967 ], [ -51.137831758155798, -30.093958206394174 ], [ -51.137782365463472, -30.093911371537704 ], [ -51.137818899999957, -30.093931399999967 ] ], [ [ -51.137640499999975, -30.093833599999982 ], [ -51.137698714081388, -30.093865513324882 ], [ -51.137545283312072, -30.093844379946621 ], [ -51.137640499999975, -30.093833599999982 ] ], [ [ -51.135987267677542, -30.094000250100898 ], [ -51.136062159783997, -30.09400561236545 ], [ -51.136028499999952, -30.094009599999936 ], [ -51.135987267677542, -30.094000250100898 ] ], [ [ -51.134550499999932, -30.092404299999941 ], [ -51.135043, -30.093037699999968 ], [ -51.13440319013057, -30.092258846327717 ], [ -51.134550499999932, -30.092404299999941 ] ], [ [ -51.134264799999983, -30.092122199999942 ], [ -51.134336763498112, -30.092193256712669 ], [ -51.133904299999983, -30.091881699999927 ], [ -51.134264799999983, -30.092122199999942 ] ], [ [ -51.133094299999982, -30.091534399999937 ], [ -51.132912269028942, -30.091439782318449 ], [ -51.133904299999983, -30.091881699999927 ], [ -51.133094299999982, -30.091534399999937 ] ], [ [ -51.131269599999939, -30.093455499999948 ], [ -51.131410045581426, -30.093658788755853 ], [ -51.130983499999957, -30.093152299999929 ], [ -51.131269599999939, -30.093455499999948 ] ], [ [ -51.128520447361879, -30.094503621840889 ], [ -51.130678199999977, -30.092432299999921 ], [ -51.132705641700525, -30.090509438298948 ], [ -51.132678199999987, -30.090559099999943 ], [ -51.132229799999948, -30.090970799999969 ], [ -51.130393099999935, -30.092718299999937 ], [ -51.130157099999963, -30.092962699999926 ], [ -51.128520447361879, -30.094503621840889 ] ], [ [ -51.132841709185165, -30.091403106093598 ], [ -51.132791099999963, -30.091376799999978 ], [ -51.132229799999948, -30.090970799999969 ], [ -51.132841709185165, -30.091403106093598 ] ], [ [ -51.124249720570923, -30.117501684506141 ], [ -51.123884, -30.117454299999959 ], [ -51.124234, -30.117491799999982 ], [ -51.124249720570923, -30.117501684506141 ] ], [ [ -51.124392544062822, -30.117644387247552 ], [ -51.124310261363306, -30.117539750288614 ], [ -51.124323699999934, -30.117548199999934 ], [ -51.124392544062822, -30.117644387247552 ] ], [ [ -51.124633375748878, -30.118130916476098 ], [ -51.124536782163453, -30.117845913208079 ], [ -51.124550299999953, -30.117864799999943 ], [ -51.124633375748878, -30.118130916476098 ] ], [ [ -51.124769319099165, -30.118789080556041 ], [ -51.124766957146726, -30.118558817654645 ], [ -51.124774599999967, -30.118583299999955 ], [ -51.124769319099165, -30.118789080556041 ] ], [ [ -51.124662399999977, -30.119605099999948 ], [ -51.124764336403715, -30.118983240961565 ], [ -51.124762499999974, -30.119054799999947 ], [ -51.124662399999977, -30.119605099999948 ] ], [ [ -51.128976057675821, -30.123696209920581 ], [ -51.128946944125168, -30.123674916652146 ], [ -51.128968399999962, -30.123679099999944 ], [ -51.128976057675821, -30.123696209920581 ] ], [ [ -51.134948399999985, -30.096907799999926 ], [ -51.135897699999987, -30.099342499999974 ], [ -51.135855699999979, -30.09924709999995 ], [ -51.134948399999985, -30.096907799999926 ] ], [ [ -51.133830699999976, -30.097151699999976 ], [ -51.133670596204098, -30.097161899662634 ], [ -51.134948399999985, -30.096907799999926 ], [ -51.133830699999976, -30.097151699999976 ] ], [ [ -51.147890781916693, -30.102870513044245 ], [ -51.146847399999956, -30.102584599999943 ], [ -51.147489599999972, -30.102733699999931 ], [ -51.147890781916693, -30.102870513044245 ] ], [ [ -51.143644599999959, -30.102135299999922 ], [ -51.143229499999961, -30.101973 ], [ -51.142498, -30.101660799999923 ], [ -51.143644599999959, -30.102135299999922 ] ], [ [ -51.141467739505288, -30.101376282361212 ], [ -51.141496699999948, -30.101378599999975 ], [ -51.14204639999997, -30.101530499999964 ], [ -51.142498, -30.101660799999923 ], [ -51.141467739505288, -30.101376282361212 ] ], [ [ -51.141387028168126, -30.101369823226943 ], [ -51.141090536287528, -30.101383201433727 ], [ -51.141206799999971, -30.101355399999939 ], [ -51.141387028168126, -30.101369823226943 ] ], [ [ -51.14096398244309, -30.101413463484139 ], [ -51.140628199999981, -30.101596799999975 ], [ -51.140873499999941, -30.101435099999946 ], [ -51.14096398244309, -30.101413463484139 ] ], [ [ -51.140172899999982, -30.102415799999957 ], [ -51.140088086241576, -30.102535449710135 ], [ -51.140628199999981, -30.101596799999975 ], [ -51.140172899999982, -30.102415799999957 ] ], [ [ -51.139970020234941, -30.101544073676195 ], [ -51.139932899999963, -30.101541099999956 ], [ -51.139759279327073, -30.101373673919973 ], [ -51.139970020234941, -30.101544073676195 ] ], [ [ -51.139386299999956, -30.10074039999995 ], [ -51.139735448961844, -30.101350693795723 ], [ -51.139731099999949, -30.101346499999966 ], [ -51.139287902146819, -30.100635277527203 ], [ -51.139386299999956, -30.10074039999995 ] ], [ [ -51.139250728178126, -30.100595563047808 ], [ -51.138922499999985, -30.100445599999937 ], [ -51.139215099999944, -30.100557499999976 ], [ -51.139250728178126, -30.100595563047808 ] ], [ [ -51.137815590527126, -30.100067462744498 ], [ -51.137731599999938, -30.100038799999929 ], [ -51.137809399999981, -30.10005 ], [ -51.137815590527126, -30.100067462744498 ] ], [ [ -51.137376099999983, -30.100164599999964 ], [ -51.136866232361477, -30.098973272871486 ], [ -51.137049799999943, -30.099367899999944 ], [ -51.137376099999983, -30.100164599999964 ] ], [ [ -51.135460099999932, -30.099558599999963 ], [ -51.134980299999938, -30.099748799999919 ], [ -51.134323997775326, -30.099960474374765 ], [ -51.135460099999932, -30.099558599999963 ] ], [ [ -51.133724899999947, -30.098014099999929 ], [ -51.133567899999946, -30.097590699999962 ], [ -51.133416299999965, -30.097178099999944 ], [ -51.133724899999947, -30.098014099999929 ] ], [ [ -51.133261399999981, -30.09714479999996 ], [ -51.133515334403249, -30.097171790858429 ], [ -51.133416299999965, -30.097178099999944 ], [ -51.133261399999981, -30.09714479999996 ] ], [ [ -51.141410099999973, -30.106427499999935 ], [ -51.140957299999968, -30.106491499999947 ], [ -51.142302, -30.106231 ], [ -51.141410099999973, -30.106427499999935 ] ], [ [ -51.139647499999967, -30.103157 ], [ -51.139604381743567, -30.103186398477639 ], [ -51.13974608542491, -30.103017922122206 ], [ -51.139647499999967, -30.103157 ] ], [ [ -51.139059799999984, -30.103557699999946 ], [ -51.138947271458981, -30.103616111761685 ], [ -51.139213505575739, -30.103452901932553 ], [ -51.139059799999984, -30.103557699999946 ] ], [ [ -51.137508045378816, -30.104408317513265 ], [ -51.137810399999978, -30.104208899999932 ], [ -51.137831910192816, -30.104198032465387 ], [ -51.137508045378816, -30.104408317513265 ] ], [ [ -51.137027399999965, -30.104720399999955 ], [ -51.136872324363267, -30.104794559170951 ], [ -51.13704613573853, -30.104708234906649 ], [ -51.137027399999965, -30.104720399999955 ] ], [ [ -51.13612089999998, -30.105153899999948 ], [ -51.136045501267716, -30.105182853982843 ], [ -51.136336391221803, -30.105050849316374 ], [ -51.13612089999998, -30.105153899999948 ] ], [ [ -51.135496699999976, -30.10539359999995 ], [ -51.135414718069057, -30.105406673027947 ], [ -51.135763719838614, -30.105291061301902 ], [ -51.135496699999976, -30.10539359999995 ] ], [ [ -51.135117299999933, -30.105454099999971 ], [ -51.134941784803701, -30.105442123951658 ], [ -51.135250765337581, -30.105432817309065 ], [ -51.135117299999933, -30.105454099999971 ] ], [ [ -51.134679099999978, -30.105424199999952 ], [ -51.134346199999982, -30.105340099999978 ], [ -51.134779941615911, -30.105431080794837 ], [ -51.134679099999978, -30.105424199999952 ] ], [ [ -51.134016499999973, -30.105161499999948 ], [ -51.133802814038653, -30.105010382136477 ], [ -51.134346199999982, -30.105340099999978 ], [ -51.134016499999973, -30.105161499999948 ] ], [ [ -51.133613499999967, -30.104876499999929 ], [ -51.133277299999975, -30.104549799999972 ], [ -51.133668177150483, -30.104915167463695 ], [ -51.133613499999967, -30.104876499999929 ] ], [ [ -51.13190970615954, -30.102540069033104 ], [ -51.131935099999964, -30.10256859999998 ], [ -51.133277299999975, -30.104549799999972 ], [ -51.13190970615954, -30.102540069033104 ] ], [ [ -51.131655276142212, -30.102254207017928 ], [ -51.130444932230375, -30.100955678801327 ], [ -51.130542499999933, -30.101027499999919 ], [ -51.131002599999931, -30.101520899999965 ], [ -51.131655276142212, -30.102254207017928 ] ], [ [ -51.130045279315894, -30.100732642470916 ], [ -51.130259799999976, -30.100819399999978 ], [ -51.130335839071336, -30.100875373578855 ], [ -51.130045279315894, -30.100732642470916 ] ], [ [ -51.129000178502373, -30.10041183663111 ], [ -51.129871099999946, -30.100662199999928 ], [ -51.129923624986418, -30.100683442417925 ], [ -51.129000178502373, -30.10041183663111 ] ], [ [ -51.128712552191097, -30.100327239448781 ], [ -51.128577099999973, -30.100287399999953 ], [ -51.128274399999952, -30.100145399999978 ], [ -51.128156475383683, -30.100070196678121 ], [ -51.128712552191097, -30.100327239448781 ] ], [ [ -51.126877399999955, -30.099254499999965 ], [ -51.126839359426519, -30.099214972698693 ], [ -51.126929194704559, -30.099287530710296 ], [ -51.126877399999955, -30.099254499999965 ] ], [ [ -51.143220399999962, -30.108491099999984 ], [ -51.143168099999968, -30.108367199999968 ], [ -51.143407799999984, -30.108791399999966 ], [ -51.143220399999962, -30.108491099999984 ] ], [ [ -51.132469, -30.097214499999943 ], [ -51.132301232695546, -30.097083973830451 ], [ -51.132483854146962, -30.097217919113064 ], [ -51.132469, -30.097214499999943 ] ], [ [ -51.131986727464728, -30.096926645646171 ], [ -51.132222599999977, -30.097026299999975 ], [ -51.13222958852694, -30.097031425795503 ], [ -51.131986727464728, -30.096926645646171 ] ], [ [ -51.131794899999932, -30.096845599999941 ], [ -51.131979388218674, -30.096923544870481 ], [ -51.130892199999948, -30.096594 ], [ -51.131794899999932, -30.096845599999941 ] ], [ [ -51.1287799, -30.095333599999947 ], [ -51.128899906213114, -30.095645597648875 ], [ -51.128887, -30.095636799999966 ], [ -51.1287799, -30.095333599999947 ] ], [ [ -51.127949398045629, -30.095008001464425 ], [ -51.128445053747839, -30.094574605544974 ], [ -51.128206399999954, -30.09479929999998 ], [ -51.127949398045629, -30.095008001464425 ] ], [ [ -51.13299829999994, -30.096987699999953 ], [ -51.132527399999958, -30.096423599999977 ], [ -51.132493568534272, -30.09637113245541 ], [ -51.13299829999994, -30.096987699999953 ] ], [ [ -51.144520629963118, -30.09986231618096 ], [ -51.144493499999953, -30.099895099999962 ], [ -51.144390558461197, -30.099984172784531 ], [ -51.144520629963118, -30.09986231618096 ] ], [ [ -51.144694729188863, -30.099635595574313 ], [ -51.144684, -30.099664899999929 ], [ -51.14461023651581, -30.099754035716757 ], [ -51.144694729188863, -30.099635595574313 ] ], [ [ -51.144900799999959, -30.098406 ], [ -51.144826899999941, -30.099274599999934 ], [ -51.144818364845783, -30.099297911901047 ], [ -51.144900799999959, -30.098406 ] ], [ [ -51.14585054132057, -30.097090187668876 ], [ -51.145842099999982, -30.09712009999998 ], [ -51.145698099999947, -30.097360699999964 ], [ -51.14585054132057, -30.097090187668876 ] ], [ [ -51.145892093946074, -30.096799324368668 ], [ -51.145894899999973, -30.096933 ], [ -51.14586224655541, -30.097048709459809 ], [ -51.145892093946074, -30.096799324368668 ] ], [ [ -51.145792401627887, -30.096236144757388 ], [ -51.145885499999963, -30.096485199999961 ], [ -51.145887146409656, -30.09656363215516 ], [ -51.145792401627887, -30.096236144757388 ] ], [ [ -51.13888739999993, -30.095397299999945 ], [ -51.138105199999984, -30.094485299999977 ], [ -51.138078250988357, -30.094431242326184 ], [ -51.13888739999993, -30.095397299999945 ] ], [ [ -51.142111169496353, -30.100429514091886 ], [ -51.142098994018667, -30.100340673689676 ], [ -51.14211419999998, -30.100378 ], [ -51.142111169496353, -30.100429514091886 ] ], [ [ -51.141963584985639, -30.100008283462344 ], [ -51.141148229615709, -30.098942945616852 ], [ -51.141206, -30.098988499999948 ], [ -51.141950799999961, -30.099976899999948 ], [ -51.141963584985639, -30.100008283462344 ] ], [ [ -51.139580099999932, -30.09797739999993 ], [ -51.140991299999939, -30.098819199999973 ], [ -51.141090956530526, -30.098897783375026 ], [ -51.139580099999932, -30.09797739999993 ] ], [ [ -51.136226199999953, -30.096412399999956 ], [ -51.137379, -30.095456799999965 ], [ -51.137401081185807, -30.095445259658749 ], [ -51.136226199999953, -30.096412399999956 ] ], [ [ -51.135777799999971, -30.096633399999977 ], [ -51.135542098013183, -30.096711380015847 ], [ -51.136226199999953, -30.096412399999956 ], [ -51.135777799999971, -30.096633399999977 ] ], [ [ -51.136106499999983, -30.084732099999943 ], [ -51.136030671154657, -30.084748983895349 ], [ -51.136300990693215, -30.08465115992654 ], [ -51.136106499999983, -30.084732099999943 ] ], [ [ -51.135647499999948, -30.08483429999994 ], [ -51.135619636473734, -30.084832585431222 ], [ -51.135701335643148, -30.084822313065878 ], [ -51.135647499999948, -30.08483429999994 ] ], [ [ -51.131777555626691, -30.085650159668543 ], [ -51.131742499999973, -30.08477309999995 ], [ -51.131747399422601, -30.084701086323438 ], [ -51.131777555626691, -30.085650159668543 ] ], [ [ -51.128864299999975, -30.085620699999929 ], [ -51.12901039999997, -30.085471799999937 ], [ -51.129048544478543, -30.085462045032262 ], [ -51.128864299999975, -30.085620699999929 ] ], [ [ -51.128845199999944, -30.086149599999942 ], [ -51.12727, -30.086468899999932 ], [ -51.126127904281439, -30.086704852073037 ], [ -51.126173399999971, -30.086690099999949 ], [ -51.128845199999944, -30.086149599999942 ] ], [ [ -51.125929614046747, -30.086779057147442 ], [ -51.125949499999933, -30.086762699999948 ], [ -51.126114776577694, -30.086709108755898 ], [ -51.125929614046747, -30.086779057147442 ] ], [ [ -51.131817494531511, -30.086649394481856 ], [ -51.131843338662307, -30.086867778980302 ], [ -51.131821099999968, -30.086739599999927 ], [ -51.131817494531511, -30.086649394481856 ] ], [ [ -51.131968351474519, -30.087588326581646 ], [ -51.132259570962404, -30.088841056903824 ], [ -51.13204589999998, -30.088035299999945 ], [ -51.131968351474519, -30.087588326581646 ] ], [ [ -51.132328269090195, -30.089100118734805 ], [ -51.132447304063589, -30.089413741500675 ], [ -51.132351599999936, -30.089188099999941 ], [ -51.132328269090195, -30.089100118734805 ] ], [ [ -51.132751860176846, -30.090216158873311 ], [ -51.132768499999941, -30.09026 ], [ -51.13276380275731, -30.090307842285991 ], [ -51.132751860176846, -30.090216158873311 ] ], [ [ -51.13275698595762, -30.090377272653228 ], [ -51.132752299999936, -30.090425 ], [ -51.132728366717281, -30.090468312458889 ], [ -51.13275698595762, -30.090377272653228 ] ], [ [ -51.13120379999998, -30.088273699999942 ], [ -51.131245299999932, -30.088205399999936 ], [ -51.131259092647561, -30.088202469536082 ], [ -51.13120379999998, -30.088273699999942 ] ], [ [ -51.131001899999944, -30.08879 ], [ -51.130988730557547, -30.088794713984989 ], [ -51.131014509380527, -30.088774559332602 ], [ -51.131001899999944, -30.08879 ] ], [ [ -51.130709399999944, -30.088894699999962 ], [ -51.130591610715221, -30.088914451040441 ], [ -51.130839132812504, -30.088848262306033 ], [ -51.130709399999944, -30.088894699999962 ] ], [ [ -51.130200099999968, -30.088980099999958 ], [ -51.13018392862741, -30.088971897477158 ], [ -51.130276502497786, -30.088967288742715 ], [ -51.130200099999968, -30.088980099999958 ] ], [ [ -51.129930199999933, -30.088843199999918 ], [ -51.129885099999967, -30.08879539999997 ], [ -51.130084866337306, -30.088921650617145 ], [ -51.129930199999933, -30.088843199999918 ] ], [ [ -51.131900404057404, -30.081436930653346 ], [ -51.131911299999956, -30.08147479999996 ], [ -51.131873799999937, -30.082843199999953 ], [ -51.131900404057404, -30.081436930653346 ] ], [ [ -51.131394503037768, -30.079320291652511 ], [ -51.131383599999936, -30.079246 ], [ -51.131385300539584, -30.079144301594848 ], [ -51.131394503037768, -30.079320291652511 ] ], [ [ -51.131529870458372, -30.080122294544882 ], [ -51.131494799999984, -30.080003699999963 ], [ -51.131468597907549, -30.079825162900768 ], [ -51.131529870458372, -30.080122294544882 ] ], [ [ -51.116848057161114, -30.129928776751719 ], [ -51.116518199999973, -30.130182599999952 ], [ -51.116809499999931, -30.129932499999938 ], [ -51.116848057161114, -30.129928776751719 ] ], [ [ -51.107570603211656, -30.127596510679346 ], [ -51.107729374508779, -30.12765887734983 ], [ -51.107577299999953, -30.127602199999956 ], [ -51.107570603211656, -30.127596510679346 ] ], [ [ -51.117500199999938, -30.11595919999996 ], [ -51.117478199999937, -30.115398299999981 ], [ -51.117479094080956, -30.115354504073142 ], [ -51.117500199999938, -30.11595919999996 ] ], [ [ -51.11274659999998, -30.114253699999942 ], [ -51.112657787382602, -30.114133071719404 ], [ -51.112900699999962, -30.114399899999956 ], [ -51.11274659999998, -30.114253699999942 ] ], [ [ -51.112341871108583, -30.114523714357944 ], [ -51.112342399999932, -30.11451019999997 ], [ -51.11274659999998, -30.114253699999942 ], [ -51.112341871108583, -30.114523714357944 ] ], [ [ -51.112504299999955, -30.113924599999947 ], [ -51.11240089746066, -30.113659875729528 ], [ -51.112559301966307, -30.113999305518416 ], [ -51.112504299999955, -30.113924599999947 ] ], [ [ -51.112264, -30.113309399999938 ], [ -51.112262512491725, -30.113276960093909 ], [ -51.112286177647249, -30.113366177730278 ], [ -51.112264, -30.113309399999938 ] ], [ [ -51.117423299999984, -30.109454499999966 ], [ -51.117428286882799, -30.109480486237949 ], [ -51.117106899999953, -30.109007499999958 ], [ -51.117423299999984, -30.109454499999966 ] ], [ [ -51.116622639365993, -30.108483019973818 ], [ -51.116651299999944, -30.108498 ], [ -51.117106899999953, -30.109007499999958 ], [ -51.116622639365993, -30.108483019973818 ] ], [ [ -51.114155799999935, -30.106130599999968 ], [ -51.115571899999964, -30.107660899999932 ], [ -51.115368399999966, -30.107476599999973 ], [ -51.114155799999935, -30.106130599999968 ] ], [ [ -51.112085327590698, -30.110380546177634 ], [ -51.11209539999993, -30.110395899999951 ], [ -51.112117074974748, -30.110782179981811 ], [ -51.112085327590698, -30.110380546177634 ] ], [ [ -51.110133236900573, -30.11130382084843 ], [ -51.110187399999973, -30.111112799999944 ], [ -51.110228526914888, -30.111042626288796 ], [ -51.110133236900573, -30.11130382084843 ] ], [ [ -51.121857099999943, -30.085779299999963 ], [ -51.122028799999953, -30.086547099999954 ], [ -51.122117199999934, -30.08691209999995 ], [ -51.121973699999955, -30.086353499999969 ], [ -51.121857099999943, -30.085779299999963 ] ], [ [ -51.121837899999946, -30.085193 ], [ -51.121860799872252, -30.084990722675233 ], [ -51.121857099999943, -30.085779299999963 ], [ -51.121837899999946, -30.085193 ] ], [ [ -51.122094699999934, -30.08748 ], [ -51.122092834306493, -30.087491634621863 ], [ -51.122117199999934, -30.08691209999995 ], [ -51.122094699999934, -30.08748 ] ], [ [ -51.122083770155427, -30.087548159433457 ], [ -51.1220426, -30.087804899999973 ], [ -51.122013983605669, -30.087875395203916 ], [ -51.122083770155427, -30.087548159433457 ] ], [ [ -51.121626499999934, -30.08870439999998 ], [ -51.121651, -30.088644699999978 ], [ -51.121961211694533, -30.088005396440103 ], [ -51.121922199999979, -30.088101499999915 ], [ -51.121605715387545, -30.088815150389472 ], [ -51.121626499999934, -30.08870439999998 ] ], [ [ -51.115017599999938, -30.086034699999963 ], [ -51.116763834958455, -30.083342723357195 ], [ -51.116739, -30.083406099999934 ], [ -51.115017599999938, -30.086034699999963 ] ], [ [ -51.116793899999948, -30.083266 ], [ -51.116787484519783, -30.083282371744424 ], [ -51.116773274718831, -30.082969928363809 ], [ -51.116785799999953, -30.083012699999987 ], [ -51.116793899999948, -30.083266 ] ], [ [ -51.116754818379114, -30.082906903203721 ], [ -51.116590299999984, -30.082571799999975 ], [ -51.116708899999935, -30.082750099999934 ], [ -51.116754818379114, -30.082906903203721 ] ], [ [ -51.111722547399282, -30.104538828590652 ], [ -51.112190680216152, -30.104584746924846 ], [ -51.11206169999997, -30.104585599999954 ], [ -51.111722947658237, -30.104539211589504 ], [ -51.111722547399282, -30.104538828590652 ] ], [ [ -51.117029599999974, -30.101357 ], [ -51.117046392985046, -30.101355859639099 ], [ -51.116622199999938, -30.101698 ], [ -51.116397799999959, -30.101865799999917 ], [ -51.117029599999974, -30.101357 ] ], [ [ -51.11627577210794, -30.10188967707392 ], [ -51.11628369999994, -30.101882499999927 ], [ -51.116397799999959, -30.101865799999917 ], [ -51.11627577210794, -30.10188967707392 ] ], [ [ -51.114317904830102, -30.10404937918403 ], [ -51.114235833685377, -30.104110596185421 ], [ -51.114299699999947, -30.104056499999945 ], [ -51.114317904830102, -30.10404937918403 ] ], [ [ -51.113956096477445, -30.104319252627409 ], [ -51.113913399999944, -30.104351099999974 ], [ -51.113848220793528, -30.104375431089707 ], [ -51.113956096477445, -30.104319252627409 ] ], [ [ -51.113713098538753, -30.104425871588862 ], [ -51.113598099999933, -30.10446879999995 ], [ -51.113413927448022, -30.104489814346159 ], [ -51.113713098538753, -30.104425871588862 ] ], [ [ -51.112728030758923, -30.104568076119364 ], [ -51.112606, -30.104582 ], [ -51.112454971654877, -30.104582998901357 ], [ -51.112728030758923, -30.104568076119364 ] ], [ [ -51.122366599999964, -30.100158899999929 ], [ -51.122387734131884, -30.100172030698598 ], [ -51.121965613836871, -30.100042600391671 ], [ -51.12199789999994, -30.100041 ], [ -51.122366599999964, -30.100158899999929 ] ], [ [ -51.120666899999947, -30.100370599999966 ], [ -51.121812299999931, -30.100050199999949 ], [ -51.121898702573141, -30.100045917113786 ], [ -51.120666899999947, -30.100370599999966 ] ], [ [ -51.117459599999961, -30.101327799999975 ], [ -51.117936899999961, -30.101160199999967 ], [ -51.117979515961707, -30.101170115950151 ], [ -51.117459599999961, -30.101327799999975 ] ], [ [ -51.124064747447633, -30.08829800879581 ], [ -51.124362, -30.088077799999954 ], [ -51.124376026606406, -30.088073875889823 ], [ -51.124241899999959, -30.08818 ], [ -51.124064747447633, -30.08829800879581 ] ], [ [ -51.123801289893038, -30.08841815627942 ], [ -51.12393672305992, -30.088383291246647 ], [ -51.123924099999954, -30.088391699999931 ], [ -51.123801289893038, -30.08841815627942 ] ], [ [ -51.123426871625789, -30.088465610589733 ], [ -51.123540341454159, -30.088474370910319 ], [ -51.123497499999985, -30.088483599999961 ], [ -51.123426871625789, -30.088465610589733 ] ], [ [ -51.122888199999977, -30.088191599999952 ], [ -51.123353923710269, -30.088447030380397 ], [ -51.123338099999955, -30.088443 ], [ -51.122888199999977, -30.088191599999952 ] ], [ [ -51.121283099999971, -30.090534199999983 ], [ -51.121292420354465, -30.090484536678339 ], [ -51.121292465998842, -30.090597415206801 ], [ -51.121283099999971, -30.090534199999983 ] ], [ [ -51.121327399999984, -30.090833199999956 ], [ -51.121314889687355, -30.090748762449728 ], [ -51.121362071204835, -30.090890503796878 ], [ -51.121327399999984, -30.090833199999956 ] ], [ [ -51.125264799999968, -30.088899299999984 ], [ -51.125246, -30.089278399999948 ], [ -51.125226726861641, -30.089360662024713 ], [ -51.125264799999968, -30.088899299999984 ] ], [ [ -51.125185993422946, -30.089534521366648 ], [ -51.125177399999984, -30.089571199999959 ], [ -51.125172819967837, -30.089575526396857 ], [ -51.125185993422946, -30.089534521366648 ] ], [ [ -51.125025802763219, -30.089714402011236 ], [ -51.124926399999936, -30.089808299999959 ], [ -51.124900255385327, -30.089818938893643 ], [ -51.125025802763219, -30.089714402011236 ] ], [ [ -51.122026737872837, -30.083679685322277 ], [ -51.121940879514419, -30.084283369570215 ], [ -51.121994299999983, -30.083811499999968 ], [ -51.122026737872837, -30.083679685322277 ] ], [ [ -51.12250389999997, -30.082354 ], [ -51.122080576992673, -30.083460904446561 ], [ -51.12210749999997, -30.083351499999932 ], [ -51.12250389999997, -30.082354 ] ], [ [ -51.11891, -30.088326599999956 ], [ -51.119504810039643, -30.08869397120732 ], [ -51.11949919999995, -30.088694099999941 ], [ -51.11891, -30.088326599999956 ] ], [ [ -51.108714, -30.118940099999982 ], [ -51.108863939062786, -30.118308866912173 ], [ -51.108865499999979, -30.118346399999954 ], [ -51.108625699999948, -30.119414599999971 ], [ -51.108714, -30.118940099999982 ] ], [ [ -51.106124099999931, -30.116922299999938 ], [ -51.10615, -30.116670099999958 ], [ -51.10608, -30.117774899999965 ], [ -51.106108799999959, -30.116948699999956 ], [ -51.105767799999967, -30.117348499999931 ], [ -51.106124099999931, -30.116922299999938 ] ], [ [ -51.105339399999934, -30.116644499999946 ], [ -51.106217899999933, -30.116667799999963 ], [ -51.10615, -30.116670099999958 ], [ -51.105339399999934, -30.116644499999946 ] ], [ [ -51.102803199999983, -30.118666399999935 ], [ -51.102888502349494, -30.119155138054264 ], [ -51.102711199999931, -30.118202899999975 ], [ -51.102803199999983, -30.118666399999935 ] ], [ [ -51.099243871575965, -30.119883960280699 ], [ -51.099205734647462, -30.119865940254336 ], [ -51.099230699999964, -30.119871299999943 ], [ -51.099243871575965, -30.119883960280699 ] ], [ [ -51.099112499999933, -30.120873899999932 ], [ -51.098911399999963, -30.121404599999945 ], [ -51.099403299999949, -30.120037199999953 ], [ -51.099112499999933, -30.120873899999932 ] ], [ [ -51.103309709548647, -30.121953617415574 ], [ -51.103263299999988, -30.121782499999938 ], [ -51.103231715938435, -30.121498415332074 ], [ -51.103309709548647, -30.121953617415574 ] ], [ [ -51.108683046568146, -30.120497531821357 ], [ -51.108693254737325, -30.120375732449158 ], [ -51.108697799999959, -30.120440399999946 ], [ -51.108683046568146, -30.120497531821357 ] ], [ [ -51.107629392919513, -30.124797111553562 ], [ -51.107678127469065, -30.124771784937252 ], [ -51.107659399999932, -30.124789199999952 ], [ -51.107629392919513, -30.124797111553562 ] ], [ [ -51.107765364210636, -30.124690661678489 ], [ -51.107850723615257, -30.124556359623121 ], [ -51.107823499999938, -30.124636599999963 ], [ -51.107765364210636, -30.124690661678489 ] ], [ [ -51.107873902419804, -30.124488041143376 ], [ -51.107902880554889, -30.12411311015488 ], [ -51.107884399999932, -30.124457099999972 ], [ -51.107873902419804, -30.124488041143376 ] ], [ [ -51.108039646924951, -30.122343570804908 ], [ -51.108049699999981, -30.122213499999933 ], [ -51.108064988319185, -30.122158823866258 ], [ -51.108039646924951, -30.122343570804908 ] ], [ [ -51.108239, -30.12153649999992 ], [ -51.10865774302524, -30.120595518344931 ], [ -51.108614699999976, -30.120762199999952 ], [ -51.108239, -30.12153649999992 ] ], [ [ -51.105608699999948, -30.120142199999975 ], [ -51.105573704818624, -30.119972355946743 ], [ -51.105648370326946, -30.120229464048123 ], [ -51.105608699999948, -30.120142199999975 ] ], [ [ -51.105488, -30.119556399999958 ], [ -51.10547491660607, -30.119378312484319 ], [ -51.105504611141392, -30.1196370197733 ], [ -51.105488, -30.119556399999958 ] ], [ [ -51.105460699999981, -30.119184799999971 ], [ -51.105472305985053, -30.119166832792651 ], [ -51.105462983736025, -30.119215885579209 ], [ -51.105460699999981, -30.119184799999971 ] ], [ [ -51.098406607864298, -30.119090706177193 ], [ -51.098399300288477, -30.118981426600531 ], [ -51.098413199999982, -30.119031 ], [ -51.098406607864298, -30.119090706177193 ] ], [ [ -51.10463508098082, -30.110703772984373 ], [ -51.104649, -30.110723799999956 ], [ -51.104670975346068, -30.110786932562135 ], [ -51.10463508098082, -30.110703772984373 ] ], [ [ -51.104821745099265, -30.111291346226935 ], [ -51.10479331255798, -30.111138392857313 ], [ -51.104814199999971, -30.111198399999981 ], [ -51.104821745099265, -30.111291346226935 ] ], [ [ -51.081502826252212, -30.165778247818039 ], [ -51.081524188351473, -30.165684162701311 ], [ -51.081521899999984, -30.165744699999955 ], [ -51.081502826252212, -30.165778247818039 ] ], [ [ -51.081528644512709, -30.165566276980808 ], [ -51.08151118653673, -30.165502044805084 ], [ -51.081529599999953, -30.165541 ], [ -51.081528644512709, -30.165566276980808 ] ], [ [ -51.081448261053829, -30.165368920774036 ], [ -51.08123819999998, -30.165118799999959 ], [ -51.081412799999953, -30.165293899999938 ], [ -51.081448261053829, -30.165368920774036 ] ], [ [ -51.079905099999962, -30.164193899999919 ], [ -51.079875664272201, -30.164169607170141 ], [ -51.08123819999998, -30.165118799999959 ], [ -51.079905099999962, -30.164193899999919 ] ] ] } },
{ "type": "Feature", "properties": { "ltla_code": "Medianeira", "ltla_name": "Medianeira" }, "geometry": { "type": "MultiPolygon", "coordinates": [ [ [ [ -51.210436899999941, -30.072475299999944 ], [ -51.213189599999964, -30.074129 ], [ -51.213203599999986, -30.071306799999942 ], [ -51.213233099999968, -30.069670099999946 ], [ -51.213028099999974, -30.068498799999929 ], [ -51.212417399999936, -30.065497099999959 ], [ -51.211667499999976, -30.061734799999943 ], [ -51.210980799999959, -30.061190099999973 ], [ -51.210729599999986, -30.060940599999977 ], [ -51.210249499999975, -30.060038099999939 ], [ -51.209822699999961, -30.059537599999945 ], [ -51.209227, -30.059601899999961 ], [ -51.208336299999985, -30.058890199999951 ], [ -51.208102, -30.059175 ], [ -51.206345899999974, -30.062023799999956 ], [ -51.206291799999974, -30.062263699999956 ], [ -51.205996, -30.06493509999995 ], [ -51.205919399999971, -30.065821099999944 ], [ -51.205764599999952, -30.06699 ], [ -51.205099599999983, -30.068798799999964 ], [ -51.204634399999975, -30.069933699999982 ], [ -51.208694799999932, -30.070534399999929 ], [ -51.210456599999986, -30.070206099999947 ], [ -51.211178099999984, -30.070076499999971 ], [ -51.211309399999948, -30.070742799999941 ], [ -51.211020499999961, -30.071397899999951 ], [ -51.210436899999941, -30.072475299999944 ] ], [ [ -51.210479, -30.064381099999942 ], [ -51.210440099999971, -30.065990799999948 ], [ -51.210465699999986, -30.064920899999958 ], [ -51.210479, -30.064381099999942 ] ], [ [ -51.210228699999959, -30.069083499999969 ], [ -51.208901699999956, -30.069355 ], [ -51.210635228788334, -30.068998589882593 ], [ -51.210228699999959, -30.069083499999969 ] ] ], [ [ [ -51.215237499999944, -30.06626279999994 ], [ -51.216050199999984, -30.065230799999938 ], [ -51.217176599999959, -30.063428299999941 ], [ -51.217984799999961, -30.062326299999942 ], [ -51.219100399999945, -30.060717499999949 ], [ -51.218686299999945, -30.060487399999946 ], [ -51.21729159999996, -30.059901199999949 ], [ -51.216547599999956, -30.05943719999992 ], [ -51.216397899999947, -30.059335199999957 ], [ -51.216211599999951, -30.059307 ], [ -51.213440299999945, -30.058014399999919 ], [ -51.211526899999967, -30.060741799999949 ], [ -51.211667499999976, -30.061734799999943 ], [ -51.212243299999962, -30.064510399999964 ], [ -51.213028099999974, -30.068498799999929 ], [ -51.213417199999988, -30.06842829999993 ], [ -51.213748, -30.067973799999958 ], [ -51.215237499999944, -30.06626279999994 ] ], [ [ -51.2170321, -30.060128199999948 ], [ -51.216598075724839, -30.060482517404168 ], [ -51.21729159999996, -30.059901199999949 ], [ -51.2170321, -30.060128199999948 ] ], [ [ -51.217445199999986, -30.061533599999962 ], [ -51.217585399999962, -30.061340499999972 ], [ -51.218097499999942, -30.060635199999989 ], [ -51.217445199999986, -30.061533599999962 ] ] ], [ [ [ -51.205006599999933, -30.068997 ], [ -51.205764599999952, -30.06699 ], [ -51.205996, -30.06493509999995 ], [ -51.206152799999984, -30.063507599999969 ], [ -51.201902899999943, -30.064728299999956 ], [ -51.202390199999968, -30.06602869999994 ], [ -51.20328509999996, -30.068288799999944 ], [ -51.202443699999947, -30.068514199999985 ], [ -51.202645, -30.068913199999933 ], [ -51.205006599999933, -30.068997 ] ] ] ] } },
{ "type": "Feature", "properties": { "ltla_code": "Menino-Deus", "ltla_name": "Menino-Deus" }, "geometry": { "type": "MultiPolygon", "coordinates": [ [ [ [ -51.230802799999935, -30.061073799999964 ], [ -51.230238099999951, -30.059495199999951 ], [ -51.229538899999966, -30.057164099999966 ], [ -51.228903099999968, -30.054917399999958 ], [ -51.228669799999984, -30.053876099999975 ], [ -51.228573499999982, -30.053149699999949 ], [ -51.228252399999974, -30.051377699999929 ], [ -51.227878199999964, -30.049057599999962 ], [ -51.227616199999943, -30.047823899999962 ], [ -51.227356099999952, -30.046139299999936 ], [ -51.227574699999934, -30.044507199999945 ], [ -51.22776719999996, -30.043130199999958 ], [ -51.225965, -30.043310799999976 ], [ -51.224504399999944, -30.043436799999945 ], [ -51.221826399999941, -30.043668599999933 ], [ -51.221330199999954, -30.043778099999933 ], [ -51.220772099999976, -30.04402819999995 ], [ -51.220062299999938, -30.044500399999936 ], [ -51.219388599999945, -30.045107399999946 ], [ -51.218787, -30.045918 ], [ -51.218546799999963, -30.04659179999992 ], [ -51.21842289999995, -30.047100699999923 ], [ -51.218271799999968, -30.048152499999947 ], [ -51.218117499999948, -30.048851899999924 ], [ -51.218188899999973, -30.050075699999972 ], [ -51.21826219999997, -30.051279199999946 ], [ -51.218333799999982, -30.052451299999959 ], [ -51.218401099999937, -30.053629399999977 ], [ -51.218365499999948, -30.054802599999963 ], [ -51.218093799999963, -30.057446 ], [ -51.217971399999954, -30.05810549999994 ], [ -51.217663, -30.058711 ], [ -51.217395899999985, -30.059040099999944 ], [ -51.216773099999955, -30.059587199999953 ], [ -51.21729159999996, -30.059901199999949 ], [ -51.218686299999945, -30.060487399999946 ], [ -51.219100399999945, -30.060717499999949 ], [ -51.21964, -30.061172899999971 ], [ -51.221099, -30.061916099999959 ], [ -51.221851299999976, -30.062406199999938 ], [ -51.222967199999971, -30.06324589999997 ], [ -51.223181799999963, -30.063780399999924 ], [ -51.22356039999994, -30.065132899999981 ], [ -51.224101499999961, -30.067101499999975 ], [ -51.227823299999955, -30.064792799999957 ], [ -51.229166299999974, -30.063990599999958 ], [ -51.231634399999962, -30.063196599999973 ], [ -51.230901499999959, -30.061043599999952 ], [ -51.230802799999935, -30.061073799999964 ] ], [ [ -51.22777549999995, -30.057326499999931 ], [ -51.226480299999935, -30.057448799999968 ], [ -51.226940005687034, -30.059928112693516 ], [ -51.226939994157014, -30.059928114266167 ], [ -51.226720599999965, -30.058790599999941 ], [ -51.224445866246612, -30.05908829639321 ], [ -51.224445852097304, -30.059088242378419 ], [ -51.225481899999977, -30.058949499999983 ], [ -51.224144699999954, -30.057654199999945 ], [ -51.222877181361277, -30.057759343479525 ], [ -51.222877178414933, -30.057759322695301 ], [ -51.222927399999953, -30.057753599999945 ], [ -51.225346199999933, -30.057543599999967 ], [ -51.227878099999941, -30.057315199999952 ], [ -51.229538899999966, -30.057164099999966 ], [ -51.22777549999995, -30.057326499999931 ] ], [ [ -51.22694869999998, -30.053284699999942 ], [ -51.227707499999951, -30.053213899999946 ], [ -51.228573499999982, -30.053149699999949 ], [ -51.22694869999998, -30.053284699999942 ] ], [ [ -51.226658899999961, -30.05153149999995 ], [ -51.225652255482366, -30.051613378480102 ], [ -51.225661899999977, -30.051612399999954 ], [ -51.228252399999974, -30.051377699999929 ], [ -51.226658899999961, -30.05153149999995 ] ], [ [ -51.219504399999956, -30.049960299999952 ], [ -51.221768399999974, -30.049748499999954 ], [ -51.220156299999985, -30.049907699999942 ], [ -51.218188899999973, -30.050075699999972 ], [ -51.219504399999956, -30.049960299999952 ] ], [ [ -51.221650099999977, -30.048881199999979 ], [ -51.221585299999958, -30.048337199999935 ], [ -51.221768399999974, -30.049748499999954 ], [ -51.221650099999977, -30.048881199999979 ] ], [ [ -51.221831299999963, -30.049741299999937 ], [ -51.221944606247327, -30.049728697870954 ], [ -51.221768399999974, -30.049748499999954 ], [ -51.221831299999963, -30.049741299999937 ] ], [ [ -51.220306, -30.051084899999982 ], [ -51.22027449999996, -30.051109299999947 ], [ -51.218386899999985, -30.052446 ], [ -51.220467399999961, -30.052247699999945 ], [ -51.218333799999982, -30.052451299999959 ], [ -51.220306, -30.051084899999982 ] ], [ [ -51.224744099999953, -30.060226799999949 ], [ -51.225483483144572, -30.060126776899924 ], [ -51.224844, -30.060214 ], [ -51.222869599999974, -30.060483899999944 ], [ -51.220272, -30.06082559999993 ], [ -51.22191209999994, -30.060598499999969 ], [ -51.223255599999959, -30.060428799999951 ], [ -51.224744099999953, -30.060226799999949 ] ], [ [ -51.219813, -30.059044599999936 ], [ -51.219552289605382, -30.057969669450557 ], [ -51.219552293028983, -30.057969669156403 ], [ -51.220272, -30.06082559999993 ], [ -51.219813, -30.059044599999936 ] ], [ [ -51.227877599999943, -30.060997399999966 ], [ -51.226377, -30.061201099999952 ], [ -51.223065199999951, -30.061659199999948 ], [ -51.225051, -30.061378299999934 ], [ -51.227877599999943, -30.060997399999966 ] ], [ [ -51.228393099999948, -30.062184099999971 ], [ -51.229034799999965, -30.061781099999955 ], [ -51.229715599999963, -30.061379699999975 ], [ -51.228393099999948, -30.062184099999971 ] ], [ [ -51.222782456995844, -30.057083139269285 ], [ -51.222866117729318, -30.057684741368938 ], [ -51.222838680905426, -30.057687094887044 ], [ -51.222782456995844, -30.057083139269285 ] ], [ [ -51.225739499999975, -30.052936 ], [ -51.225523322489337, -30.051626459318307 ], [ -51.225523324921042, -30.051626459071599 ], [ -51.225772199999938, -30.053125299999973 ], [ -51.225739499999975, -30.052936 ] ], [ [ -51.224887199999955, -30.054208 ], [ -51.224709699999948, -30.053027899999961 ], [ -51.22471601972159, -30.053027336024027 ], [ -51.224887199999955, -30.054208 ] ], [ [ -51.222559363077877, -30.0554168524523 ], [ -51.222559325397249, -30.055416593234789 ], [ -51.225038099999949, -30.055211099999948 ], [ -51.224995399999955, -30.055215299999922 ], [ -51.222608199999975, -30.055414299999939 ], [ -51.222559363077877, -30.0554168524523 ] ], [ [ -51.223743799999966, -30.046237899999923 ], [ -51.225685799999951, -30.046067599999958 ], [ -51.225105399999961, -30.045504599999944 ], [ -51.225711, -30.046065399999968 ], [ -51.223743799999966, -30.046237899999923 ] ], [ [ -51.223990437163685, -30.048132494747637 ], [ -51.223990376521222, -30.04813249990902 ], [ -51.223870699999964, -30.047247899999949 ], [ -51.223743799999966, -30.046237899999923 ], [ -51.223990437163685, -30.048132494747637 ] ], [ [ -51.221331358439926, -30.046530861426945 ], [ -51.221331358147886, -30.046530859343932 ], [ -51.223707899999965, -30.046241299999966 ], [ -51.222624599999961, -30.045621099999934 ], [ -51.223743799999966, -30.046237899999923 ], [ -51.221331358439926, -30.046530861426945 ] ], [ [ -51.221106799999973, -30.044858499999968 ], [ -51.224366315843966, -30.044502600187176 ], [ -51.223485899999957, -30.044606699999974 ], [ -51.22111179999996, -30.04485869999996 ], [ -51.222624599999961, -30.045621099999934 ], [ -51.221106799999973, -30.044858499999968 ] ], [ [ -51.22124923893157, -30.045945140823488 ], [ -51.221070575435867, -30.0446708164563 ], [ -51.221106799999973, -30.044858499999968 ], [ -51.22124923893157, -30.045945140823488 ] ], [ [ -51.22192309999997, -30.05090249999995 ], [ -51.222086899999965, -30.051975099999947 ], [ -51.222261099999969, -30.05326939999998 ], [ -51.222103499999946, -30.052100299999946 ], [ -51.22192309999997, -30.05090249999995 ] ], [ [ -51.221050988508409, -30.044569334380618 ], [ -51.220991472927459, -30.044394503357491 ], [ -51.221029499999986, -30.044458 ], [ -51.221050988508409, -30.044569334380618 ] ], [ [ -51.220468599999947, -30.046261699999942 ], [ -51.220637099999976, -30.04751449999997 ], [ -51.22045606717333, -30.046177126629242 ], [ -51.220468599999947, -30.046261699999942 ] ] ], [ [ [ -51.225481899999977, -30.058949499999983 ], [ -51.226720599999965, -30.058790599999941 ], [ -51.226480299999935, -30.057448799999968 ], [ -51.224173799999967, -30.057652499999961 ], [ -51.225481899999977, -30.058949499999983 ] ] ] ] } },
{ "type": "Feature", "properties": { "ltla_code": "Moinhos de Vento", "ltla_name": "Moinhos de Vento" }, "geometry": { "type": "Polygon", "coordinates": [ [ [ -51.210036299999956, -30.024917 ], [ -51.210429499999975, -30.023911 ], [ -51.208546899999931, -30.022036699999941 ], [ -51.206042899999943, -30.01914 ], [ -51.205449599999952, -30.018443299999948 ], [ -51.205264299999953, -30.018334499999977 ], [ -51.203482799999961, -30.01824919999995 ], [ -51.201166299999954, -30.018130099999954 ], [ -51.200215799999967, -30.018075799999956 ], [ -51.197641, -30.017904299999941 ], [ -51.197552599999938, -30.018721 ], [ -51.197357099999977, -30.01985429999996 ], [ -51.19685039999996, -30.023079599999949 ], [ -51.196030299999961, -30.028281099999951 ], [ -51.197218199999952, -30.028354499999971 ], [ -51.201936199999984, -30.028584799999972 ], [ -51.203058799999951, -30.028645599999937 ], [ -51.205872, -30.028789299999978 ], [ -51.208500699999945, -30.028983599999957 ], [ -51.208560099999943, -30.028664799999945 ], [ -51.209677899999974, -30.025775499999952 ], [ -51.210036299999956, -30.024917 ] ], [ [ -51.202161399999973, -30.020141799999969 ], [ -51.201246978235567, -30.020087912792786 ], [ -51.202761569817909, -30.020168589413409 ], [ -51.202161399999973, -30.020141799999969 ] ], [ [ -51.201991099999987, -30.022798199999944 ], [ -51.201919499999981, -30.023433199999939 ], [ -51.202161399999973, -30.020141799999969 ], [ -51.201991099999987, -30.022798199999944 ] ], [ [ -51.207449745223656, -30.024482898628591 ], [ -51.208096399999931, -30.022998699999953 ], [ -51.207700599999953, -30.023932399999964 ], [ -51.207449745223656, -30.024482898628591 ] ], [ [ -51.204322199999979, -30.020781499999938 ], [ -51.203960809587713, -30.020229400423919 ], [ -51.203961607459945, -30.020229435707183 ], [ -51.204189099999958, -30.020529799999952 ], [ -51.206411499999945, -30.024362299999947 ], [ -51.207009721020512, -30.025448527922034 ], [ -51.207009504714541, -30.025449002603612 ], [ -51.204322199999979, -30.020781499999938 ] ], [ [ -51.205900497827059, -30.027957555249341 ], [ -51.205886, -30.027969499999976 ], [ -51.205865224622301, -30.027963604244796 ], [ -51.205900497827059, -30.027957555249341 ] ], [ [ -51.206938899999955, -30.023704699999932 ], [ -51.206915706692186, -30.023799928288561 ], [ -51.206927099999973, -30.023513899999948 ], [ -51.206938899999955, -30.023704699999932 ] ], [ [ -51.200808, -30.024579 ], [ -51.2031669, -30.026512799999978 ], [ -51.201742899999942, -30.025346899999928 ], [ -51.200808, -30.024579 ] ] ] } },
{ "type": "Feature", "properties": { "ltla_code": "Mont’Serrat", "ltla_name": "Mont’Serrat" }, "geometry": { "type": "Polygon", "coordinates": [ [ [ -51.19456109999993, -30.028693199999957 ], [ -51.195314599999961, -30.028767399999921 ], [ -51.195305, -30.029231099999944 ], [ -51.195866299999977, -30.029264599999973 ], [ -51.196371699999986, -30.026151499999955 ], [ -51.196579499999984, -30.02481779999993 ], [ -51.19509069999998, -30.024685199999968 ], [ -51.193547799999976, -30.024537499999955 ], [ -51.192012099999943, -30.02438439999997 ], [ -51.19038409999996, -30.024230099999947 ], [ -51.188795299999981, -30.02407489999996 ], [ -51.18736679999995, -30.023940399999958 ], [ -51.18649819999996, -30.023868899999968 ], [ -51.185659799999939, -30.023816199999935 ], [ -51.18541579999993, -30.026488899999933 ], [ -51.185603899999933, -30.024375 ], [ -51.185102399999948, -30.024349899999955 ], [ -51.183615399999951, -30.023783599999934 ], [ -51.182725199999936, -30.025560699999968 ], [ -51.181827799999951, -30.027331799999953 ], [ -51.185234299999934, -30.02852229999996 ], [ -51.18518819999997, -30.029188 ], [ -51.186053099999981, -30.0292449 ], [ -51.186908399999936, -30.029309699999938 ], [ -51.186785099999952, -30.030569399999941 ], [ -51.187939099999937, -30.030867899999969 ], [ -51.189568699999938, -30.031297 ], [ -51.18952539999998, -30.030891299999951 ], [ -51.189567729071243, -30.030558158973498 ], [ -51.190086899999983, -30.030667799999932 ], [ -51.191402499999981, -30.030680899999936 ], [ -51.192975799999942, -30.030686799999948 ], [ -51.192958299999987, -30.029499799999932 ], [ -51.194509799999935, -30.029463199999956 ], [ -51.19456109999993, -30.028693199999957 ] ], [ [ -51.193048299999987, -30.028511799999929 ], [ -51.193193599999972, -30.027200399999966 ], [ -51.192958299999987, -30.029499799999932 ], [ -51.193048299999987, -30.028511799999929 ] ], [ [ -51.18844839999997, -30.026751899999962 ], [ -51.190053699999972, -30.02691039999997 ], [ -51.187145599999951, -30.026626099999927 ], [ -51.18844839999997, -30.026751899999962 ] ] ] } },
{ "type": "Feature", "properties": { "ltla_code": "Morro Santana", "ltla_name": "Morro Santana" }, "geometry": { "type": "Polygon", "coordinates": [ [ [ -51.128019699999982, -30.053041 ], [ -51.128144199999952, -30.052953099999971 ], [ -51.129239299999938, -30.052922099999932 ], [ -51.129605099999935, -30.052985399999951 ], [ -51.1298, -30.053131799999953 ], [ -51.129830199999958, -30.053209 ], [ -51.129714499999977, -30.053541499999934 ], [ -51.129706099999964, -30.053858899999977 ], [ -51.130038599999978, -30.05400839999993 ], [ -51.130819399999957, -30.05397639999995 ], [ -51.132437599999946, -30.053769499999927 ], [ -51.13445349999995, -30.053855499999933 ], [ -51.136259299999949, -30.053896499999958 ], [ -51.139532299999985, -30.050916499999968 ], [ -51.139562099999978, -30.049906099999934 ], [ -51.139478599999961, -30.048417099999934 ], [ -51.139109599999983, -30.047603699999961 ], [ -51.13838579999998, -30.046744399999955 ], [ -51.137301399999956, -30.045965499999969 ], [ -51.137099599999942, -30.045869399999944 ], [ -51.136411599999974, -30.045695 ], [ -51.13622509999994, -30.045579599999936 ], [ -51.136094550161985, -30.045435517556854 ], [ -51.136153, -30.045002499999942 ], [ -51.137176199999942, -30.042920699999961 ], [ -51.135816399999953, -30.042610499999963 ], [ -51.135572299999978, -30.039580199999929 ], [ -51.135381199999983, -30.036429599999959 ], [ -51.135123299999975, -30.033524799999963 ], [ -51.135033299999975, -30.032727399999938 ], [ -51.13486469999998, -30.03211309999994 ], [ -51.134694899999943, -30.03171489999994 ], [ -51.133207399999947, -30.032314099999944 ], [ -51.130667699999954, -30.032380499999931 ], [ -51.129475299999967, -30.032026199999954 ], [ -51.126717799999938, -30.030752599999975 ], [ -51.125673899999981, -30.030436599999977 ], [ -51.124906799999962, -30.030378799999927 ], [ -51.120847399999946, -30.030122399999975 ], [ -51.121701299999984, -30.034904199999975 ], [ -51.12238149999996, -30.038685299999941 ], [ -51.121380799999947, -30.038634 ], [ -51.120780199999956, -30.038533299999969 ], [ -51.120049399999971, -30.038274 ], [ -51.11875219999996, -30.037992799999977 ], [ -51.117899199999954, -30.037941699999962 ], [ -51.11596429999998, -30.038075099999944 ], [ -51.113722099999961, -30.038315599999972 ], [ -51.112437, -30.038355 ], [ -51.111968599999962, -30.038505099999959 ], [ -51.108880099999965, -30.04033529999997 ], [ -51.108577799999978, -30.040476299999963 ], [ -51.107993699999952, -30.040720399999937 ], [ -51.107085, -30.040969099999984 ], [ -51.107367, -30.043951099999965 ], [ -51.107505099999969, -30.045623299999928 ], [ -51.107483599999966, -30.046252299999928 ], [ -51.107889499999942, -30.050119299999949 ], [ -51.109171, -30.050477799999943 ], [ -51.110558599999933, -30.050544099999961 ], [ -51.112286499999982, -30.050984699999958 ], [ -51.113515699999937, -30.051622499999947 ], [ -51.116113299999938, -30.053327199999945 ], [ -51.118397799999968, -30.05455349999994 ], [ -51.120572099999947, -30.055284099999938 ], [ -51.125805299999968, -30.053355099999976 ], [ -51.126405199999965, -30.053501599999944 ], [ -51.126613799999973, -30.053684399999948 ], [ -51.126848499999937, -30.053731099999929 ], [ -51.127016399999945, -30.053714099999972 ], [ -51.127423, -30.053533799999972 ], [ -51.127850899999942, -30.053263699999949 ], [ -51.128019699999982, -30.053041 ] ], [ [ -51.134559299999978, -30.047854199999946 ], [ -51.13458959999997, -30.046137599999955 ], [ -51.13445349999995, -30.053855499999933 ], [ -51.134559299999978, -30.047854199999946 ] ], [ [ -51.132420555159385, -30.045888501566758 ], [ -51.132420555369727, -30.045888501051817 ], [ -51.135978399999949, -30.046296 ], [ -51.13458959999997, -30.046137599999955 ], [ -51.132420555159385, -30.045888501566758 ] ], [ [ -51.132838599999957, -30.041652299999956 ], [ -51.130349780034074, -30.040800893673602 ], [ -51.130825099999981, -30.040942499999957 ], [ -51.132539799999961, -30.041548899999945 ], [ -51.135816399999953, -30.042610499999963 ], [ -51.132838599999957, -30.041652299999956 ] ], [ [ -51.132014099999935, -30.03330289999996 ], [ -51.130242799999962, -30.033174199999959 ], [ -51.135123299999975, -30.033524799999963 ], [ -51.132014099999935, -30.03330289999996 ] ], [ [ -51.108881, -30.043845699999956 ], [ -51.108751599999948, -30.042408199999951 ], [ -51.108577799999978, -30.040476299999963 ], [ -51.108881, -30.043845699999956 ] ], [ [ -51.127093573550802, -30.037372005295374 ], [ -51.12602830516267, -30.037076979168607 ], [ -51.12628529999995, -30.037146899999982 ], [ -51.127093573550802, -30.037372005295374 ] ], [ [ -51.128630199999975, -30.040288599999933 ], [ -51.128510099999971, -30.03954769999995 ], [ -51.128366299999982, -30.03875609999994 ], [ -51.128212399999938, -30.037683599999987 ], [ -51.128630199999975, -30.040288599999933 ] ], [ [ -51.126522499999965, -30.039909499999954 ], [ -51.126274171947145, -30.039850331098123 ], [ -51.126980599999968, -30.039983399999976 ], [ -51.128630199999975, -30.040288599999933 ], [ -51.126522499999965, -30.039909499999954 ] ], [ [ -51.126950399999942, -30.038515399999934 ], [ -51.126968699999964, -30.039332399999971 ], [ -51.126980599999968, -30.039983399999976 ], [ -51.126950399999942, -30.038515399999934 ] ], [ [ -51.129086108540093, -30.04042442331507 ], [ -51.128840699999955, -30.041784299999964 ], [ -51.128738206830093, -30.042760182823042 ], [ -51.128770799999984, -30.042355699999966 ], [ -51.128889199999946, -30.041387199999967 ], [ -51.129086046959138, -30.040424404969002 ], [ -51.129086108540093, -30.04042442331507 ] ], [ [ -51.127340422498193, -30.046827384767266 ], [ -51.127334699999949, -30.046801 ], [ -51.127574399999958, -30.046782 ], [ -51.127340422498193, -30.046827384767266 ] ], [ [ -51.12757849999997, -30.047542299999975 ], [ -51.127444899999944, -30.047309099999943 ], [ -51.127436344332899, -30.047269652319134 ], [ -51.12757849999997, -30.047542299999975 ] ], [ [ -51.132645299999979, -30.047643799999946 ], [ -51.132774299999937, -30.048262399999935 ], [ -51.132511699999952, -30.047211199999929 ], [ -51.132645299999979, -30.047643799999946 ] ], [ [ -51.13277759999994, -30.048604 ], [ -51.132754599999942, -30.049185299999973 ], [ -51.132774299999937, -30.048262399999935 ], [ -51.13277759999994, -30.048604 ] ], [ [ -51.130544699999973, -30.046814 ], [ -51.130945107473444, -30.047420042321999 ], [ -51.130485399999941, -30.046778699999955 ], [ -51.130428199999983, -30.04671089999993 ], [ -51.130544699999973, -30.046814 ] ], [ [ -51.130816604740858, -30.047679870655266 ], [ -51.130832699999985, -30.04770369999995 ], [ -51.130718699999932, -30.04795879999995 ], [ -51.130816604740858, -30.047679870655266 ] ], [ [ -51.13041429416991, -30.048024464686161 ], [ -51.130457, -30.048003099999953 ], [ -51.130718699999932, -30.04795879999995 ], [ -51.13041429416991, -30.048024464686161 ] ], [ [ -51.129578076102938, -30.048233493151027 ], [ -51.129511499999978, -30.04823979999998 ], [ -51.129488398694356, -30.048233215048377 ], [ -51.129578076102938, -30.048233493151027 ] ], [ [ -51.123888499999964, -30.043915499999976 ], [ -51.124744299999975, -30.043926299999953 ], [ -51.126057099999969, -30.044001399999949 ], [ -51.128356499999938, -30.044129199999926 ], [ -51.126132, -30.04400569999995 ], [ -51.123888499999964, -30.043915499999976 ] ], [ [ -51.126262299999951, -30.041224699999923 ], [ -51.126161299999978, -30.042620599999967 ], [ -51.126057099999969, -30.044001399999949 ], [ -51.126262299999951, -30.041224699999923 ] ], [ [ -51.124163499999952, -30.039288899999967 ], [ -51.125591097365017, -30.039687575531701 ], [ -51.125043499999947, -30.039557099999961 ], [ -51.124163499999952, -30.039288899999967 ] ], [ [ -51.124367899999982, -30.036599199999948 ], [ -51.124423399999955, -30.035931 ], [ -51.124163499999952, -30.039288899999967 ], [ -51.124367899999982, -30.036599199999948 ] ], [ [ -51.122184399999981, -30.042161799999967 ], [ -51.120777799999985, -30.04097339999992 ], [ -51.121199399999966, -30.041326599999934 ], [ -51.122184399999981, -30.042161799999967 ] ] ] } },
{ "type": "Feature", "properties": { "ltla_code": "Mário Quintana", "ltla_name": "Mário Quintana" }, "geometry": { "type": "Polygon", "coordinates": [ [ [ -51.112437, -30.038355 ], [ -51.113722099999961, -30.038315599999972 ], [ -51.114053599999977, -30.038266 ], [ -51.117899199999954, -30.037941699999962 ], [ -51.11875219999996, -30.037992799999977 ], [ -51.119814599999984, -30.038212599999948 ], [ -51.121069299999931, -30.038596599999941 ], [ -51.12238149999996, -30.038685299999941 ], [ -51.121866699999941, -30.035833099999923 ], [ -51.121701299999984, -30.034904199999975 ], [ -51.121356299999952, -30.032989 ], [ -51.120876199999941, -30.030306799999941 ], [ -51.120847399999946, -30.030122399999975 ], [ -51.120780799999977, -30.02977749999997 ], [ -51.12020739999997, -30.026807699999949 ], [ -51.12014279999994, -30.025737599999946 ], [ -51.119067299999983, -30.025824199999928 ], [ -51.118177499999945, -30.025895899999959 ], [ -51.116764899999964, -30.026009599999945 ], [ -51.114330499999937, -30.026192 ], [ -51.114295799999979, -30.025797399999934 ], [ -51.113464699999959, -30.025853 ], [ -51.113574, -30.027451899999956 ], [ -51.113267599999972, -30.023486499999933 ], [ -51.110021599999982, -30.023734099999949 ], [ -51.110341299999966, -30.027281 ], [ -51.110265799999979, -30.026543499999942 ], [ -51.108831799999962, -30.02666169999997 ], [ -51.108921099999975, -30.027631599999935 ], [ -51.10874709999996, -30.025957299999956 ], [ -51.107967099999939, -30.026005399999974 ], [ -51.10799829999997, -30.026523699999984 ], [ -51.107896, -30.027068099999951 ], [ -51.106843399999946, -30.029080299999972 ], [ -51.107103, -30.02856509999998 ], [ -51.105682899999977, -30.027957199999936 ], [ -51.105295499999954, -30.027848799999944 ], [ -51.10469, -30.02778169999992 ], [ -51.103869299999985, -30.027852899999964 ], [ -51.103856499999949, -30.02765189999997 ], [ -51.103939199999957, -30.027399399999982 ], [ -51.103959799999984, -30.027144699999948 ], [ -51.101370499999973, -30.027023 ], [ -51.103463499999975, -30.027119099999933 ], [ -51.103479399999969, -30.02663169999995 ], [ -51.103738399999941, -30.026693299999966 ], [ -51.10380269999996, -30.02651869999994 ], [ -51.103807199999949, -30.026321599999953 ], [ -51.103823299999931, -30.025962 ], [ -51.10281729999997, -30.026085199999951 ], [ -51.102561, -30.02598339999998 ], [ -51.101920299999961, -30.025941699999962 ], [ -51.101868399999944, -30.025896399999969 ], [ -51.10095, -30.025926399999946 ], [ -51.100369299999954, -30.025312399999954 ], [ -51.100045899999941, -30.02504789999994 ], [ -51.099648399999985, -30.024938099999922 ], [ -51.099760799999956, -30.024493799999966 ], [ -51.099942699999986, -30.02236269999997 ], [ -51.100005099999976, -30.021459 ], [ -51.099904899999956, -30.021280199999971 ], [ -51.100056099999961, -30.02078559999995 ], [ -51.100117599999976, -30.020387499999963 ], [ -51.09924929999994, -30.020327399999925 ], [ -51.09899, -30.020354299999944 ], [ -51.098779899999954, -30.020019 ], [ -51.098404499999958, -30.020157599999944 ], [ -51.098228499999948, -30.020316899999941 ], [ -51.098316699999941, -30.021345199999921 ], [ -51.097743399999956, -30.021369899999971 ], [ -51.097767199999964, -30.021780199999963 ], [ -51.097704399999941, -30.020699299999936 ], [ -51.096180799999956, -30.020662199999936 ], [ -51.095506099999966, -30.021223199999955 ], [ -51.095747599999989, -30.021508599999947 ], [ -51.094737899999984, -30.020340399999952 ], [ -51.094494499999939, -30.020337899999962 ], [ -51.094315, -30.020944299999925 ], [ -51.094524899999954, -30.020197699999983 ], [ -51.094072099999948, -30.020147099999971 ], [ -51.090406899999948, -30.021260899999952 ], [ -51.089769199999985, -30.021454699999936 ], [ -51.089508699999953, -30.021627299999981 ], [ -51.089444199999946, -30.02173 ], [ -51.089138899999966, -30.021698199999939 ], [ -51.08817739999995, -30.021965799999975 ], [ -51.087225699999976, -30.021694399999937 ], [ -51.087005599999941, -30.022228 ], [ -51.086365, -30.022634799999931 ], [ -51.086433799999952, -30.022793699999955 ], [ -51.086264099999937, -30.022952099999937 ], [ -51.086163099999972, -30.02403379999998 ], [ -51.086213599999951, -30.024560299999962 ], [ -51.086119899999971, -30.024928 ], [ -51.08614149999994, -30.025295799999981 ], [ -51.086676299999965, -30.025520299999972 ], [ -51.087432599999943, -30.025740799999941 ], [ -51.087697099999957, -30.025946 ], [ -51.087852299999952, -30.026292799999961 ], [ -51.087883799999986, -30.026672499999954 ], [ -51.087834699999974, -30.027061099999969 ], [ -51.087677499999984, -30.027297499999971 ], [ -51.087306199999944, -30.027469199999921 ], [ -51.087140199999965, -30.027648799999948 ], [ -51.087134499999934, -30.02785869999996 ], [ -51.087367399999948, -30.029045699999983 ], [ -51.087522299999932, -30.029157199999929 ], [ -51.087739499999948, -30.029218399999937 ], [ -51.087912599999981, -30.029267199999936 ], [ -51.08817849999997, -30.029254799999929 ], [ -51.088331299999936, -30.029331199999948 ], [ -51.088383799999974, -30.02955 ], [ -51.088146299999948, -30.029823899999933 ], [ -51.088149099999953, -30.029883099999946 ], [ -51.088199499999973, -30.029917199999943 ], [ -51.088371699999982, -30.029890599999931 ], [ -51.088470299999983, -30.029940899999918 ], [ -51.088467399999956, -30.030198299999931 ], [ -51.088544, -30.030453299999973 ], [ -51.088683899999978, -30.030601399999952 ], [ -51.089189599999948, -30.030729699999945 ], [ -51.089335, -30.030847699999985 ], [ -51.089428799999951, -30.03111449999993 ], [ -51.089464199999952, -30.031709299999928 ], [ -51.089585499999941, -30.032386299999921 ], [ -51.089641799999981, -30.033408099999978 ], [ -51.089733799999976, -30.033722299999955 ], [ -51.089924499999938, -30.033984499999967 ], [ -51.09028079999996, -30.034172899999934 ], [ -51.090277, -30.034240499999942 ], [ -51.090235199999938, -30.034366599999931 ], [ -51.090006699999947, -30.034490199999926 ], [ -51.089804799999968, -30.034692099999958 ], [ -51.089480299999934, -30.035845899999966 ], [ -51.088718599999943, -30.036314499999939 ], [ -51.088276, -30.036725599999958 ], [ -51.087901, -30.037309799999942 ], [ -51.086927499999945, -30.03775689999997 ], [ -51.086732799999936, -30.037987599999944 ], [ -51.086743699999943, -30.038365099999961 ], [ -51.087294499999985, -30.038841699999971 ], [ -51.087187099999937, -30.039047699999973 ], [ -51.087028499999974, -30.039213499999956 ], [ -51.087006799999983, -30.03944429999996 ], [ -51.087194299999965, -30.03966059999993 ], [ -51.087402199999985, -30.039739 ], [ -51.087467799999956, -30.039819199999943 ], [ -51.087821699999949, -30.04101629999996 ], [ -51.087742399999975, -30.041319199999979 ], [ -51.087576499999955, -30.041650899999972 ], [ -51.087248399999964, -30.041943 ], [ -51.087179899999967, -30.04266049999995 ], [ -51.086974399999974, -30.042970599999926 ], [ -51.086772499999938, -30.043825099999932 ], [ -51.08635419999996, -30.044917599999952 ], [ -51.086381399999937, -30.045141799999957 ], [ -51.086332, -30.045396199999967 ], [ -51.086212199999977, -30.045651599999928 ], [ -51.086062699999957, -30.045671799999973 ], [ -51.085895099999959, -30.045505599999949 ], [ -51.085687299999968, -30.045512499999973 ], [ -51.085231299999975, -30.04581 ], [ -51.084909, -30.046138699999968 ], [ -51.084681799999942, -30.046344399999946 ], [ -51.084468499999957, -30.046871899999925 ], [ -51.084477099999965, -30.047227299999978 ], [ -51.084250099999963, -30.047503 ], [ -51.084838899999966, -30.047867399999973 ], [ -51.085381799999944, -30.047944299999983 ], [ -51.085990599999946, -30.047581799999929 ], [ -51.086064299999975, -30.047435099999959 ], [ -51.086188, -30.047355399999962 ], [ -51.086446099999939, -30.047342799999971 ], [ -51.086663899999962, -30.047393 ], [ -51.086902099999975, -30.047322199999929 ], [ -51.08709209999995, -30.047191799999947 ], [ -51.087264599999976, -30.047160299999959 ], [ -51.087420099999974, -30.047012099999954 ], [ -51.087573499999962, -30.046731 ], [ -51.08766339999994, -30.046768299999933 ], [ -51.087813799999935, -30.047052399999977 ], [ -51.088291099999935, -30.04721289999998 ], [ -51.088489299999935, -30.047189899999974 ], [ -51.089122, -30.047340099999925 ], [ -51.089404299999956, -30.047279799999956 ], [ -51.089786799999963, -30.047368499999944 ], [ -51.090238099999965, -30.047313099999929 ], [ -51.09086869999993, -30.047410599999971 ], [ -51.09125789999996, -30.047548099999965 ], [ -51.091715399999941, -30.048014199999947 ], [ -51.092289499999936, -30.048230099999948 ], [ -51.092771, -30.048352199999957 ], [ -51.093135299999972, -30.048381599999974 ], [ -51.09330609999995, -30.048491499999948 ], [ -51.093374099999949, -30.048889299999928 ], [ -51.094077499999969, -30.049654099999923 ], [ -51.094305, -30.049979899999983 ], [ -51.094390399999952, -30.050213599999946 ], [ -51.095039799999945, -30.050457099999967 ], [ -51.095700799999975, -30.050573 ], [ -51.096164599999952, -30.050468699999939 ], [ -51.096640099999945, -30.050190399999956 ], [ -51.09694159999998, -30.049819299999953 ], [ -51.09768379999997, -30.048590099999952 ], [ -51.098031699999979, -30.048566899999962 ], [ -51.098741, -30.048648199999938 ], [ -51.099286, -30.048600299999968 ], [ -51.100231399999984, -30.048626599999963 ], [ -51.101041499999951, -30.048480599999952 ], [ -51.101574899999946, -30.048605199999933 ], [ -51.102514499999984, -30.04910689999997 ], [ -51.102844699999935, -30.049153799999935 ], [ -51.103183, -30.049076499999948 ], [ -51.103762399999937, -30.049068199999951 ], [ -51.104928899999948, -30.049332899999968 ], [ -51.10629119999993, -30.049778699999933 ], [ -51.107889499999942, -30.050119299999949 ], [ -51.107483599999966, -30.046252299999928 ], [ -51.107505099999969, -30.045623299999928 ], [ -51.107319099999984, -30.043370599999943 ], [ -51.107085, -30.040969099999984 ], [ -51.107212899999979, -30.040948699999937 ], [ -51.107774199999938, -30.040810399999927 ], [ -51.108497399999976, -30.040513899999944 ], [ -51.109351299999958, -30.040056 ], [ -51.111968599999962, -30.038505099999959 ], [ -51.112437, -30.038355 ] ], [ [ -51.115140099999962, -30.036241399999938 ], [ -51.118596899999943, -30.036027799999943 ], [ -51.120792299999948, -30.035897099999946 ], [ -51.121866699999941, -30.035833099999923 ], [ -51.115140099999962, -30.036241399999938 ] ], [ [ -51.12018379999995, -30.033070399999932 ], [ -51.118377599999974, -30.033178199999949 ], [ -51.11747349999996, -30.033229 ], [ -51.116125799999963, -30.033301199999986 ], [ -51.117758799999933, -30.033210299999954 ], [ -51.118021899999974, -30.033196699999959 ], [ -51.119764599999939, -30.033095399999972 ], [ -51.121356299999952, -30.032989 ], [ -51.12018379999995, -30.033070399999932 ] ], [ [ -51.116176899999971, -30.033960799999932 ], [ -51.116223399999967, -30.034561899999972 ], [ -51.116125799999963, -30.033301199999986 ], [ -51.116176899999971, -30.033960799999932 ] ], [ [ -51.114916, -30.033380699999949 ], [ -51.113627099999974, -30.033444299999918 ], [ -51.116125799999963, -30.033301199999986 ], [ -51.114916, -30.033380699999949 ] ], [ [ -51.113560599999978, -30.032539199999974 ], [ -51.113550163374931, -30.032355500673816 ], [ -51.113627099999974, -30.033444299999918 ], [ -51.113560599999978, -30.032539199999974 ] ], [ [ -51.110911599999952, -30.027658599999935 ], [ -51.110611799999958, -30.02747329999994 ], [ -51.110341299999966, -30.027281 ], [ -51.110911599999952, -30.027658599999935 ] ], [ [ -51.101968899999981, -30.02823839999996 ], [ -51.101458099999945, -30.028301099999968 ], [ -51.102396499999941, -30.028150199999967 ], [ -51.103869299999985, -30.027852899999964 ], [ -51.101968899999981, -30.02823839999996 ] ], [ [ -51.10588532592778, -30.041173295603439 ], [ -51.105906, -30.041167699999964 ], [ -51.107085, -30.040969099999984 ], [ -51.10588532592778, -30.041173295603439 ] ], [ [ -51.11122869999997, -30.030706199999933 ], [ -51.111193399999934, -30.030311699999977 ], [ -51.111018199999933, -30.027801 ], [ -51.11122869999997, -30.030706199999933 ] ], [ [ -51.11125189924369, -30.030704481183989 ], [ -51.109085599999958, -30.030884599999972 ], [ -51.107813799999974, -30.030974499999964 ], [ -51.11122869999997, -30.030706199999933 ], [ -51.11125189924369, -30.030704481183989 ] ], [ [ -51.109103199999936, -30.031773099999949 ], [ -51.109105599999964, -30.032145399999926 ], [ -51.109085599999958, -30.030884599999972 ], [ -51.109103199999936, -30.031773099999949 ] ], [ [ -51.111697699999979, -30.036478499999927 ], [ -51.111595299999976, -30.035219299999927 ], [ -51.111488299999962, -30.033596 ], [ -51.111697699999979, -30.036478499999927 ] ], [ [ -51.113883602781385, -30.036344134609802 ], [ -51.113883602781385, -30.036344134609806 ], [ -51.111697699999979, -30.036478499999927 ], [ -51.113883602781385, -30.036344134609802 ] ], [ [ -51.110128883831734, -30.033707192878481 ], [ -51.110178399999938, -30.033676199999942 ], [ -51.11086, -30.033624199999956 ], [ -51.111488299999962, -30.033596 ], [ -51.110128883831734, -30.033707192878481 ] ], [ [ -51.109015, -30.035786199999961 ], [ -51.109391199999948, -30.035741 ], [ -51.109494099999949, -30.035728699999932 ], [ -51.109015, -30.035786199999961 ] ], [ [ -51.109358768183618, -30.034995923568921 ], [ -51.109823199999937, -30.035055699999923 ], [ -51.109358770730111, -30.034995982071088 ], [ -51.109358768183618, -30.034995923568921 ] ], [ [ -51.107845699999984, -30.036916299999977 ], [ -51.106748099999947, -30.034953899999945 ], [ -51.106870499999957, -30.035165599999974 ], [ -51.107845699999984, -30.036916299999977 ] ], [ [ -51.106615799999986, -30.034568299999936 ], [ -51.106615767824877, -30.034568156507419 ], [ -51.106748099999947, -30.034953899999945 ], [ -51.106615799999986, -30.034568299999936 ] ], [ [ -51.104892499999949, -30.035198899999951 ], [ -51.104954099999986, -30.035641399999971 ], [ -51.104276632347457, -30.032350401167967 ], [ -51.104276642422704, -30.032350399421667 ], [ -51.104799199999945, -30.034874499999933 ], [ -51.104892499999949, -30.035198899999951 ] ], [ [ -51.104590899999948, -30.035675899999934 ], [ -51.104443983053471, -30.035673330591241 ], [ -51.104954099999986, -30.035641399999971 ], [ -51.104590899999948, -30.035675899999934 ] ], [ [ -51.102497796560009, -30.036837886628323 ], [ -51.102170599999972, -30.036685799999923 ], [ -51.102449699999966, -30.036805499999954 ], [ -51.102497796560009, -30.036837886628323 ] ], [ [ -51.103409799999952, -30.038523199999915 ], [ -51.102939499999934, -30.03779639999993 ], [ -51.102687099999969, -30.037406299999923 ], [ -51.103409799999952, -30.038523199999915 ] ], [ [ -51.10318419999993, -30.041507499999963 ], [ -51.103117399999981, -30.041171099999922 ], [ -51.102814399999943, -30.038470199999939 ], [ -51.10318419999993, -30.041507499999963 ] ], [ [ -51.103762299999971, -30.042097799999969 ], [ -51.103883058083511, -30.041971783944707 ], [ -51.103741146420667, -30.04213809024521 ], [ -51.103762299999971, -30.042097799999969 ] ], [ [ -51.105888199999981, -30.045647299999924 ], [ -51.105934299999952, -30.046244799999954 ], [ -51.105858465052833, -30.045338268444223 ], [ -51.105888199999981, -30.045647299999924 ] ], [ [ -51.118178665879235, -30.030288215252895 ], [ -51.118122899999946, -30.029243799999957 ], [ -51.118169, -30.030065399999952 ], [ -51.118178708754414, -30.030288211010813 ], [ -51.118178665879235, -30.030288215252895 ] ], [ [ -51.115928399999973, -30.030491399999963 ], [ -51.11694719999997, -30.030403 ], [ -51.117415273065909, -30.030361045573979 ], [ -51.11645139999996, -30.030449799999928 ], [ -51.115928399999973, -30.030491399999963 ] ], [ [ -51.113416599999937, -30.030544099999926 ], [ -51.113442279797759, -30.030543561212863 ], [ -51.111422016561121, -30.030691877309426 ], [ -51.113416599999937, -30.030544099999926 ] ], [ [ -51.117259099999956, -30.033351099999948 ], [ -51.117356899999947, -30.034495699999976 ], [ -51.117306, -30.0339 ], [ -51.117259099999956, -30.033351099999948 ] ], [ [ -51.116864299999975, -30.027385699999964 ], [ -51.118312699999933, -30.027373199999936 ], [ -51.119137699999953, -30.027390799999978 ], [ -51.116864299999975, -30.027385699999964 ] ], [ [ -51.116870499999948, -30.029001199999978 ], [ -51.116861697588782, -30.027349672051848 ], [ -51.116864299999975, -30.027385699999964 ], [ -51.116870499999948, -30.029001199999978 ] ], [ [ -51.104351599999973, -30.038717899999927 ], [ -51.104350604124178, -30.038608342718867 ], [ -51.104456199999959, -30.041560099999973 ], [ -51.104351599999973, -30.038717899999927 ] ], [ [ -51.108017199999949, -30.038589199999933 ], [ -51.107792699999955, -30.038620499999972 ], [ -51.107768962605938, -30.038612692307247 ], [ -51.107853699999964, -30.038585799999968 ], [ -51.108017199999949, -30.038589199999933 ] ], [ [ -51.104523799999981, -30.037247799999925 ], [ -51.105865299999948, -30.037363799999969 ], [ -51.107405099999937, -30.037497899999952 ], [ -51.104523799999981, -30.037247799999925 ] ], [ [ -51.106791968945409, -30.038291340001624 ], [ -51.106980599999986, -30.03833619999995 ], [ -51.107267367470158, -30.038447707865807 ], [ -51.106791968945409, -30.038291340001624 ] ], [ [ -51.10510679999993, -30.038055799999938 ], [ -51.106584499999947, -30.038242 ], [ -51.106632220474097, -30.038253348822646 ], [ -51.10510679999993, -30.038055799999938 ] ], [ [ -51.104218799999956, -30.029619399999945 ], [ -51.104384599999946, -30.029567499999935 ], [ -51.103360199999941, -30.03008659999994 ], [ -51.104218799999956, -30.029619399999945 ] ], [ [ -51.089856679398032, -30.027803631717873 ], [ -51.089975091692388, -30.028107096277687 ], [ -51.089856499999939, -30.027820199999955 ], [ -51.089856679398032, -30.027803631717873 ] ], [ [ -51.10292469999996, -30.031994199999932 ], [ -51.103197299999977, -30.031821699999963 ], [ -51.102475299999981, -30.032313199999976 ], [ -51.10292469999996, -30.031994199999932 ] ], [ [ -51.109446599999956, -30.033763 ], [ -51.109446576891457, -30.033762982648106 ], [ -51.109447063606446, -30.033762962079464 ], [ -51.109446599999956, -30.033763 ] ], [ [ -51.106479199999967, -30.033959099999944 ], [ -51.106174899999985, -30.032258799999958 ], [ -51.106562601826646, -30.03433105016688 ], [ -51.106479199999967, -30.033959099999944 ] ], [ [ -51.108975699999974, -30.030080199999926 ], [ -51.108892899999944, -30.02924519999992 ], [ -51.108869299999981, -30.028033699999977 ], [ -51.108892, -30.028832899999934 ], [ -51.108975699999974, -30.030080199999926 ] ], [ [ -51.102868699999931, -30.044984399999976 ], [ -51.102519299999983, -30.045351399999955 ], [ -51.102906930039545, -30.044913792799541 ], [ -51.102868699999931, -30.044984399999976 ] ], [ [ -51.100679099999979, -30.046051 ], [ -51.100609631869105, -30.046039089991869 ], [ -51.101241199999947, -30.045977899999965 ], [ -51.100679099999979, -30.046051 ] ], [ [ -51.099745364966424, -30.045890915200307 ], [ -51.099787499999941, -30.045892599999934 ], [ -51.099977286038644, -30.045930677056774 ], [ -51.099745364966424, -30.045890915200307 ] ], [ [ -51.099419813249021, -30.045906241064525 ], [ -51.099507399999936, -30.045881399999921 ], [ -51.099611781674405, -30.045885573776271 ], [ -51.099419813249021, -30.045906241064525 ] ], [ [ -51.096958799999989, -30.041672199999937 ], [ -51.098477499999944, -30.04638129999994 ], [ -51.097525, -30.043427899999976 ], [ -51.096958799999989, -30.041672199999937 ] ], [ [ -51.098975199999984, -30.02603 ], [ -51.09813788307374, -30.027070429442603 ], [ -51.09813788307374, -30.027070429442599 ], [ -51.098975199999984, -30.02603 ] ], [ [ -51.098125518017866, -30.02698704991845 ], [ -51.098078499999986, -30.02667 ], [ -51.097921299999946, -30.024682399999957 ], [ -51.098125518017866, -30.02698704991845 ] ], [ [ -51.097451099999944, -30.023556 ], [ -51.097278699999947, -30.022975199999955 ], [ -51.097438, -30.02351179999993 ], [ -51.097921299999946, -30.024682399999957 ], [ -51.097451099999944, -30.023556 ] ], [ [ -51.092020899999966, -30.023715699999965 ], [ -51.093122899999969, -30.023662 ], [ -51.097451099999944, -30.023556 ], [ -51.092020899999966, -30.023715699999965 ] ], [ [ -51.092669199999932, -30.026731899999952 ], [ -51.092691, -30.027275699999961 ], [ -51.092627099999959, -30.026175199999951 ], [ -51.092669199999932, -30.026731899999952 ] ], [ [ -51.089865527863694, -30.026986433098887 ], [ -51.089868899999942, -30.026675 ], [ -51.089933, -30.024398799999972 ], [ -51.089865527863694, -30.026986433098887 ] ], [ [ -51.092033299999969, -30.022772499999967 ], [ -51.093631499999958, -30.022913399999936 ], [ -51.093132599999933, -30.022871099999968 ], [ -51.092033299999969, -30.022772499999967 ] ] ] } },
{ "type": "Feature", "properties": { "ltla_code": "Navegantes", "ltla_name": "Navegantes" }, "geometry": { "type": "Polygon", "coordinates": [ [ [ -51.205278599999986, -30.003922399999951 ], [ -51.207456899999954, -30.003264 ], [ -51.209330899999941, -30.002687 ], [ -51.207773399999951, -29.998238599999972 ], [ -51.207692899999984, -29.997119199999926 ], [ -51.20750529999998, -29.995738399999929 ], [ -51.206948899999986, -29.995885899999955 ], [ -51.206620399999963, -29.99486029999996 ], [ -51.207351099999983, -29.99465919999993 ], [ -51.207227099999955, -29.994287199999974 ], [ -51.20648639999996, -29.994464799999943 ], [ -51.20631549999996, -29.993952 ], [ -51.20704939999996, -29.993767699999985 ], [ -51.206848399999963, -29.993315199999984 ], [ -51.206727699999931, -29.993348799999982 ], [ -51.205987, -29.991019399999967 ], [ -51.206120699999985, -29.990989 ], [ -51.205219499999941, -29.988199099999967 ], [ -51.205159199999969, -29.988201599999979 ], [ -51.20480189999995, -29.987875099999933 ], [ -51.203775099999973, -29.988530599999923 ], [ -51.203102899999976, -29.988767199999973 ], [ -51.202709899999945, -29.988814899999959 ], [ -51.202410399999962, -29.98863839999996 ], [ -51.201756, -29.988693799999961 ], [ -51.200665099999981, -29.988533799999971 ], [ -51.200458599999934, -29.988540899999975 ], [ -51.20022739999996, -29.988586099999964 ], [ -51.197805299999978, -29.989484899999979 ], [ -51.197422499999966, -29.989706499999944 ], [ -51.197180299999957, -29.990165 ], [ -51.196824599999957, -29.991049899999954 ], [ -51.195896499999947, -29.99211229999996 ], [ -51.196371099999965, -29.993731299999968 ], [ -51.201035799999943, -29.992633299999952 ], [ -51.198343099999931, -29.993276299999931 ], [ -51.199119699999983, -29.995795499999918 ], [ -51.199540399999933, -29.99722 ], [ -51.197481399999958, -29.997121699999965 ], [ -51.197627599999976, -29.997566499999937 ], [ -51.196359099999938, -29.997486799999926 ], [ -51.192833299999961, -29.997302199999979 ], [ -51.191361899999947, -29.99696449999994 ], [ -51.19053109999993, -29.996635599999937 ], [ -51.18973109999996, -29.99616409999993 ], [ -51.189711099999954, -29.996612799999969 ], [ -51.18987489999995, -29.997124 ], [ -51.190372699999955, -29.998126299999953 ], [ -51.190689899999938, -29.999008199999921 ], [ -51.19162689999996, -30.001583699999959 ], [ -51.192860499999938, -30.004918699999958 ], [ -51.193469899999968, -30.006598399999966 ], [ -51.193762599999964, -30.007439799999922 ], [ -51.199520699999937, -30.005684599999935 ], [ -51.205278599999986, -30.003922399999951 ] ], [ [ -51.193071, -29.998497499999914 ], [ -51.196476361205846, -29.997806004406186 ], [ -51.196476369920759, -29.997806028129627 ], [ -51.190689899999938, -29.999008199999921 ], [ -51.193071, -29.998497499999914 ] ], [ [ -51.195165899999949, -30.00421549999993 ], [ -51.198581899999965, -30.003178499999926 ], [ -51.192860499999938, -30.004918699999958 ], [ -51.195165899999949, -30.00421549999993 ] ], [ [ -51.195770599999946, -30.00588109999995 ], [ -51.20149239999995, -30.004147 ], [ -51.204964099999984, -30.00308339999998 ], [ -51.199208699999986, -30.004854699999939 ], [ -51.193469899999968, -30.006598399999966 ], [ -51.195770599999946, -30.00588109999995 ] ], [ [ -51.206542599999977, -30.000761499999957 ], [ -51.200575, -30.001794499999956 ], [ -51.194784499999969, -30.002773899999951 ], [ -51.198179399999958, -30.002188499999924 ], [ -51.206542599999977, -30.000761499999957 ] ], [ [ -51.201166093477092, -30.003310248206798 ], [ -51.195471199999986, -30.005062599999974 ], [ -51.198881399999955, -30.004008799999944 ], [ -51.201166091162683, -30.003310242271926 ], [ -51.201166093477092, -30.003310248206798 ] ], [ [ -51.20621749999998, -29.999668699999962 ], [ -51.205938199999935, -29.998331 ], [ -51.205829599999959, -29.997711699999957 ], [ -51.20621749999998, -29.999668699999962 ] ] ] } },
{ "type": "Feature", "properties": { "ltla_code": "Nonoai", "ltla_name": "Nonoai" }, "geometry": { "type": "Polygon", "coordinates": [ [ [ -51.225256499999944, -30.09996459999995 ], [ -51.22536329999997, -30.09951529999995 ], [ -51.22545359999998, -30.098844899999964 ], [ -51.225335599999937, -30.098552 ], [ -51.224758099999974, -30.097746699999952 ], [ -51.224661, -30.097498899999945 ], [ -51.224644699999942, -30.097180399999953 ], [ -51.22473, -30.096838699999974 ], [ -51.225667699999974, -30.095171 ], [ -51.225084, -30.094825 ], [ -51.225606099999936, -30.095134 ], [ -51.228089099999977, -30.094369599999926 ], [ -51.230409099999974, -30.093675699999949 ], [ -51.231775899999946, -30.093266299999978 ], [ -51.231015499999955, -30.09136059999997 ], [ -51.2303108, -30.090580199999977 ], [ -51.229988578884893, -30.090801086060466 ], [ -51.230286499999977, -30.090595899999979 ], [ -51.22799189999995, -30.08966559999994 ], [ -51.225982399999964, -30.089088499999932 ], [ -51.225616699999932, -30.08964189999994 ], [ -51.226003599999956, -30.089055799999986 ], [ -51.226853399999982, -30.087977399999936 ], [ -51.227145899999982, -30.087538199999987 ], [ -51.227659, -30.086939199999957 ], [ -51.227939099999958, -30.086683299999937 ], [ -51.224251899999956, -30.083944 ], [ -51.222391799999976, -30.082555899999935 ], [ -51.221914599999934, -30.08221309999993 ], [ -51.220501499999955, -30.081188299999944 ], [ -51.219487899999933, -30.080673099999956 ], [ -51.21932129999994, -30.080577799999954 ], [ -51.218409399999985, -30.079607399999919 ], [ -51.21772889999994, -30.079092899999971 ], [ -51.217409499999974, -30.078832899999956 ], [ -51.21454609999995, -30.076711199999981 ], [ -51.214530799999977, -30.076994199999959 ], [ -51.214266099999982, -30.07840919999995 ], [ -51.214062599999977, -30.079088099999971 ], [ -51.213789299999981, -30.079616199999979 ], [ -51.215343548215536, -30.080764952645236 ], [ -51.214345, -30.081780099999943 ], [ -51.213474199999951, -30.082678099999956 ], [ -51.213631799999973, -30.083003899999941 ], [ -51.213825419884301, -30.083645487501297 ], [ -51.213770899999986, -30.083546099999971 ], [ -51.213201599999934, -30.083680599999976 ], [ -51.212773899999945, -30.083625199999972 ], [ -51.212457099999938, -30.083882199999952 ], [ -51.211890899999958, -30.084154499999958 ], [ -51.211608799999972, -30.084392799999925 ], [ -51.211520599999972, -30.084565399999963 ], [ -51.211531599999944, -30.084791 ], [ -51.20981709999996, -30.086311899999934 ], [ -51.209195099999931, -30.086668499999973 ], [ -51.208631199999957, -30.08667359999998 ], [ -51.208266299999934, -30.086852299999961 ], [ -51.20820759999998, -30.087360099999966 ], [ -51.208008599999978, -30.087640699999952 ], [ -51.208013699999981, -30.08778239999998 ], [ -51.207884799999931, -30.087924 ], [ -51.207684499999971, -30.087991599999956 ], [ -51.20752889999995, -30.08826079999994 ], [ -51.207350199999951, -30.08836029999997 ], [ -51.207032599999934, -30.088383299999979 ], [ -51.206827099999941, -30.088485299999942 ], [ -51.206661299999951, -30.088508299999933 ], [ -51.206362699999943, -30.088669099999944 ], [ -51.206245399999943, -30.088860399999923 ], [ -51.205870299999965, -30.088860399999923 ], [ -51.205625299999951, -30.089008399999955 ], [ -51.205396899999982, -30.089016099999981 ], [ -51.205306099999973, -30.089068699999924 ], [ -51.204773, -30.089110499999943 ], [ -51.204461699999968, -30.089263599999985 ], [ -51.204017699999952, -30.089294199999969 ], [ -51.20371149999994, -30.08963619999998 ], [ -51.20302259999994, -30.08987089999993 ], [ -51.20277509999994, -30.090340399999942 ], [ -51.202389799999935, -30.090626199999971 ], [ -51.202341799999942, -30.090871899999964 ], [ -51.202496899999971, -30.091312599999977 ], [ -51.202394899999945, -30.091613699999982 ], [ -51.202518799999957, -30.092225399999958 ], [ -51.202742799999953, -30.094270499999944 ], [ -51.20280409999998, -30.094372699999944 ], [ -51.20301569999998, -30.094436899999948 ], [ -51.203136799999982, -30.094423699999936 ], [ -51.20318489999994, -30.094518599999951 ], [ -51.203292899999951, -30.094512699999935 ], [ -51.203558499999986, -30.094629499999925 ], [ -51.203691299999946, -30.09460469999993 ], [ -51.204070399999978, -30.09469839999996 ], [ -51.204169899999954, -30.094864399999949 ], [ -51.204242799999975, -30.094845399999937 ], [ -51.204378499999962, -30.095059899999956 ], [ -51.204493799999966, -30.095087699999958 ], [ -51.204504, -30.09520149999997 ], [ -51.204633899999976, -30.095233599999972 ], [ -51.204731699999968, -30.095366399999936 ], [ -51.204898, -30.095444699999977 ], [ -51.205264299999953, -30.095786599999936 ], [ -51.205355, -30.096144199999969 ], [ -51.206976199999986, -30.097634499999963 ], [ -51.20777309999994, -30.09764 ], [ -51.208190099999968, -30.097756599999968 ], [ -51.20872769999994, -30.09826409999993 ], [ -51.208771599999977, -30.098390199999983 ], [ -51.20879629999996, -30.098960799999922 ], [ -51.208875899999953, -30.099147399999932 ], [ -51.209708399999961, -30.099894899999974 ], [ -51.20982349999997, -30.100162099999963 ], [ -51.210837199999958, -30.101023699999924 ], [ -51.211266699999953, -30.101570199999969 ], [ -51.211846899999955, -30.101985699999933 ], [ -51.212017299999957, -30.102269199999963 ], [ -51.212003899999957, -30.102648399999957 ], [ -51.212042399999973, -30.10274609999993 ], [ -51.212856199999983, -30.103129199999955 ], [ -51.220158599999934, -30.103361499999949 ], [ -51.22046359999996, -30.103452599999965 ], [ -51.222794299999975, -30.104694599999952 ], [ -51.223630399999941, -30.101854399999979 ], [ -51.223857899999985, -30.101543299999935 ], [ -51.224640799999982, -30.100909399999978 ], [ -51.224986499999943, -30.100424599999933 ], [ -51.225256499999944, -30.09996459999995 ] ], [ [ -51.225532599999951, -30.087546 ], [ -51.224452799999938, -30.08716619999996 ], [ -51.226853399999982, -30.087977399999936 ], [ -51.225532599999951, -30.087546 ] ], [ [ -51.215703499999968, -30.082778699999952 ], [ -51.21805379999995, -30.084518799999952 ], [ -51.214345, -30.081780099999943 ], [ -51.215703499999968, -30.082778699999952 ] ], [ [ -51.219041799999957, -30.083505199999937 ], [ -51.217774099999986, -30.084813799999953 ], [ -51.217481299999974, -30.085046499999972 ], [ -51.21805379999995, -30.084518799999952 ], [ -51.219041799999957, -30.083505199999937 ] ], [ [ -51.215042175164648, -30.087119552471925 ], [ -51.214983699999948, -30.087018499999946 ], [ -51.214437799999985, -30.085581899999969 ], [ -51.214716, -30.086310499999964 ], [ -51.215042175164648, -30.087119552471925 ] ], [ [ -51.212092330587197, -30.09001736000592 ], [ -51.212092313529133, -30.09001734960534 ], [ -51.213102399999968, -30.088085799999917 ], [ -51.214135899999981, -30.08611709999996 ], [ -51.214437799999985, -30.085581899999969 ], [ -51.212092330587197, -30.09001736000592 ] ], [ [ -51.216382743315087, -30.08920489754631 ], [ -51.216090699999938, -30.088939399999955 ], [ -51.21605855882455, -30.08888346005638 ], [ -51.216382743315087, -30.08920489754631 ] ], [ [ -51.215146959480258, -30.092722281158807 ], [ -51.215143199999943, -30.092674399999954 ], [ -51.215246499999978, -30.092463499999951 ], [ -51.216504799999939, -30.090046799999978 ], [ -51.215146959480258, -30.092722281158807 ] ], [ [ -51.215206756440054, -30.092791653636553 ], [ -51.21515039999997, -30.092766099999949 ], [ -51.215148557915846, -30.092742639011966 ], [ -51.215206756440054, -30.092791653636553 ] ], [ [ -51.214338099999964, -30.095176399999946 ], [ -51.213943499999971, -30.095080699999968 ], [ -51.213907802979286, -30.095057264129867 ], [ -51.214338099999964, -30.095176399999946 ] ], [ [ -51.215122799999961, -30.095421399999957 ], [ -51.214859299999944, -30.09541529999996 ], [ -51.214801625064126, -30.095388863810076 ], [ -51.215122799999961, -30.095421399999957 ] ], [ [ -51.221521474049638, -30.099396693579465 ], [ -51.221505, -30.099405399999966 ], [ -51.221486592008532, -30.099396103896058 ], [ -51.221521474049638, -30.099396693579465 ] ], [ [ -51.21855979999998, -30.089678699999983 ], [ -51.217564, -30.088634499999962 ], [ -51.219454138882796, -30.090607576359972 ], [ -51.21855979999998, -30.089678699999983 ] ], [ [ -51.221798321772141, -30.091883261103529 ], [ -51.220998001997479, -30.091557731873497 ], [ -51.221755799999983, -30.091852499999955 ], [ -51.221798321772141, -30.091883261103529 ] ], [ [ -51.222659215244768, -30.092547785175423 ], [ -51.222053402344088, -30.092067791509859 ], [ -51.222293799999932, -30.092241699999928 ], [ -51.222659215244768, -30.092547785175423 ] ], [ [ -51.221460799999932, -30.094339299999948 ], [ -51.222816299999977, -30.093342799999952 ], [ -51.222208899999941, -30.093801899999956 ], [ -51.221460799999932, -30.094339299999948 ] ], [ [ -51.221453053866853, -30.094482117077153 ], [ -51.221454626002561, -30.094221404572664 ], [ -51.221460799999932, -30.094339299999948 ], [ -51.221453053866853, -30.094482117077153 ] ], [ [ -51.223250399999984, -30.094800099999922 ], [ -51.223629897868236, -30.095203101364067 ], [ -51.223629731240827, -30.095203420517755 ], [ -51.222208899999941, -30.093801899999956 ], [ -51.223250399999984, -30.094800099999922 ] ], [ [ -51.221440899999948, -30.093959299999934 ], [ -51.221443500240667, -30.094008952837818 ], [ -51.221368766457807, -30.093798547592215 ], [ -51.221440899999948, -30.093959299999934 ] ], [ [ -51.220725799999968, -30.095604099999949 ], [ -51.22072152310767, -30.095515118795799 ], [ -51.220753103270866, -30.095654391505885 ], [ -51.220725799999968, -30.095604099999949 ] ], [ [ -51.22240317214731, -30.097563305453665 ], [ -51.222344102750611, -30.097462360569175 ], [ -51.222375599999964, -30.097493799999945 ], [ -51.22240317214731, -30.097563305453665 ] ], [ [ -51.222537375148924, -30.098062393181287 ], [ -51.222504683885951, -30.097819202078721 ], [ -51.222548199999949, -30.097928899999939 ], [ -51.222537375148924, -30.098062393181287 ] ], [ [ -51.223730699999976, -30.093445299999924 ], [ -51.224770499999977, -30.094580199999942 ], [ -51.223626317686161, -30.093357865555703 ], [ -51.223730699999976, -30.093445299999924 ] ], [ [ -51.223762199999953, -30.094177699999928 ], [ -51.22388135975708, -30.094327249165353 ], [ -51.223708561077338, -30.094147202441107 ], [ -51.223762199999953, -30.094177699999928 ] ], [ [ -51.224005699999964, -30.094483299999972 ], [ -51.223768378963229, -30.094937858374045 ], [ -51.223995367536801, -30.094470332440459 ], [ -51.224005699999964, -30.094483299999972 ] ], [ [ -51.221823899999954, -30.095544699999945 ], [ -51.221762095642553, -30.095472475602868 ], [ -51.222157219863007, -30.09576671883077 ], [ -51.222077499999962, -30.095733099999954 ], [ -51.221823899999954, -30.095544699999945 ] ], [ [ -51.221720063027902, -30.095423356408389 ], [ -51.221668499999964, -30.095363099999929 ], [ -51.221573844046823, -30.095135247112704 ], [ -51.221720063027902, -30.095423356408389 ] ], [ [ -51.221461672363645, -30.094865230901078 ], [ -51.221450899999979, -30.094839299999929 ], [ -51.221451112317759, -30.094804090635296 ], [ -51.221461672363645, -30.094865230901078 ] ], [ [ -51.224201033522093, -30.086963706860647 ], [ -51.22443439999995, -30.086967399999931 ], [ -51.224223799999947, -30.086978899999963 ], [ -51.224201033522093, -30.086963706860647 ] ], [ [ -51.22487, -30.086215399999954 ], [ -51.224665829959712, -30.086415065885411 ], [ -51.224973820562397, -30.086051860231851 ], [ -51.22487, -30.086215399999954 ] ], [ [ -51.224174799999957, -30.086946199999936 ], [ -51.224150599999973, -30.086787899999933 ], [ -51.224200500848198, -30.086963351382352 ], [ -51.224174799999957, -30.086946199999936 ] ], [ [ -51.22130149941141, -30.093648640359753 ], [ -51.221125261890101, -30.093411087597421 ], [ -51.221265, -30.093567299999954 ], [ -51.22130149941141, -30.093648640359753 ] ], [ [ -51.220955399999987, -30.093221199999956 ], [ -51.220984989740273, -30.09325427819477 ], [ -51.219811399999969, -30.092582399999966 ], [ -51.219715199999939, -30.092502 ], [ -51.220955399999987, -30.093221199999956 ] ], [ [ -51.219697599999961, -30.092361499999971 ], [ -51.219713430823795, -30.092331786629352 ], [ -51.219715199999939, -30.092502 ], [ -51.219697599999961, -30.092361499999971 ] ], [ [ -51.22165710931192, -30.092380583835585 ], [ -51.221668099999931, -30.092385499999978 ], [ -51.221756299023546, -30.092459035033336 ], [ -51.22165710931192, -30.092380583835585 ] ], [ [ -51.218098992019115, -30.091745627491129 ], [ -51.218079099999954, -30.091729899999958 ], [ -51.218079180556543, -30.091700657957887 ], [ -51.218098992019115, -30.091745627491129 ] ], [ [ -51.219789799999944, -30.090956199999933 ], [ -51.219696888185979, -30.090859700128117 ], [ -51.220077699999933, -30.091183399999981 ], [ -51.219789799999944, -30.090956199999933 ] ], [ [ -51.212732099999982, -30.092829699999974 ], [ -51.214559399999985, -30.093630699999942 ], [ -51.211995199999933, -30.092520099999941 ], [ -51.212732099999982, -30.092829699999974 ] ], [ [ -51.21395405599494, -30.083879985827494 ], [ -51.21539359999997, -30.085992199999961 ], [ -51.214018299999964, -30.083997099999962 ], [ -51.21395405599494, -30.083879985827494 ] ], [ [ -51.221162699999979, -30.083759 ], [ -51.218995599999971, -30.086720499999952 ], [ -51.220560499999976, -30.084569799999926 ], [ -51.221162699999979, -30.083759 ] ], [ [ -51.218378299999983, -30.081345499999944 ], [ -51.218163799999957, -30.081529099999955 ], [ -51.21826539999995, -30.081440899999961 ], [ -51.218378299999983, -30.081345499999944 ] ], [ [ -51.213335299999983, -30.091650599999976 ], [ -51.213469699999962, -30.09166329999994 ], [ -51.213193, -30.091662899999953 ], [ -51.213335299999983, -30.091650599999976 ] ], [ [ -51.213152937567578, -30.091743655060206 ], [ -51.21315009999995, -30.091735299999975 ], [ -51.213193, -30.091662899999953 ], [ -51.213152937567578, -30.091743655060206 ] ], [ [ -51.212741966863739, -30.084521259862392 ], [ -51.212416099999984, -30.084826499999963 ], [ -51.209215699999959, -30.088000299999983 ], [ -51.207993, -30.08920049999994 ], [ -51.2126995, -30.084538699999946 ], [ -51.212741966863739, -30.084521259862392 ] ], [ [ -51.210479, -30.090408799999974 ], [ -51.209627099999985, -30.089961199999941 ], [ -51.210570299999972, -30.090432399999948 ], [ -51.210479, -30.090408799999974 ] ], [ [ -51.208834699999954, -30.090429799999985 ], [ -51.209671788408755, -30.089907475332041 ], [ -51.209627099999985, -30.089961199999941 ], [ -51.208834699999954, -30.090429799999985 ] ], [ [ -51.208530899999971, -30.090969299999976 ], [ -51.208495902301891, -30.090994984751244 ], [ -51.208636099999978, -30.090654599999926 ], [ -51.208530899999971, -30.090969299999976 ] ], [ [ -51.20847189999995, -30.091012599999935 ], [ -51.207692299999962, -30.090760499999927 ], [ -51.208478114244215, -30.091008039376607 ], [ -51.20847189999995, -30.091012599999935 ] ], [ [ -51.209902655617071, -30.089629925416162 ], [ -51.210303432392415, -30.089051531660871 ], [ -51.209953499999983, -30.089568799999935 ], [ -51.209902655617071, -30.089629925416162 ] ] ] } },
{ "type": "Feature", "properties": { "ltla_code": "Parque Santa Fé", "ltla_name": "Parque Santa Fé" }, "geometry": { "type": "Polygon", "coordinates": [ [ [ -51.111268299999949, -30.015297799999928 ], [ -51.111732399999937, -30.015215899999937 ], [ -51.112305499999934, -30.015211 ], [ -51.112035099999957, -30.012131099999973 ], [ -51.111826, -30.00973329999994 ], [ -51.111716399999978, -30.008431099999935 ], [ -51.110265499999969, -30.007404899999987 ], [ -51.110232699999983, -30.007071 ], [ -51.110052, -30.005008 ], [ -51.109810599999953, -30.002139199999935 ], [ -51.109261499999945, -30.002145499999976 ], [ -51.108366599999954, -30.002068799999957 ], [ -51.108145399999955, -30.002104899999953 ], [ -51.107312799999931, -30.001968399999939 ], [ -51.107007299999964, -30.001839399999938 ], [ -51.10657219999996, -30.001762199999977 ], [ -51.105107, -30.001702299999977 ], [ -51.104930499999966, -30.00196689999996 ], [ -51.10482079999997, -30.002045399999925 ], [ -51.104419199999938, -30.002147499999971 ], [ -51.102475599999934, -30.002203199999926 ], [ -51.101804, -30.00228 ], [ -51.101482499999975, -30.002388 ], [ -51.101282499999968, -30.002526399999972 ], [ -51.098671599999932, -30.004855799999966 ], [ -51.098811, -30.006485399999978 ], [ -51.099034899999936, -30.00938 ], [ -51.099193799999966, -30.01182 ], [ -51.099359, -30.014050699999913 ], [ -51.099912699999948, -30.01453669999994 ], [ -51.100401199999965, -30.014808399999929 ], [ -51.103529899999955, -30.015909499999967 ], [ -51.104575299999972, -30.016163399999968 ], [ -51.105278099999964, -30.016225 ], [ -51.107601799999948, -30.016342299999959 ], [ -51.108121499999982, -30.016322099999961 ], [ -51.108959399999947, -30.016147399999962 ], [ -51.111268299999949, -30.015297799999928 ] ], [ [ -51.106861275147004, -30.008567883941097 ], [ -51.106787499999939, -30.008539499999987 ], [ -51.106743406347292, -30.008497981986849 ], [ -51.106861275147004, -30.008567883941097 ] ], [ [ -51.107417544856396, -30.008645837351445 ], [ -51.107417711753115, -30.008647412826598 ], [ -51.107043, -30.008637799999967 ], [ -51.106949864342489, -30.008601967377157 ], [ -51.107417544856396, -30.008645837351445 ] ], [ [ -51.107562299999984, -30.010012299999982 ], [ -51.107617970857007, -30.010647062555407 ], [ -51.107558300002658, -30.009974540741091 ], [ -51.107562299999984, -30.010012299999982 ] ], [ [ -51.107386099999985, -30.008521899999952 ], [ -51.107302690406662, -30.007470523560357 ], [ -51.10733879999998, -30.007902499999936 ], [ -51.107410362562462, -30.008578037782133 ], [ -51.107386099999985, -30.008521899999952 ] ], [ [ -51.107133199999964, -30.005334099999967 ], [ -51.107203399999946, -30.00491559999994 ], [ -51.107136735017889, -30.005378658838001 ], [ -51.107133199999964, -30.005334099999967 ] ], [ [ -51.106801099999984, -30.002305499999974 ], [ -51.107255799999962, -30.002620799999935 ], [ -51.107293790854989, -30.002666596687064 ], [ -51.106801099999984, -30.002305499999974 ] ], [ [ -51.105306068010215, -30.008685606961201 ], [ -51.105903109575038, -30.008599056856085 ], [ -51.105889799999943, -30.008617599999972 ], [ -51.105306068010215, -30.008685606961201 ] ], [ [ -51.105475299999966, -30.014361899999976 ], [ -51.105308299999933, -30.012688 ], [ -51.105128199999967, -30.010749399999948 ], [ -51.105475299999966, -30.014361899999976 ] ], [ [ -51.104570599999931, -30.005760299999956 ], [ -51.104646399999979, -30.005965199999935 ], [ -51.104545095826019, -30.005724567893598 ], [ -51.104570599999931, -30.005760299999956 ] ] ] } },
{ "type": "Feature", "properties": { "ltla_code": "Partenon", "ltla_name": "Partenon" }, "geometry": { "type": "MultiPolygon", "coordinates": [ [ [ [ -51.19969679999997, -30.073431599999928 ], [ -51.200310399999978, -30.07180279999994 ], [ -51.200692699999934, -30.071024099999939 ], [ -51.201583699999965, -30.06935459999994 ], [ -51.200645499999951, -30.067733299999922 ], [ -51.199184599999967, -30.065206499999928 ], [ -51.198629899999958, -30.064217599999949 ], [ -51.198232099999984, -30.063514399999963 ], [ -51.1977955, -30.062728899999968 ], [ -51.195151599999974, -30.058094699999966 ], [ -51.194351899999958, -30.058579099999978 ], [ -51.193471816061255, -30.059091386391241 ], [ -51.194650499999966, -30.058389099999939 ], [ -51.195795799999985, -30.057662799999942 ], [ -51.197248499999944, -30.056722199999975 ], [ -51.197872199999949, -30.056304399999927 ], [ -51.198583299999939, -30.055723299999947 ], [ -51.197168399999953, -30.054194899999967 ], [ -51.19454079999997, -30.051289299999944 ], [ -51.193442799999957, -30.052826399999951 ], [ -51.193106499999942, -30.053117699999977 ], [ -51.19261419999998, -30.053642699999948 ], [ -51.191489599999954, -30.054296299999972 ], [ -51.190376199999946, -30.054874199999961 ], [ -51.189492799999982, -30.055294299999954 ], [ -51.18862919999998, -30.055742699999943 ], [ -51.187219899999945, -30.056417399999916 ], [ -51.186667899999982, -30.056681699999952 ], [ -51.183965199999932, -30.05797 ], [ -51.18281879999995, -30.058554599999976 ], [ -51.181992299999933, -30.058837 ], [ -51.181226599999945, -30.058992299999947 ], [ -51.180261, -30.059049799999968 ], [ -51.179586499999971, -30.058983799999965 ], [ -51.178728799999931, -30.058789699999988 ], [ -51.172126399999968, -30.055951 ], [ -51.171134599999959, -30.05576409999998 ], [ -51.169126699999936, -30.055748499999925 ], [ -51.164925599999947, -30.055776799999922 ], [ -51.165205299999968, -30.057216 ], [ -51.16537059999996, -30.058135199999974 ], [ -51.165437399999973, -30.058494199999977 ], [ -51.16551039999996, -30.058896799999957 ], [ -51.165813499999956, -30.060491199999948 ], [ -51.167545599999983, -30.060365399999966 ], [ -51.169582699999978, -30.060232499999977 ], [ -51.169450199999972, -30.058617099999932 ], [ -51.169383799999935, -30.057810799999974 ], [ -51.16933789999996, -30.057199299999979 ], [ -51.169694799999945, -30.061598099999969 ], [ -51.171631, -30.06177729999996 ], [ -51.172858299999973, -30.061665899999973 ], [ -51.173168199999964, -30.061676099999939 ], [ -51.174520199999961, -30.062054199999974 ], [ -51.177234, -30.062352199999957 ], [ -51.177588399999934, -30.062460099999949 ], [ -51.178025499999933, -30.062722 ], [ -51.178856199999984, -30.063657299999917 ], [ -51.179064, -30.063834899999968 ], [ -51.179517499999982, -30.064105699999971 ], [ -51.180301499999985, -30.064367 ], [ -51.180647914465943, -30.064459166201793 ], [ -51.180112899999983, -30.064321799999952 ], [ -51.179762199999971, -30.066193299999942 ], [ -51.179685099999972, -30.066253299999978 ], [ -51.179904099999931, -30.067155499999949 ], [ -51.182826599999942, -30.065896 ], [ -51.18622375964565, -30.064449667762023 ], [ -51.186476899999946, -30.06507489999996 ], [ -51.18700819999998, -30.067117099999948 ], [ -51.187199799999973, -30.06751319999994 ], [ -51.188545499999975, -30.069479 ], [ -51.189234499999941, -30.070468199999929 ], [ -51.189981099999954, -30.071293199999943 ], [ -51.190237299999978, -30.071493099999934 ], [ -51.190692099999985, -30.071687699999988 ], [ -51.192997599999956, -30.072132299999968 ], [ -51.195023899999967, -30.072530699999952 ], [ -51.196091899999949, -30.072727899999961 ], [ -51.19969679999997, -30.073431599999928 ] ], [ [ -51.19826919999997, -30.070857499999931 ], [ -51.199786699999947, -30.070954699999948 ], [ -51.200692699999934, -30.071024099999939 ], [ -51.19826919999997, -30.070857499999931 ] ], [ [ -51.19743219999998, -30.069858299999964 ], [ -51.197064499999954, -30.069403199999957 ], [ -51.196527475685798, -30.068750602639554 ], [ -51.19826919999997, -30.070857499999931 ], [ -51.19743219999998, -30.069858299999964 ] ], [ [ -51.196234799999964, -30.064957799999934 ], [ -51.196503899999982, -30.064728 ], [ -51.198232099999984, -30.063514399999963 ], [ -51.196234799999964, -30.064957799999934 ] ], [ [ -51.193310099999962, -30.05738139999994 ], [ -51.192097699999977, -30.055338099999961 ], [ -51.191489599999954, -30.054296299999972 ], [ -51.193310099999962, -30.05738139999994 ] ], [ [ -51.195042, -30.072455399999967 ], [ -51.196305499999937, -30.06980759999993 ], [ -51.195023899999967, -30.072530699999952 ], [ -51.195042, -30.072455399999967 ] ], [ [ -51.1909005557306, -30.061904514729196 ], [ -51.190882499999987, -30.061882699999952 ], [ -51.190768266627792, -30.061743879477017 ], [ -51.1909005557306, -30.061904514729196 ] ], [ [ -51.192929099999958, -30.066696399999941 ], [ -51.190580299999965, -30.064184199999932 ], [ -51.189407599999981, -30.06292059999997 ], [ -51.192929099999958, -30.066696399999941 ] ], [ [ -51.193451399999958, -30.066325099999958 ], [ -51.192695399999941, -30.06686319999994 ], [ -51.191919959824908, -30.067398808413419 ], [ -51.192929099999958, -30.066696399999941 ], [ -51.193451399999958, -30.066325099999958 ] ], [ [ -51.195226099999957, -30.068424 ], [ -51.194475099999977, -30.067554499999968 ], [ -51.193451399999958, -30.066325099999958 ], [ -51.195226099999957, -30.068424 ] ], [ [ -51.19008679999996, -30.068665 ], [ -51.189748199999947, -30.068864499999957 ], [ -51.190325036408716, -30.068500446461162 ], [ -51.19008679999996, -30.068665 ] ], [ [ -51.19453969999995, -30.062278599999949 ], [ -51.194157599999983, -30.062531299999925 ], [ -51.195010499999967, -30.061965399999956 ], [ -51.194780499999979, -30.062124 ], [ -51.19453969999995, -30.062278599999949 ] ], [ [ -51.196424799999939, -30.065832499999939 ], [ -51.195571199999961, -30.064601499999977 ], [ -51.195927399999967, -30.065110299999944 ], [ -51.19633239999996, -30.065697899999975 ], [ -51.196424799999939, -30.065832499999939 ] ], [ [ -51.198619699999938, -30.068598299999952 ], [ -51.199728899999968, -30.070554599999983 ], [ -51.197437460570619, -30.066614881672962 ], [ -51.19748519999996, -30.06666029999996 ], [ -51.198619699999938, -30.068598299999952 ] ], [ [ -51.196763299999986, -30.066088299999926 ], [ -51.197180799999956, -30.066370699999943 ], [ -51.197360261822411, -30.066541436346146 ], [ -51.196763299999986, -30.066088299999926 ] ], [ [ -51.194276199999933, -30.063823499999955 ], [ -51.195120399999951, -30.064906 ], [ -51.194662699999981, -30.065093 ], [ -51.195106799999962, -30.064888599999971 ], [ -51.194276199999933, -30.063823499999955 ] ], [ [ -51.193352699999934, -30.063746699999957 ], [ -51.193170199999948, -30.063689199999946 ], [ -51.193209699999954, -30.063672899999958 ], [ -51.193352699999934, -30.063746699999957 ] ], [ [ -51.192133379402968, -30.069100520965915 ], [ -51.192133379402968, -30.069100520965911 ], [ -51.192601699999955, -30.06897849999995 ], [ -51.192133379402968, -30.069100520965915 ] ], [ [ -51.192843689754064, -30.059460917565939 ], [ -51.192843680781884, -30.05946092286192 ], [ -51.191302717035889, -30.05658879482867 ], [ -51.192019899999934, -30.057916 ], [ -51.192843689754064, -30.059460917565939 ] ], [ [ -51.185572199999967, -30.06341609999998 ], [ -51.190198599999981, -30.061051599999921 ], [ -51.188505, -30.061935 ], [ -51.185572199999967, -30.06341609999998 ] ], [ [ -51.189027399999986, -30.057728599999962 ], [ -51.188443599999971, -30.056698599999947 ], [ -51.190517499999942, -30.06031779999995 ], [ -51.189027399999986, -30.057728599999962 ] ], [ [ -51.179565199999956, -30.059274699999939 ], [ -51.179543199999955, -30.059575699999979 ], [ -51.179556, -30.0594 ], [ -51.179565199999956, -30.059274699999939 ] ], [ [ -51.177399899999955, -30.060493199999936 ], [ -51.177383499999962, -30.060709899999942 ], [ -51.177369901261812, -30.06072676815673 ], [ -51.177399899999955, -30.060493199999936 ] ], [ [ -51.177063629560799, -30.061091795648341 ], [ -51.177052187366961, -30.061131345840103 ], [ -51.177048799999966, -30.06110859999994 ], [ -51.177063629560799, -30.061091795648341 ] ], [ [ -51.189848045895424, -30.066324246355919 ], [ -51.188878599999953, -30.065289099999969 ], [ -51.187746, -30.064046299999976 ], [ -51.189848045895424, -30.066324246355919 ] ], [ [ -51.187135564423897, -30.064912339580108 ], [ -51.187152599999941, -30.064913399999959 ], [ -51.187170590897153, -30.064932505236399 ], [ -51.187135564423897, -30.064912339580108 ] ], [ [ -51.186088616363968, -30.064153477139463 ], [ -51.186124699999937, -30.064205 ], [ -51.186153565760833, -30.064276295642777 ], [ -51.186088616363968, -30.064153477139463 ] ], [ [ -51.18327026303907, -30.064576587841628 ], [ -51.183202399999971, -30.064610799999961 ], [ -51.182594, -30.064838699999935 ], [ -51.182553860744868, -30.064842084826388 ], [ -51.18327026303907, -30.064576587841628 ] ], [ [ -51.182241799999986, -30.064868399999966 ], [ -51.182154235515618, -30.064845917616033 ], [ -51.182432870871693, -30.064852287549947 ], [ -51.182241799999986, -30.064868399999966 ] ] ], [ [ [ -51.201902899999943, -30.064728299999956 ], [ -51.200565499999982, -30.064881899999925 ], [ -51.199184599999967, -30.065206499999928 ], [ -51.201583699999965, -30.06935459999994 ], [ -51.201860199999942, -30.068889799999948 ], [ -51.202645, -30.068913199999933 ], [ -51.202443699999947, -30.068514199999985 ], [ -51.20328509999996, -30.068288799999944 ], [ -51.201902899999943, -30.064728299999956 ] ] ], [ [ [ -51.20336709999998, -30.053282099999937 ], [ -51.20469049999997, -30.052774099999962 ], [ -51.203218, -30.052001299999969 ], [ -51.201905599999975, -30.051304899999934 ], [ -51.200385099999949, -30.0505 ], [ -51.198867, -30.049695599999954 ], [ -51.19749459999997, -30.048966 ], [ -51.19676039999996, -30.048577599999927 ], [ -51.196504699999934, -30.04844219999995 ], [ -51.195099, -30.05040919999993 ], [ -51.19454079999997, -30.051289299999944 ], [ -51.198583299999939, -30.055723299999947 ], [ -51.199966, -30.054583699999959 ], [ -51.200472299999944, -30.054164199999942 ], [ -51.200863, -30.053972699999967 ], [ -51.202101099999936, -30.053624699999933 ], [ -51.20336709999998, -30.053282099999937 ] ], [ [ -51.195982499999957, -30.050876299999967 ], [ -51.197226399999977, -30.052023799999962 ], [ -51.199966, -30.054583699999959 ], [ -51.195982499999957, -30.050876299999967 ] ], [ [ -51.197780399999942, -30.051209699999951 ], [ -51.199080299999935, -30.052371099999959 ], [ -51.200364799999932, -30.053521099999951 ], [ -51.200863, -30.053972699999967 ], [ -51.197780399999942, -30.051209699999951 ] ] ], [ [ [ -51.165813499999956, -30.060491199999948 ], [ -51.166066, -30.061952099999925 ], [ -51.168780899999945, -30.061643499999942 ], [ -51.169694799999945, -30.061598099999969 ], [ -51.169582699999978, -30.060232499999977 ], [ -51.165813499999956, -30.060491199999948 ] ] ], [ [ [ -51.153948499999956, -30.076408599999976 ], [ -51.154434199999969, -30.076566099999976 ], [ -51.157616, -30.07567089999997 ], [ -51.158037799999938, -30.075661699999959 ], [ -51.158212299999946, -30.075268 ], [ -51.158342199999936, -30.075116899999948 ], [ -51.15843289999998, -30.075062499999941 ], [ -51.158847, -30.074999 ], [ -51.159037299999966, -30.075057 ], [ -51.159111799999955, -30.074704299999937 ], [ -51.158965199999955, -30.073837199999947 ], [ -51.158703799999955, -30.07371859999995 ], [ -51.158158756162706, -30.073060898482783 ], [ -51.158164199999931, -30.073053799999961 ], [ -51.159169099999986, -30.072931 ], [ -51.159492499999942, -30.07297309999996 ], [ -51.159692699999937, -30.071793699999944 ], [ -51.159264399999984, -30.071697599999929 ], [ -51.159800599999983, -30.071817199999941 ], [ -51.15989449999995, -30.071877 ], [ -51.15997439999996, -30.070207099999937 ], [ -51.160077399999977, -30.070014399999931 ], [ -51.160320599999977, -30.070015899999927 ], [ -51.160290199999963, -30.069458799999946 ], [ -51.16042589999995, -30.069047 ], [ -51.160438299999953, -30.068602499999933 ], [ -51.160578299999941, -30.067744199999922 ], [ -51.160936599999957, -30.065715599999983 ], [ -51.161026599999957, -30.065206899999961 ], [ -51.161491338320971, -30.062574212678175 ], [ -51.16170859999994, -30.062467099999932 ], [ -51.162728599999987, -30.062191099999946 ], [ -51.164124099999981, -30.062193299999919 ], [ -51.166066, -30.061952099999925 ], [ -51.164925599999947, -30.055776799999922 ], [ -51.162872199999981, -30.055809899999929 ], [ -51.160682799999961, -30.055834399999977 ], [ -51.16011409999993, -30.055847 ], [ -51.158953699999984, -30.056013299999954 ], [ -51.158204499999954, -30.056217799999949 ], [ -51.157599399999981, -30.056462699999933 ], [ -51.153972, -30.05802789999996 ], [ -51.153106599999944, -30.058538799999951 ], [ -51.152536399999974, -30.058986199999936 ], [ -51.152023199999974, -30.059621299999947 ], [ -51.151615699999986, -30.060361099999955 ], [ -51.151062899999943, -30.061986 ], [ -51.150327199999936, -30.064164699999935 ], [ -51.151298599999961, -30.065630799999955 ], [ -51.151646901368302, -30.065475933463084 ], [ -51.151681899999971, -30.067654299999958 ], [ -51.151684799999941, -30.068089 ], [ -51.150768299999982, -30.068392399999937 ], [ -51.15088429999998, -30.068721399999951 ], [ -51.150832399999956, -30.069251 ], [ -51.15134379999995, -30.069666399999956 ], [ -51.150834199999963, -30.069252599999963 ], [ -51.150483, -30.070132199999932 ], [ -51.15048429999996, -30.07071679999995 ], [ -51.148642499999937, -30.07530679999995 ], [ -51.148743699999955, -30.075353499999942 ], [ -51.149273, -30.07530679999995 ], [ -51.149459799999939, -30.075229 ], [ -51.149701099999959, -30.075229 ], [ -51.150060799999949, -30.075438499999972 ], [ -51.150391299999967, -30.075752199999947 ], [ -51.150690599999962, -30.075849399999981 ], [ -51.151331099999936, -30.075962299999961 ], [ -51.151688199999974, -30.075943899999963 ], [ -51.152908899999943, -30.076387599999961 ], [ -51.153948499999956, -30.076408599999976 ] ], [ [ -51.162739199999976, -30.05679629999997 ], [ -51.162611899999945, -30.057663399999967 ], [ -51.162547199999949, -30.058081699999949 ], [ -51.162872199999981, -30.055809899999929 ], [ -51.162739199999976, -30.05679629999997 ] ], [ [ -51.16070609999997, -30.058096099999933 ], [ -51.160707155992604, -30.058567646620912 ], [ -51.160682799999961, -30.055834399999977 ], [ -51.16070609999997, -30.058096099999933 ] ], [ [ -51.154239599999983, -30.075025099999944 ], [ -51.154714699999943, -30.074981099999935 ], [ -51.150060799999949, -30.075438499999972 ], [ -51.154239599999983, -30.075025099999944 ] ], [ [ -51.155784799999942, -30.060486099999927 ], [ -51.157889060789579, -30.064270069009908 ], [ -51.157888974147433, -30.06427009889024 ], [ -51.15677009999996, -30.062276599999954 ], [ -51.155784799999942, -30.060486099999927 ] ], [ [ -51.154600171257123, -30.065211153821522 ], [ -51.154447399999981, -30.06525119999997 ], [ -51.154388327271946, -30.065254060635038 ], [ -51.154600171257123, -30.065211153821522 ] ], [ [ -51.153485099999955, -30.065297799999943 ], [ -51.152559730372516, -30.065275980637864 ], [ -51.15264, -30.065268099999962 ], [ -51.153485099999955, -30.065297799999943 ] ], [ [ -51.152256, -30.065305799999962 ], [ -51.152467082566716, -30.065285076529214 ], [ -51.151702242471288, -30.065451326941993 ], [ -51.151768199999935, -30.065422 ], [ -51.152256, -30.065305799999962 ] ], [ [ -51.156494599999981, -30.070495399999963 ], [ -51.156440099999941, -30.071129499999977 ], [ -51.156497299999955, -30.070300399999937 ], [ -51.156498513095585, -30.070292547918918 ], [ -51.156494599999981, -30.070495399999963 ] ], [ [ -51.155882399999939, -30.071759499999914 ], [ -51.15570033925907, -30.072034403354454 ], [ -51.155702699999949, -30.072027599999949 ], [ -51.155882399999939, -30.071759499999914 ] ], [ [ -51.154941068886572, -30.07352170188754 ], [ -51.154922899999974, -30.073533599999948 ], [ -51.153950799999961, -30.073669299999953 ], [ -51.154941068886572, -30.07352170188754 ] ], [ [ -51.15453587026996, -30.066987271325502 ], [ -51.154519824677998, -30.066876143686073 ], [ -51.154541399999971, -30.066915299999945 ], [ -51.15453587026996, -30.066987271325502 ] ], [ [ -51.160354, -30.064870499999977 ], [ -51.160629899647766, -30.065057553985024 ], [ -51.160627099999942, -30.065056499999962 ], [ -51.160354, -30.064870499999977 ] ], [ [ -51.160734, -30.061580099999954 ], [ -51.160728484772463, -30.060961177294885 ], [ -51.160753399999976, -30.062097299999934 ], [ -51.160734, -30.061580099999954 ] ], [ [ -51.157772699999953, -30.060403699999938 ], [ -51.157827418424787, -30.060502810953309 ], [ -51.157421299999953, -30.059775099999968 ], [ -51.157394001607145, -30.059725447292379 ], [ -51.157772699999953, -30.060403699999938 ] ] ] ] } },
{ "type": "Feature", "properties": { "ltla_code": "Passo da Areia", "ltla_name": "Passo da Areia" }, "geometry": { "type": "MultiPolygon", "coordinates": [ [ [ [ -51.17569229999998, -30.018599599999952 ], [ -51.176724699999966, -30.018937699999984 ], [ -51.178110799999956, -30.019629399999921 ], [ -51.178674399999977, -30.012479199999966 ], [ -51.178965099999971, -30.00903529999993 ], [ -51.178809299999955, -30.010918299999961 ], [ -51.180632, -30.010971899999955 ], [ -51.180736, -30.008662599999965 ], [ -51.179189199999939, -30.008690199999929 ], [ -51.178889499999968, -30.008749299999966 ], [ -51.178725099999951, -30.00863 ], [ -51.177579199999968, -30.008560799999934 ], [ -51.175556399999948, -30.008314 ], [ -51.173986799999966, -30.007975699999971 ], [ -51.173345099999949, -30.008016299999937 ], [ -51.172700899999946, -30.008019499999925 ], [ -51.169484099999977, -30.007835299999954 ], [ -51.169322799999975, -30.007793199999981 ], [ -51.169187, -30.007906 ], [ -51.169059799999957, -30.007890099999941 ], [ -51.167406399999948, -30.007666399999952 ], [ -51.167050299999971, -30.007553 ], [ -51.16691, -30.007630499999941 ], [ -51.166936599999985, -30.007802899999938 ], [ -51.166463, -30.010237299999975 ], [ -51.166140063196046, -30.011704212937222 ], [ -51.166072799999938, -30.011693499999982 ], [ -51.164087399999971, -30.011342099999975 ], [ -51.162025299999982, -30.010972299999928 ], [ -51.161759599999982, -30.013098199999945 ], [ -51.161485199999966, -30.015148899999922 ], [ -51.161059399999942, -30.018089799999988 ], [ -51.160825199999977, -30.019561199999934 ], [ -51.161490499999957, -30.020345499999951 ], [ -51.162806399999965, -30.020453699999955 ], [ -51.163913299999933, -30.020579899999976 ], [ -51.165272099999981, -30.020353799999945 ], [ -51.167294099999935, -30.021321499999928 ], [ -51.171173899999985, -30.021951499999954 ], [ -51.171264699999938, -30.021215199999961 ], [ -51.171588499999984, -30.018617899999981 ], [ -51.175141199999985, -30.018829299999933 ], [ -51.175303699999972, -30.018476699999947 ], [ -51.174292899999955, -30.018143099999968 ], [ -51.17569229999998, -30.018599599999952 ] ], [ [ -51.176516699999979, -30.010401599999959 ], [ -51.176405598486141, -30.01047008026039 ], [ -51.178889499999968, -30.008749299999966 ], [ -51.176516699999979, -30.010401599999959 ] ], [ [ -51.163478099999963, -30.0153299 ], [ -51.162444, -30.015241299999946 ], [ -51.161485199999966, -30.015148899999922 ], [ -51.163478099999963, -30.0153299 ] ], [ [ -51.163552099999954, -30.014813499999939 ], [ -51.163701922351983, -30.01386500786905 ], [ -51.163478099999963, -30.0153299 ], [ -51.163552099999954, -30.014813499999939 ] ], [ [ -51.161902899999973, -30.018081099999957 ], [ -51.161885099999949, -30.018163899999927 ], [ -51.162444, -30.015241299999946 ], [ -51.161902899999973, -30.018081099999957 ] ], [ [ -51.171738599999969, -30.017018099999976 ], [ -51.1718226, -30.016254499999938 ], [ -51.171588499999984, -30.018617899999981 ], [ -51.171738599999969, -30.017018099999976 ] ], [ [ -51.17062, -30.016999699999928 ], [ -51.170483383465623, -30.016978737483996 ], [ -51.171738599999969, -30.017018099999976 ], [ -51.17062, -30.016999699999928 ] ], [ [ -51.170848099999944, -30.010122899999946 ], [ -51.171695399999976, -30.008835199999954 ], [ -51.171707781665539, -30.008819431226158 ], [ -51.170848099999944, -30.010122899999946 ] ], [ [ -51.171964799999955, -30.010679699999962 ], [ -51.170284699999968, -30.009868799999929 ], [ -51.170848099999944, -30.010122899999946 ], [ -51.171964799999955, -30.010679699999962 ] ], [ [ -51.17190839999995, -30.011620099999956 ], [ -51.173909299999934, -30.011443899999954 ], [ -51.170368399999973, -30.011784 ], [ -51.169938099999968, -30.011817699999941 ], [ -51.169034625643384, -30.011855049047867 ], [ -51.171145299999978, -30.011701799999962 ], [ -51.17190839999995, -30.011620099999956 ] ], [ [ -51.174180799999931, -30.012559099999972 ], [ -51.174060299999951, -30.012134299999957 ], [ -51.173909299999934, -30.011443899999954 ], [ -51.174180799999931, -30.012559099999972 ] ], [ [ -51.170782899999949, -30.011963199999954 ], [ -51.170943237124789, -30.012072884983599 ], [ -51.170368399999973, -30.011784 ], [ -51.170782899999949, -30.011963199999954 ] ], [ [ -51.171175099999971, -30.01223149999992 ], [ -51.17156319999998, -30.012579 ], [ -51.171123854486666, -30.012196443469534 ], [ -51.171175099999971, -30.01223149999992 ] ], [ [ -51.171745, -30.012893699999946 ], [ -51.171763467857268, -30.012953054718128 ], [ -51.17156319999998, -30.012579 ], [ -51.171745, -30.012893699999946 ] ], [ [ -51.167754099999968, -30.015648199999923 ], [ -51.16879161059569, -30.015055460490768 ], [ -51.168568099999966, -30.0152 ], [ -51.167754099999968, -30.015648199999923 ] ], [ [ -51.167022035994812, -30.013519511802002 ], [ -51.167177, -30.013509099999951 ], [ -51.167356222032566, -30.01353142913446 ], [ -51.167022035994812, -30.013519511802002 ] ], [ [ -51.1660586, -30.013664 ], [ -51.166717099999971, -30.01354 ], [ -51.166877242477412, -30.013529240264038 ], [ -51.1660586, -30.013664 ] ], [ [ -51.166944499999943, -30.016437099999958 ], [ -51.166885099999945, -30.018257 ], [ -51.166910499999972, -30.017451699999974 ], [ -51.166933091516562, -30.016380669845116 ], [ -51.166944499999943, -30.016437099999958 ] ], [ [ -51.167400986750494, -30.018290837140587 ], [ -51.167199699999969, -30.020489699999917 ], [ -51.16732049999996, -30.019164899999968 ], [ -51.167400986084701, -30.018290837096917 ], [ -51.167400986750494, -30.018290837140587 ] ], [ [ -51.174691087712603, -30.011301312500251 ], [ -51.175360099999978, -30.011114499999962 ], [ -51.174997099999985, -30.011245499999966 ], [ -51.174691087712603, -30.011301312500251 ] ], [ [ -51.173691799999972, -30.017083499999959 ], [ -51.173744699999986, -30.01628989999994 ], [ -51.173874929703054, -30.014786435889469 ], [ -51.173691799999972, -30.017083499999959 ] ], [ [ -51.17277439999998, -30.015951 ], [ -51.172797899999978, -30.015183799999928 ], [ -51.172882899999934, -30.013392599999968 ], [ -51.17277439999998, -30.015951 ] ], [ [ -51.171938799999964, -30.015176499999932 ], [ -51.17188509999994, -30.016041099999924 ], [ -51.171941835196506, -30.015071781020822 ], [ -51.171938799999964, -30.015176499999932 ] ], [ [ -51.172650055395202, -30.017349204694735 ], [ -51.172823288191594, -30.01746730239892 ], [ -51.17273339999997, -30.017420399999928 ], [ -51.172650055395202, -30.017349204694735 ] ], [ [ -51.172292653532431, -30.017017777402675 ], [ -51.172430264812093, -30.017161453397726 ], [ -51.172326599999963, -30.017072899999963 ], [ -51.172292653532431, -30.017017777402675 ] ], [ [ -51.168069099999968, -30.020378499999929 ], [ -51.167197, -30.020957099999961 ], [ -51.169139399999949, -30.01964119999996 ], [ -51.168069099999968, -30.020378499999929 ] ], [ [ -51.170328024151239, -30.016954899065617 ], [ -51.170240699999965, -30.01694149999997 ], [ -51.169524699999961, -30.01671029999995 ], [ -51.168744199999935, -30.016442199999958 ], [ -51.170328024151239, -30.016954899065617 ] ], [ [ -51.168503499999986, -30.016313599999933 ], [ -51.168427470926389, -30.016257789830036 ], [ -51.168744199999935, -30.016442199999958 ], [ -51.168503499999986, -30.016313599999933 ] ], [ [ -51.169731799999965, -30.00859759999997 ], [ -51.169497399999955, -30.008604699999964 ], [ -51.17001769999996, -30.008556299999949 ], [ -51.169731799999965, -30.00859759999997 ] ], [ [ -51.169276386615778, -30.014556863358425 ], [ -51.169276351448723, -30.014556911167041 ], [ -51.168526773030628, -30.013840146163702 ], [ -51.168554899999947, -30.013850699999978 ], [ -51.169276386615778, -30.014556863358425 ] ], [ [ -51.167822897077393, -30.01358957181758 ], [ -51.167876899999953, -30.013596299999961 ], [ -51.167922401272129, -30.013613373043679 ], [ -51.167822897077393, -30.01358957181758 ] ], [ [ -51.169016699999986, -30.014909899999967 ], [ -51.168973147752588, -30.014938064304395 ], [ -51.169214353036274, -30.014641196262929 ], [ -51.169016699999986, -30.014909899999967 ] ], [ [ -51.166992, -30.011839899999977 ], [ -51.168083223779803, -30.01189437938806 ], [ -51.1679013, -30.011901899999931 ], [ -51.166992, -30.011839899999977 ] ] ], [ [ [ -51.181781499999943, -30.011531799999947 ], [ -51.181856799999935, -30.008577199999927 ], [ -51.180736, -30.008662599999965 ], [ -51.180614799999944, -30.011522799999963 ], [ -51.181781499999943, -30.011531799999947 ] ] ] ] } },
{ "type": "Feature", "properties": { "ltla_code": "Passo das Pedras", "ltla_name": "Passo das Pedras" }, "geometry": { "type": "Polygon", "coordinates": [ [ [ -51.130667699999954, -30.032380499999931 ], [ -51.133207399999947, -30.032314099999944 ], [ -51.134214399999962, -30.031915399999939 ], [ -51.134694899999943, -30.03171489999994 ], [ -51.132948799999951, -30.029915499999962 ], [ -51.13166119999994, -30.026803699999952 ], [ -51.13149089999996, -30.024110799999946 ], [ -51.131238899999971, -30.017912099999926 ], [ -51.131166499999949, -30.016694199999947 ], [ -51.131057399999975, -30.014976399999963 ], [ -51.130815899999959, -30.011246099999926 ], [ -51.130037, -30.011522499999948 ], [ -51.129527399999972, -30.011603 ], [ -51.127095599999961, -30.011605699999947 ], [ -51.125172, -30.012315899999972 ], [ -51.124551, -30.012497399999969 ], [ -51.124070899999936, -30.01274629999995 ], [ -51.123005699999965, -30.01379169999996 ], [ -51.122659799999951, -30.014016099999928 ], [ -51.120863399999962, -30.014697 ], [ -51.119153399999959, -30.014987699999935 ], [ -51.11933769999996, -30.016798 ], [ -51.119461099999967, -30.017975099999944 ], [ -51.119665599999962, -30.019763599999976 ], [ -51.119837, -30.021711499999984 ], [ -51.11986, -30.02195069999993 ], [ -51.119993099999931, -30.023244499999976 ], [ -51.120155399999931, -30.026002799999951 ], [ -51.12020739999997, -30.026807699999949 ], [ -51.120847399999946, -30.030122399999975 ], [ -51.125673899999981, -30.030436599999977 ], [ -51.126717799999938, -30.030752599999975 ], [ -51.129475299999967, -30.032026199999954 ], [ -51.130667699999954, -30.032380499999931 ] ], [ [ -51.122387199999935, -30.026033699999971 ], [ -51.120934699999964, -30.026013599999942 ], [ -51.120155399999931, -30.026002799999951 ], [ -51.122387199999935, -30.026033699999971 ] ], [ [ -51.127463499999976, -30.016947099999978 ], [ -51.127478399999973, -30.017220899999977 ], [ -51.127440425705601, -30.016672685463053 ], [ -51.127463499999976, -30.016947099999978 ] ], [ [ -51.12563739999996, -30.019438299999937 ], [ -51.125605299999961, -30.019369199999971 ], [ -51.125587083815972, -30.019059766323807 ], [ -51.12563739999996, -30.019438299999937 ] ], [ [ -51.126433058539341, -30.02138813492288 ], [ -51.126414499999953, -30.021214399999948 ], [ -51.126307699999984, -30.020011099999973 ], [ -51.126301699999942, -30.019733199999962 ], [ -51.126433058539341, -30.02138813492288 ] ], [ [ -51.12663975037551, -30.023503504281205 ], [ -51.125543904686459, -30.023393046939752 ], [ -51.126535099999955, -30.023490699999964 ], [ -51.12663975037551, -30.023503504281205 ] ], [ [ -51.129404631717165, -30.023466822698673 ], [ -51.130105699999952, -30.023293 ], [ -51.12940569999995, -30.023466599999949 ], [ -51.129404631717165, -30.023466822698673 ] ], [ [ -51.128318518879212, -30.021713397179521 ], [ -51.128519899999958, -30.021951 ], [ -51.128319099999942, -30.021720699999932 ], [ -51.128318518879212, -30.021713397179521 ] ], [ [ -51.129213887076887, -30.019597090260394 ], [ -51.12933929999997, -30.020979799999957 ], [ -51.129199099999937, -30.019599299999982 ], [ -51.128944, -30.019637399999965 ], [ -51.129213887076887, -30.019597090260394 ] ], [ [ -51.128299838287106, -30.021478642157152 ], [ -51.128297854677008, -30.021453714551576 ], [ -51.128463499999953, -30.021379499999963 ], [ -51.128299838287106, -30.021478642157152 ] ] ] } },
{ "type": "Feature", "properties": { "ltla_code": "Pedra Redonda", "ltla_name": "Pedra Redonda" }, "geometry": { "type": "Polygon", "coordinates": [ [ [ -51.252326799999935, -30.122743299999971 ], [ -51.251619799999958, -30.122891499999973 ], [ -51.250131, -30.122794199999927 ], [ -51.249598624647525, -30.122896574498768 ], [ -51.249867599999966, -30.122833299999972 ], [ -51.249620799999946, -30.121250399999951 ], [ -51.249516899999946, -30.121339099999947 ], [ -51.248573699999952, -30.121520499999967 ], [ -51.245303899999954, -30.122756299999928 ], [ -51.244261399999971, -30.123339699999967 ], [ -51.241940599999964, -30.12475959999994 ], [ -51.241104599999971, -30.124590599999976 ], [ -51.240201699999943, -30.12642679999993 ], [ -51.242481299999952, -30.127220099999924 ], [ -51.238198699999941, -30.130487299999963 ], [ -51.24086049999994, -30.132112299999964 ], [ -51.241426, -30.131997 ], [ -51.241622399999983, -30.132065699999927 ], [ -51.241735, -30.132222399999925 ], [ -51.242084099999943, -30.132381499999955 ], [ -51.242601499999978, -30.132391499999969 ], [ -51.24322959999995, -30.132216099999933 ], [ -51.243767399999967, -30.132161599999954 ], [ -51.244712299999946, -30.131428599999929 ], [ -51.244904299999973, -30.131339799999989 ], [ -51.245154399999933, -30.131015 ], [ -51.245149199999958, -30.130820799999984 ], [ -51.24487629999993, -30.130411 ], [ -51.244947399999944, -30.130086499999944 ], [ -51.24526149999997, -30.129801399999952 ], [ -51.245717599999978, -30.129739199999953 ], [ -51.245793499999934, -30.129653399999938 ], [ -51.245823, -30.129554599999949 ], [ -51.245784299999968, -30.129353499999979 ], [ -51.245490199999949, -30.129147299999943 ], [ -51.245461399999954, -30.128802499999942 ], [ -51.245361099999968, -30.128700199999972 ], [ -51.245133099999975, -30.128664399999934 ], [ -51.244795899999986, -30.128204699999966 ], [ -51.244836, -30.127694899999931 ], [ -51.245067699999936, -30.127045699999925 ], [ -51.245427599999971, -30.126674599999941 ], [ -51.245857899999976, -30.12590479999994 ], [ -51.246277799999973, -30.125529099999937 ], [ -51.246766599999944, -30.125296599999963 ], [ -51.247365299999956, -30.125110599999978 ], [ -51.247783699999957, -30.124893499999931 ], [ -51.250686199999961, -30.12424929999997 ], [ -51.253677599999946, -30.12388089999995 ], [ -51.25488809999996, -30.123823699999946 ], [ -51.256473599999936, -30.12357269999994 ], [ -51.256771199999946, -30.123647 ], [ -51.257018899999935, -30.123641499999962 ], [ -51.257211299999938, -30.123494099999956 ], [ -51.257769099999962, -30.12351 ], [ -51.258241599999963, -30.123432 ], [ -51.25880079999996, -30.123418199999939 ], [ -51.259218, -30.123461599999921 ], [ -51.259615099999962, -30.123360599999941 ], [ -51.2597507, -30.123250899999942 ], [ -51.256724899999938, -30.122283 ], [ -51.255975199999966, -30.12245049999996 ], [ -51.252775699999972, -30.122750599999954 ], [ -51.252326799999935, -30.122743299999971 ] ], [ [ -51.248128106523552, -30.123306337793981 ], [ -51.248493699999983, -30.123156499999926 ], [ -51.248738113284986, -30.123099003549164 ], [ -51.248128106523552, -30.123306337793981 ] ] ] } },
{ "type": "Feature", "properties": { "ltla_code": "Petrópolis", "ltla_name": "Petrópolis" }, "geometry": { "type": "MultiPolygon", "coordinates": [ [ [ [ -51.19564749999995, -30.049641599999969 ], [ -51.196504699999934, -30.04844219999995 ], [ -51.197829499999955, -30.046570399999947 ], [ -51.197331299999973, -30.046307799999962 ], [ -51.196607699999959, -30.043212499999974 ], [ -51.196263499999986, -30.041790699999986 ], [ -51.195907, -30.040295199999949 ], [ -51.19587869999998, -30.038950499999935 ], [ -51.195216899999934, -30.038670199999949 ], [ -51.194840399999975, -30.038564399999977 ], [ -51.194452099999978, -30.038514199999948 ], [ -51.193952, -30.038534799999976 ], [ -51.191908699999942, -30.038496399999929 ], [ -51.190155399999981, -30.03842879999997 ], [ -51.189337899999941, -30.03824439999994 ], [ -51.187771399999981, -30.037538299999937 ], [ -51.185621, -30.035391399999973 ], [ -51.185231, -30.03465419999997 ], [ -51.183258599999931, -30.030751499999944 ], [ -51.182908199999986, -30.030351299999953 ], [ -51.182591899999984, -30.030096499999956 ], [ -51.182110399999942, -30.029824699999946 ], [ -51.180906799999946, -30.029485 ], [ -51.179938599999957, -30.031689799999977 ], [ -51.179804099999956, -30.031912 ], [ -51.18029729999995, -30.032641899999923 ], [ -51.182825, -30.036521099999959 ], [ -51.181068099999948, -30.037378899999958 ], [ -51.180526499999985, -30.036562599999957 ], [ -51.178581599999973, -30.033497799999957 ], [ -51.177249, -30.035203 ], [ -51.176499899999961, -30.035846599999957 ], [ -51.174872499999935, -30.036765099999958 ], [ -51.174511099999961, -30.037088199999978 ], [ -51.174126699999931, -30.037636899999935 ], [ -51.173781199999951, -30.038598899999954 ], [ -51.173150099999987, -30.038857099999966 ], [ -51.171708899999942, -30.039701 ], [ -51.17239189999998, -30.047148199999977 ], [ -51.17248, -30.047594899999972 ], [ -51.178534799999966, -30.047714699999961 ], [ -51.178299399999958, -30.047280499999928 ], [ -51.177076799999952, -30.045033299999936 ], [ -51.178321799999935, -30.047316099999922 ], [ -51.178898099999969, -30.047200099999944 ], [ -51.178982499999961, -30.047085299999917 ], [ -51.178899925793544, -30.046730341836781 ], [ -51.178968599999962, -30.046976299999972 ], [ -51.179899899999953, -30.046889199999946 ], [ -51.18030859999994, -30.046703299999933 ], [ -51.18069909999997, -30.046693399999977 ], [ -51.181504799999971, -30.046756799999962 ], [ -51.182561699999951, -30.046691799999966 ], [ -51.183649699999933, -30.046496799999932 ], [ -51.183634299999937, -30.0474 ], [ -51.184380930168565, -30.047240370729849 ], [ -51.184151499999984, -30.047292499999958 ], [ -51.184963099999948, -30.050521799999956 ], [ -51.185572899999954, -30.050341299999943 ], [ -51.186625799999945, -30.050031499999928 ], [ -51.187682499999937, -30.049717399999956 ], [ -51.18967089999996, -30.049075799999972 ], [ -51.190043899999985, -30.048973499999924 ], [ -51.19046579999997, -30.049986099999956 ], [ -51.190869499999962, -30.049886799999964 ], [ -51.191103899999973, -30.049879299999915 ], [ -51.191497899999952, -30.049961099999951 ], [ -51.191833499999973, -30.049966199999965 ], [ -51.193487907626526, -30.049697413615011 ], [ -51.193653199999972, -30.050437399999957 ], [ -51.194636, -30.050260899999959 ], [ -51.194116299999962, -30.048038 ], [ -51.194026299999962, -30.047651399999946 ], [ -51.194792099999972, -30.050902799999964 ], [ -51.19564749999995, -30.049641599999969 ] ], [ [ -51.184776699999986, -30.037700599999933 ], [ -51.184444199999973, -30.038521599999967 ], [ -51.184123499999941, -30.039346299999981 ], [ -51.185621, -30.035391399999973 ], [ -51.184776699999986, -30.037700599999933 ] ], [ [ -51.182569, -30.038880899999981 ], [ -51.183244399999978, -30.039080399999936 ], [ -51.184123499999941, -30.039346299999981 ], [ -51.182569, -30.038880899999981 ] ], [ [ -51.177831280546009, -30.03788878580357 ], [ -51.177831278459976, -30.037888782616427 ], [ -51.178705899999954, -30.037457299999978 ], [ -51.180526499999985, -30.036562599999957 ], [ -51.177831280546009, -30.03788878580357 ] ], [ [ -51.173349716818215, -30.040793928599829 ], [ -51.17339869999995, -30.040439899999964 ], [ -51.173781199999951, -30.038598899999954 ], [ -51.173349716818215, -30.040793928599829 ] ], [ [ -51.191900491350253, -30.039292406150878 ], [ -51.190916799999968, -30.039272799999932 ], [ -51.190030599999943, -30.039235099999921 ], [ -51.191900491869099, -30.039292355837592 ], [ -51.191900491350253, -30.039292406150878 ] ], [ [ -51.190161299999943, -30.040333 ], [ -51.190076144207232, -30.040300136929307 ], [ -51.190334533350814, -30.040343503311501 ], [ -51.190161299999943, -30.040333 ] ], [ [ -51.189794899999981, -30.040191599999961 ], [ -51.18952319999994, -30.040028 ], [ -51.189858852812797, -30.040216280479584 ], [ -51.189794899999981, -30.040191599999961 ] ], [ [ -51.190711843992858, -30.042547692504659 ], [ -51.190691, -30.042562299999929 ], [ -51.190667580323044, -30.042569518563852 ], [ -51.190711843992858, -30.042547692504659 ] ], [ [ -51.189085299999931, -30.046150299999969 ], [ -51.188242799999955, -30.043316899999972 ], [ -51.18866079999998, -30.044693499999941 ], [ -51.189085299999931, -30.046150299999969 ] ], [ [ -51.188975, -30.046175599999966 ], [ -51.18656569999996, -30.046727699999959 ], [ -51.189085299999931, -30.046150299999969 ], [ -51.188975, -30.046175599999966 ] ], [ [ -51.188212127980357, -30.043324973264294 ], [ -51.188318589022053, -30.043293539818581 ], [ -51.188242799999955, -30.043316899999972 ], [ -51.188212127980357, -30.043324973264294 ] ], [ [ -51.187378099999933, -30.043544499999939 ], [ -51.185666499999968, -30.043772099999966 ], [ -51.18540514484107, -30.043782646554234 ], [ -51.187525688348657, -30.043505652875893 ], [ -51.187378099999933, -30.043544499999939 ] ], [ [ -51.185317692842339, -30.043786175534702 ], [ -51.185776099999941, -30.042627299999932 ], [ -51.186111299999936, -30.041785699999934 ], [ -51.185317702507525, -30.043786175144678 ], [ -51.185317692842339, -30.043786175534702 ] ], [ [ -51.183490499999948, -30.041004299999937 ], [ -51.187149479978871, -30.042087620950184 ], [ -51.186111299999936, -30.041785699999934 ], [ -51.183490499999948, -30.041004299999937 ] ], [ [ -51.185168399999952, -30.04379219999992 ], [ -51.184885011521622, -30.043748292098638 ], [ -51.18525903894588, -30.043788542415481 ], [ -51.185168399999952, -30.04379219999992 ] ], [ [ -51.183809799999949, -30.04358169999994 ], [ -51.183798633465912, -30.043579254687696 ], [ -51.183831780475998, -30.043585105630889 ], [ -51.183809799999949, -30.04358169999994 ] ], [ [ -51.183757, -30.044901299999935 ], [ -51.183758099999977, -30.044390299999975 ], [ -51.183809799999949, -30.04358169999994 ], [ -51.183757, -30.044901299999935 ] ], [ [ -51.194457599999964, -30.040416 ], [ -51.19482279999994, -30.042025599999931 ], [ -51.195147099999986, -30.043472599999976 ], [ -51.194457599999964, -30.040416 ] ], [ [ -51.193183957491541, -30.04048842651099 ], [ -51.193184012104368, -30.040488423405396 ], [ -51.193942799999945, -30.043682599999947 ], [ -51.193580299999951, -30.042230299999964 ], [ -51.193183957491541, -30.04048842651099 ] ], [ [ -51.195404, -30.049481 ], [ -51.194900599999983, -30.047493899999942 ], [ -51.194399, -30.045525599999959 ], [ -51.193942799999945, -30.043682599999947 ], [ -51.195404, -30.049481 ] ], [ [ -51.191606399999955, -30.041596599999924 ], [ -51.191845, -30.042573099999956 ], [ -51.192173099999934, -30.043995099999957 ], [ -51.191606399999955, -30.041596599999924 ] ], [ [ -51.19109039999995, -30.042282399999976 ], [ -51.191880499999968, -30.041231 ], [ -51.191606399999955, -30.041596599999924 ], [ -51.19109039999995, -30.042282399999976 ] ], [ [ -51.190867338669378, -30.040898841242619 ], [ -51.190861599999948, -30.041087499999939 ], [ -51.190797433522313, -30.042487711259565 ], [ -51.190797399575196, -30.042487735049743 ], [ -51.190867338669378, -30.040898841242619 ] ], [ [ -51.194901899999934, -30.045601 ], [ -51.195565299999942, -30.048495199999937 ], [ -51.194520399999938, -30.044005099999932 ], [ -51.194901899999934, -30.045601 ] ], [ [ -51.192636362917625, -30.046039320378487 ], [ -51.19315679999994, -30.04821509999994 ], [ -51.193239985905819, -30.048587509425055 ], [ -51.193141099999934, -30.048152799999961 ], [ -51.192705099999962, -30.046346299999978 ], [ -51.192636362917625, -30.046039320378487 ] ], [ [ -51.18846397707086, -30.041297417481243 ], [ -51.188707099999931, -30.040676699999949 ], [ -51.189027238184352, -30.03987925416326 ], [ -51.189027290630747, -30.039879269892662 ], [ -51.18846397707086, -30.041297417481243 ] ], [ [ -51.182818199999986, -30.04268849999994 ], [ -51.182895156748778, -30.0424957132138 ], [ -51.182566699999938, -30.04336179999996 ], [ -51.182818199999986, -30.04268849999994 ] ], [ [ -51.18279312916868, -30.043401768135855 ], [ -51.181653199999971, -30.043261099999935 ], [ -51.182566699999938, -30.04336179999996 ], [ -51.18279312916868, -30.043401768135855 ] ], [ [ -51.1787518, -30.041114899999965 ], [ -51.179441, -30.041403499999941 ], [ -51.180093756669514, -30.041713566900313 ], [ -51.18009370899383, -30.041713590175572 ], [ -51.1787518, -30.041114899999965 ] ], [ [ -51.18002469999994, -30.04264669999997 ], [ -51.179239, -30.042219099999944 ], [ -51.178538, -30.041842399999943 ], [ -51.179153499999984, -30.042172599999958 ], [ -51.180864799999945, -30.04306959999996 ], [ -51.18002469999994, -30.04264669999997 ] ], [ [ -51.176250899999957, -30.042031599999966 ], [ -51.177608, -30.043166299999932 ], [ -51.177246, -30.042868499999933 ], [ -51.176250899999957, -30.042031599999966 ] ], [ [ -51.176019435442093, -30.044012082155746 ], [ -51.17609189999996, -30.044050199999955 ], [ -51.176628499999936, -30.044482 ], [ -51.176019435442093, -30.044012082155746 ] ], [ [ -51.183807199999933, -30.040170499999931 ], [ -51.182242499999973, -30.039722 ], [ -51.181104399999981, -30.039364799999927 ], [ -51.183807199999933, -30.040170499999931 ] ], [ [ -51.179343699999947, -30.040220399999946 ], [ -51.181219499999941, -30.039301499999961 ], [ -51.181104399999981, -30.039364799999927 ], [ -51.179343699999947, -30.040220399999946 ] ], [ [ -51.17606619999998, -30.039086699999935 ], [ -51.175710849211562, -30.038836381184321 ], [ -51.175862799999948, -30.038912699999972 ], [ -51.17606619999998, -30.039086699999935 ] ], [ [ -51.176922, -30.040349599999956 ], [ -51.177079097965482, -30.040311198275031 ], [ -51.177079097965482, -30.040311198275035 ], [ -51.176922, -30.040349599999956 ] ], [ [ -51.176033, -30.040217099999946 ], [ -51.174513699999977, -30.039970499999981 ], [ -51.176922, -30.040349599999956 ], [ -51.176033, -30.040217099999946 ] ] ], [ [ [ -51.184151499999984, -30.047292499999958 ], [ -51.183547299999987, -30.047420099999957 ], [ -51.183313099999964, -30.047535299999943 ], [ -51.183055499999966, -30.048235699999967 ], [ -51.183034799999973, -30.048414699999963 ], [ -51.183201299999951, -30.04870859999993 ], [ -51.183388399999956, -30.048979 ], [ -51.183835, -30.049454299999972 ], [ -51.184523899999931, -30.050672399999932 ], [ -51.184697899999946, -30.050613099999961 ], [ -51.184963099999948, -30.050521799999956 ], [ -51.184376, -30.048207099999949 ], [ -51.184151499999984, -30.047292499999958 ] ], [ [ -51.184093399999938, -30.048265499999957 ], [ -51.183759799999962, -30.048328899999948 ], [ -51.184376, -30.048207099999949 ], [ -51.184093399999938, -30.048265499999957 ] ] ], [ [ [ -51.178581599999973, -30.033497799999957 ], [ -51.181068099999948, -30.037378899999958 ], [ -51.181948799999986, -30.036934299999928 ], [ -51.182825, -30.036521099999959 ], [ -51.179804099999956, -30.031912 ], [ -51.179180299999985, -30.032725 ], [ -51.178581599999973, -30.033497799999957 ] ] ] ] } },
{ "type": "Feature", "properties": { "ltla_code": "Pitinga", "ltla_name": "Pitinga" }, "geometry": { "type": "Polygon", "coordinates": [ [ [ -51.125367299999937, -30.142705799999923 ], [ -51.125874599999975, -30.142588799999945 ], [ -51.126237899999978, -30.140998499999963 ], [ -51.126949199999956, -30.139913199999967 ], [ -51.127111899999932, -30.139589099999966 ], [ -51.12733819999994, -30.13822679999998 ], [ -51.127497, -30.138026899999932 ], [ -51.128957899999932, -30.136851099999941 ], [ -51.128811299999946, -30.136316299999976 ], [ -51.128430799999933, -30.135690099999987 ], [ -51.127845599999944, -30.135468 ], [ -51.127395199999967, -30.135590699999973 ], [ -51.126966799999934, -30.135866499999956 ], [ -51.126812699999959, -30.136054499999947 ], [ -51.126639299999965, -30.136091 ], [ -51.126363699999956, -30.136042199999956 ], [ -51.125457599999947, -30.136022599999922 ], [ -51.124869799999942, -30.136192799999932 ], [ -51.124455299999966, -30.136561 ], [ -51.123365, -30.137997199999965 ], [ -51.123061599999971, -30.137845499999962 ], [ -51.122769, -30.137823899999944 ], [ -51.122509, -30.13797559999994 ], [ -51.122140599999973, -30.138474 ], [ -51.12103529999996, -30.138679899999936 ], [ -51.120266, -30.13907 ], [ -51.119984299999942, -30.140034399999937 ], [ -51.11954, -30.14009939999994 ], [ -51.11939909999996, -30.139947699999922 ], [ -51.118911499999967, -30.139796 ], [ -51.118348099999935, -30.140001899999966 ], [ -51.118033599999933, -30.14002709999993 ], [ -51.118032299999982, -30.140211 ], [ -51.118029799999931, -30.139931499999928 ], [ -51.117991299999971, -30.139872799999974 ], [ -51.117339099999981, -30.140106599999957 ], [ -51.116909799999974, -30.139992799999952 ], [ -51.11648919999994, -30.139738699999949 ], [ -51.116138799999931, -30.13989639999993 ], [ -51.11595479999994, -30.140273099999941 ], [ -51.115166299999942, -30.140448299999942 ], [ -51.114824699999986, -30.140430799999937 ], [ -51.114395399999978, -30.14056219999997 ], [ -51.113466699999947, -30.140413299999974 ], [ -51.113221399999986, -30.140325699999941 ], [ -51.113028699999973, -30.140132899999962 ], [ -51.112581899999952, -30.139992799999952 ], [ -51.112301499999951, -30.140089099999951 ], [ -51.111898499999938, -30.140360699999967 ], [ -51.111583099999962, -30.140413299999967 ], [ -51.11137279999997, -30.140413299999967 ], [ -51.110742, -30.140176699999984 ], [ -51.110304, -30.140579699999922 ], [ -51.110051489328185, -30.140723488575265 ], [ -51.108750399999963, -30.139330599999933 ], [ -51.107691199999977, -30.138953899999933 ], [ -51.106633099999954, -30.137233 ], [ -51.105213899999967, -30.136339399999933 ], [ -51.104785799999952, -30.134907699999932 ], [ -51.104574699999944, -30.134471399999931 ], [ -51.104314399999964, -30.134309599999941 ], [ -51.104054, -30.134232199999932 ], [ -51.103871099999935, -30.134070299999962 ], [ -51.103835899999979, -30.133634099999924 ], [ -51.103638899999964, -30.133500399999939 ], [ -51.103645899999947, -30.133148499999933 ], [ -51.103533299999981, -30.133035899999982 ], [ -51.103294099999971, -30.133021899999971 ], [ -51.102952799999969, -30.132772099999951 ], [ -51.102340599999934, -30.133231599999942 ], [ -51.098294899999985, -30.13681669999993 ], [ -51.09857168690916, -30.136982993302819 ], [ -51.098522599999967, -30.136963499999972 ], [ -51.097657799999979, -30.136410099999964 ], [ -51.097656299999983, -30.136503899999973 ], [ -51.098060099999941, -30.137137399999972 ], [ -51.097334, -30.13807109999993 ], [ -51.096974599999953, -30.138756499999939 ], [ -51.096483399999954, -30.140948199999961 ], [ -51.096590099999958, -30.141472599999926 ], [ -51.096369699999968, -30.142350399999934 ], [ -51.095674699999961, -30.143675599999934 ], [ -51.095552399999974, -30.144207899999969 ], [ -51.095586, -30.144404299999955 ], [ -51.096227899999974, -30.145737099999955 ], [ -51.096686699999964, -30.147554299999967 ], [ -51.096656699999983, -30.147795499999969 ], [ -51.096172399999944, -30.148571499999946 ], [ -51.096156599999972, -30.148863399999982 ], [ -51.096264, -30.149812499999936 ], [ -51.096799017170341, -30.150115679676638 ], [ -51.096543499999939, -30.150323799999963 ], [ -51.095726799999966, -30.151303499999973 ], [ -51.095499399999937, -30.151690799999987 ], [ -51.095264499999985, -30.151913699999962 ], [ -51.093920599999933, -30.152887599999929 ], [ -51.093648599999938, -30.15323839999996 ], [ -51.093391099999963, -30.153397599999948 ], [ -51.093196, -30.153429899999935 ], [ -51.092868299999964, -30.153226599999982 ], [ -51.088422099999946, -30.175437199999969 ], [ -51.113836499999934, -30.162013699999925 ], [ -51.117085299999985, -30.156918899999933 ], [ -51.122246, -30.148255799999955 ], [ -51.122395, -30.146939 ], [ -51.123035899999934, -30.145369599999977 ], [ -51.123849, -30.14571479999994 ], [ -51.125367299999937, -30.142705799999923 ] ], [ [ -51.116848399999981, -30.142222 ], [ -51.117264399999954, -30.14257009999994 ], [ -51.116655099999946, -30.14206409999996 ], [ -51.116643717455268, -30.142022133515134 ], [ -51.116848399999981, -30.142222 ] ], [ [ -51.117880899999932, -30.14358669999995 ], [ -51.118609450085856, -30.143739216373614 ], [ -51.11692133374784, -30.143399704347825 ], [ -51.117007899999976, -30.143411899999922 ], [ -51.117880899999932, -30.14358669999995 ] ], [ [ -51.116441478965747, -30.143360304856742 ], [ -51.116516, -30.143342599999986 ], [ -51.116608815740342, -30.143355676094323 ], [ -51.116441478965747, -30.143360304856742 ] ], [ [ -51.115971072544852, -30.143517940127712 ], [ -51.116089199999976, -30.143444 ], [ -51.116213221363211, -30.143414534755731 ], [ -51.115971072544852, -30.143517940127712 ] ], [ [ -51.115679196236485, -30.143733227122411 ], [ -51.115848599999936, -30.143594599999968 ], [ -51.115870715338644, -30.143580757231849 ], [ -51.115679196236485, -30.143733227122411 ] ], [ [ -51.114439699999934, -30.14472 ], [ -51.114371871975187, -30.144754140302524 ], [ -51.114491453769261, -30.144678798409846 ], [ -51.114439699999934, -30.14472 ] ], [ [ -51.122265399999947, -30.143182199999966 ], [ -51.124169, -30.143132199999979 ], [ -51.121804057717036, -30.1432135590698 ], [ -51.122265399999947, -30.143182199999966 ] ], [ [ -51.121010499999954, -30.143267499999972 ], [ -51.121290051852775, -30.143248497869884 ], [ -51.120684599999947, -30.143326 ], [ -51.121010499999954, -30.143267499999972 ] ], [ [ -51.118638861726041, -30.143745131609027 ], [ -51.119244, -30.14380709999994 ], [ -51.118871899999931, -30.143792 ], [ -51.118638861726041, -30.143745131609027 ] ], [ [ -51.11333332598177, -30.145194476642292 ], [ -51.114245777859452, -30.144817608039926 ], [ -51.114095, -30.144893499999963 ], [ -51.11333332598177, -30.145194476642292 ] ], [ [ -51.111317500201423, -30.145947548882596 ], [ -51.111653303086598, -30.145858340234785 ], [ -51.111455, -30.145936699999922 ], [ -51.111317500201423, -30.145947548882596 ] ], [ [ -51.108885199999975, -30.146079899999954 ], [ -51.108827329181018, -30.14604341088879 ], [ -51.10912248213242, -30.146120738179956 ], [ -51.10906719999997, -30.146125099999939 ], [ -51.108885199999975, -30.146079899999954 ] ], [ [ -51.107382799999982, -30.144527599999943 ], [ -51.108757814407568, -30.145999579950477 ], [ -51.108720099999971, -30.14597579999996 ], [ -51.107382799999982, -30.144527599999943 ] ], [ [ -51.106373766608669, -30.144094339784989 ], [ -51.107152499999984, -30.144396099999938 ], [ -51.106466599999976, -30.144136299999943 ], [ -51.106373766608669, -30.144094339784989 ] ], [ [ -51.1057297, -30.143696699999971 ], [ -51.106159337015143, -30.143997418712633 ], [ -51.106078099999934, -30.143960699999976 ], [ -51.1057297, -30.143696699999971 ] ], [ [ -51.103095099999962, -30.140709599999973 ], [ -51.103058743749976, -30.140655526478863 ], [ -51.104871099999968, -30.14223909999998 ], [ -51.105024799999967, -30.142418899999925 ], [ -51.104354, -30.141805899999937 ], [ -51.103095099999962, -30.140709599999973 ] ], [ [ -51.101398554967297, -30.137823576838414 ], [ -51.101410599999952, -30.137838499999923 ], [ -51.102612446539979, -30.13999173795245 ], [ -51.102598099999966, -30.139970399999978 ], [ -51.101398554967297, -30.137823576838414 ] ], [ [ -51.099600899999984, -30.150704899999941 ], [ -51.099361199999976, -30.150158899999944 ], [ -51.099480199999959, -30.150364699999955 ], [ -51.099600899999984, -30.150704899999941 ] ], [ [ -51.097763880787078, -30.149613761381264 ], [ -51.097479299999975, -30.149624899999928 ], [ -51.097686599999975, -30.149597599999929 ], [ -51.097763880787078, -30.149613761381264 ] ], [ [ -51.101182838116948, -30.13758404177263 ], [ -51.101220599999976, -30.137603099999982 ], [ -51.101273194537399, -30.137668261863709 ], [ -51.101182838116948, -30.13758404177263 ] ] ] } },
{ "type": "Feature", "properties": { "ltla_code": "Ponta Grossa", "ltla_name": "Ponta Grossa" }, "geometry": { "type": "Polygon", "coordinates": [ [ [ -51.191926699999954, -30.19125619999993 ], [ -51.194334499999968, -30.192877799999959 ], [ -51.194401499999969, -30.19295969999996 ], [ -51.194269899999938, -30.193448899999954 ], [ -51.194269899999938, -30.193575599999967 ], [ -51.194334499999968, -30.193674899999959 ], [ -51.196378099999947, -30.194675599999986 ], [ -51.196651299999985, -30.194881699999932 ], [ -51.196763, -30.195082899999942 ], [ -51.196940599999948, -30.195185899999952 ], [ -51.197139199999981, -30.195456599999936 ], [ -51.197269099999971, -30.195491199999939 ], [ -51.197960399999943, -30.194680699999928 ], [ -51.198716299999944, -30.194032699999973 ], [ -51.199089599999979, -30.193605699999971 ], [ -51.199747799999955, -30.193070899999949 ], [ -51.200766899999962, -30.192602899999944 ], [ -51.201778, -30.19205479999993 ], [ -51.204350399999953, -30.191110199999976 ], [ -51.205071499999974, -30.191042199999966 ], [ -51.205670399999974, -30.190747699999974 ], [ -51.206258299999945, -30.190620599999924 ], [ -51.20669479999998, -30.190409899999956 ], [ -51.207033, -30.190511499999953 ], [ -51.207270299999948, -30.190742299999954 ], [ -51.207520599999953, -30.190568499999976 ], [ -51.207925699999976, -30.190564 ], [ -51.208092099999931, -30.190427599999957 ], [ -51.208361899999943, -30.190481 ], [ -51.208919099999946, -30.190387399999963 ], [ -51.209646699999958, -30.190445 ], [ -51.209844799999985, -30.190299799999931 ], [ -51.210163299999977, -30.190244399999976 ], [ -51.210483499999953, -30.190267 ], [ -51.210645599999964, -30.190404499999943 ], [ -51.211030899999969, -30.190414099999934 ], [ -51.211677099999974, -30.190315299999945 ], [ -51.21274829999993, -30.19026019999994 ], [ -51.213746, -30.190055699999952 ], [ -51.214075099999945, -30.190063599999974 ], [ -51.214468099999976, -30.190202399999968 ], [ -51.214693599999976, -30.190195499999945 ], [ -51.214829699999939, -30.190043599999953 ], [ -51.215244599999949, -30.189968799999974 ], [ -51.215345299999967, -30.189839399999975 ], [ -51.215690799999955, -30.189778499999932 ], [ -51.216165, -30.189909299999965 ], [ -51.216275499999938, -30.189878599999929 ], [ -51.21651559999998, -30.189680399999926 ], [ -51.216648, -30.189670599999936 ], [ -51.21680379999998, -30.189529 ], [ -51.21687419999995, -30.189529199999985 ], [ -51.216992499999947, -30.189645699999971 ], [ -51.217241399999978, -30.189668099999942 ], [ -51.217284099999972, -30.189633199999943 ], [ -51.217370499999959, -30.189235199999921 ], [ -51.217447399999969, -30.18916849999993 ], [ -51.218887199999983, -30.189110499999966 ], [ -51.219203199999981, -30.189008099999974 ], [ -51.219409799999937, -30.188831399999966 ], [ -51.21992819999997, -30.188673 ], [ -51.220250599999986, -30.188722899999945 ], [ -51.221082899999942, -30.188158899999955 ], [ -51.221384399999977, -30.188076899999928 ], [ -51.221677599999964, -30.188061699999917 ], [ -51.221942699999943, -30.188155499999933 ], [ -51.222355399999969, -30.188124399999939 ], [ -51.222606799999937, -30.187904299999943 ], [ -51.222962699999982, -30.187867899999954 ], [ -51.22476, -30.187913399999957 ], [ -51.225077499999948, -30.187821 ], [ -51.226248699999985, -30.187957899999954 ], [ -51.226611899999966, -30.18783529999995 ], [ -51.227172499999938, -30.188001599999943 ], [ -51.227588899999951, -30.187979299999938 ], [ -51.227958199999932, -30.188097899999956 ], [ -51.228330599999936, -30.188081099999984 ], [ -51.228721, -30.188171599999972 ], [ -51.229136, -30.18815619999998 ], [ -51.229553099999976, -30.188415499999948 ], [ -51.230114599999979, -30.188658699999959 ], [ -51.230777099999955, -30.188890399999934 ], [ -51.231385599999953, -30.189040299999924 ], [ -51.233716199999954, -30.189143199999926 ], [ -51.234008499999959, -30.189232299999944 ], [ -51.234939199999985, -30.189242399999959 ], [ -51.235525199999984, -30.18933359999993 ], [ -51.236031, -30.189449 ], [ -51.236482799999976, -30.189620199999968 ], [ -51.236926799999935, -30.1896 ], [ -51.23727729999996, -30.189760799999924 ], [ -51.237627499999974, -30.189716399999948 ], [ -51.23806129999997, -30.189808699999951 ], [ -51.239052099999981, -30.190299499999981 ], [ -51.239534299999946, -30.190370699999956 ], [ -51.239825099999962, -30.190250799999934 ], [ -51.240143899999964, -30.190249899999959 ], [ -51.240733499999983, -30.18996409999993 ], [ -51.241058199999941, -30.189857399999948 ], [ -51.241402899999969, -30.189693199999958 ], [ -51.241863099999932, -30.189742799999973 ], [ -51.242766499999959, -30.189330099999943 ], [ -51.243132, -30.189002599999984 ], [ -51.243425299999956, -30.1889925 ], [ -51.243862699999973, -30.188635 ], [ -51.244623099999956, -30.18844049999996 ], [ -51.244937199999981, -30.188167499999967 ], [ -51.245515599999976, -30.187944 ], [ -51.246168699999942, -30.187833 ], [ -51.246923599999946, -30.187345699999977 ], [ -51.247319399999981, -30.187186099999963 ], [ -51.248016399999983, -30.186680199999952 ], [ -51.248359, -30.18664379999996 ], [ -51.248626599999966, -30.186504099999972 ], [ -51.248894399999983, -30.185694499999954 ], [ -51.248875399999974, -30.185589699999973 ], [ -51.248526199999965, -30.185385099999955 ], [ -51.248303899999939, -30.185083 ], [ -51.248001499999987, -30.184964799999928 ], [ -51.247765199999947, -30.184768299999966 ], [ -51.246686099999977, -30.184428599999926 ], [ -51.246132499999931, -30.183653499999931 ], [ -51.245768399999974, -30.183521699999968 ], [ -51.24555, -30.183223899999962 ], [ -51.245262, -30.18295309999997 ], [ -51.244768799999974, -30.182833199999944 ], [ -51.244384, -30.182647599999932 ], [ -51.243895399999985, -30.18214509999995 ], [ -51.243146699999954, -30.182047299999965 ], [ -51.242628799999977, -30.182092899999919 ], [ -51.241902499999988, -30.181636399999938 ], [ -51.241740899999968, -30.181630099999943 ], [ -51.241281099999981, -30.181901399999958 ], [ -51.240786199999945, -30.181882399999946 ], [ -51.240292699999941, -30.182073199999934 ], [ -51.239554199999986, -30.18265719999993 ], [ -51.238667699999951, -30.182985 ], [ -51.237539499999968, -30.183316499999925 ], [ -51.236293899999964, -30.183374299999958 ], [ -51.235434099999964, -30.183044199999969 ], [ -51.234980199999939, -30.182923799999962 ], [ -51.233526599999948, -30.182746499999951 ], [ -51.233306, -30.182877 ], [ -51.233159799999953, -30.182883699999927 ], [ -51.232737399999962, -30.182721399999931 ], [ -51.231387799999936, -30.181245899999972 ], [ -51.231166199999961, -30.180696299999958 ], [ -51.230812899999933, -30.180529499999981 ], [ -51.228610299999957, -30.17775939999996 ], [ -51.228181, -30.177670799999916 ], [ -51.227888399999983, -30.177483599999952 ], [ -51.227827899999966, -30.177356099999937 ], [ -51.227879099999939, -30.177187499999945 ], [ -51.227789599999937, -30.177079099999947 ], [ -51.227437, -30.177108099999934 ], [ -51.226958199999956, -30.176994 ], [ -51.22666449999997, -30.176924 ], [ -51.22662269999995, -30.176741799999931 ], [ -51.226709899999946, -30.176582899999957 ], [ -51.226509299999975, -30.176436599999928 ], [ -51.226081, -30.175763199999945 ], [ -51.225498899999934, -30.175378699999953 ], [ -51.224854599999958, -30.174763399999957 ], [ -51.224370499999964, -30.174632599999924 ], [ -51.223190299999942, -30.17464949999993 ], [ -51.22267769999997, -30.174074499999954 ], [ -51.22243229999998, -30.173989699999925 ], [ -51.222266099999956, -30.174003299999981 ], [ -51.221830099999977, -30.174157399999952 ], [ -51.221574299999986, -30.17413659999994 ], [ -51.221446399999934, -30.174078299999955 ], [ -51.220684299999959, -30.173465699999944 ], [ -51.220505599999967, -30.173419899999931 ], [ -51.220186299999966, -30.173444099999976 ], [ -51.220048399999939, -30.17338889999996 ], [ -51.21983419999998, -30.17294429999998 ], [ -51.219652099999962, -30.172845699999975 ], [ -51.219128, -30.172770299999961 ], [ -51.218608899999936, -30.172890399999968 ], [ -51.218075399999975, -30.172827399999953 ], [ -51.217865899999936, -30.172865399999964 ], [ -51.217439899999931, -30.173089099999974 ], [ -51.217117499999972, -30.173425899999987 ], [ -51.215074199999947, -30.174472899999955 ], [ -51.213958299999945, -30.174966199999968 ], [ -51.212781199999938, -30.175228599999958 ], [ -51.208661099999972, -30.175887799999941 ], [ -51.207207699999977, -30.176037 ], [ -51.206774799999948, -30.176006699999959 ], [ -51.206345799999951, -30.175911199999973 ], [ -51.205978499999958, -30.175739799999967 ], [ -51.205598, -30.175352099999927 ], [ -51.205329099999972, -30.174955599999976 ], [ -51.204825699999958, -30.173983199999942 ], [ -51.204336399999931, -30.173299699999969 ], [ -51.202671199999941, -30.171611499999987 ], [ -51.202004299999942, -30.171299799999922 ], [ -51.201707699999986, -30.171253599999943 ], [ -51.201031299999954, -30.171282299999962 ], [ -51.194648599999937, -30.17223059999997 ], [ -51.193813099999943, -30.172285399999961 ], [ -51.193035499999951, -30.172451499999962 ], [ -51.191953699999942, -30.172399599999945 ], [ -51.190853699999941, -30.172162099999973 ], [ -51.18897769999996, -30.171407199999969 ], [ -51.183861699999966, -30.169485099999971 ], [ -51.183194699999945, -30.169385599999934 ], [ -51.182598, -30.169369 ], [ -51.181054199999949, -30.169564399999945 ], [ -51.180640899999958, -30.169518 ], [ -51.180028299999947, -30.171120299999977 ], [ -51.179754299999956, -30.171487199999941 ], [ -51.179087899999956, -30.17216709999996 ], [ -51.177588199999946, -30.17367 ], [ -51.176764299999945, -30.174495699999959 ], [ -51.17651909999995, -30.174805599999953 ], [ -51.176311099999964, -30.175340899999984 ], [ -51.175980799999934, -30.178805399999924 ], [ -51.175684399999966, -30.181608699999963 ], [ -51.17526179999993, -30.18300279999993 ], [ -51.174749199999958, -30.185058499999968 ], [ -51.174667199999931, -30.185554199999952 ], [ -51.179150099999958, -30.185201 ], [ -51.179377399999964, -30.18411459999993 ], [ -51.182027199999936, -30.184602599999952 ], [ -51.18182539999998, -30.185654799999948 ], [ -51.184668499999987, -30.187682699999989 ], [ -51.189286899999956, -30.191075799999957 ], [ -51.189653799999974, -30.190715199999939 ], [ -51.190744554376799, -30.189883214893825 ], [ -51.190935199999956, -30.190133399999976 ], [ -51.190851799999962, -30.19047159999996 ], [ -51.191926699999954, -30.19125619999993 ] ], [ [ -51.178129299999966, -30.17896189999993 ], [ -51.178290299790383, -30.178990140749409 ], [ -51.175980799999934, -30.178805399999924 ], [ -51.178129299999966, -30.17896189999993 ] ], [ [ -51.215038799999945, -30.17496669999996 ], [ -51.214865699999962, -30.175347899999966 ], [ -51.215043802089099, -30.174896925095364 ], [ -51.215038799999945, -30.17496669999996 ] ], [ [ -51.211789182004686, -30.179035845790644 ], [ -51.21182, -30.178979499999965 ], [ -51.2118538485486, -30.178939140020535 ], [ -51.211789182004686, -30.179035845790644 ] ], [ [ -51.210960699999937, -30.180564399999977 ], [ -51.210909601167231, -30.180644019111398 ], [ -51.211110584482299, -30.180276553164617 ], [ -51.210960699999937, -30.180564399999977 ] ], [ [ -51.210629599999947, -30.181080299999952 ], [ -51.210560416000668, -30.181152410873878 ], [ -51.210697132132019, -30.180975075515093 ], [ -51.210629599999947, -30.181080299999952 ] ], [ [ -51.207290499999942, -30.183837399999959 ], [ -51.207227962926119, -30.183872219429158 ], [ -51.208052399999985, -30.18327069999998 ], [ -51.207290499999942, -30.183837399999959 ] ], [ [ -51.207018399999981, -30.183988899999967 ], [ -51.206526606132037, -30.184133629593767 ], [ -51.207098756367415, -30.183944159133858 ], [ -51.207018399999981, -30.183988899999967 ] ], [ [ -51.190512, -30.182460899999963 ], [ -51.188492399999973, -30.18159 ], [ -51.185846269026513, -30.180469141161659 ], [ -51.18588589999996, -30.180482199999968 ], [ -51.186450599999951, -30.180719399999926 ], [ -51.188383399999964, -30.18154189999996 ], [ -51.197283599999935, -30.185373299999974 ], [ -51.190512, -30.182460899999963 ] ], [ [ -51.225747648761363, -30.186647721159453 ], [ -51.229099099999985, -30.186986399999956 ], [ -51.22593379999995, -30.186676899999959 ], [ -51.225747648761363, -30.186647721159453 ] ], [ [ -51.218993199999943, -30.184069 ], [ -51.220511199999976, -30.184177699999967 ], [ -51.218805107069237, -30.184082438777754 ], [ -51.218993199999943, -30.184069 ] ], [ [ -51.217381130363428, -30.184182316854812 ], [ -51.217863699999953, -30.184149699999978 ], [ -51.217994908235219, -30.184140325493924 ], [ -51.217483099999981, -30.184187899999984 ], [ -51.217381130363428, -30.184182316854812 ] ], [ [ -51.214874699999939, -30.184134699999955 ], [ -51.215634799999975, -30.184086699999963 ], [ -51.214673354323239, -30.184158767055393 ], [ -51.214874699999939, -30.184134699999955 ] ], [ [ -51.21382559999995, -30.18426009999996 ], [ -51.214156757332994, -30.184220516423974 ], [ -51.21363277221996, -30.184297970240479 ], [ -51.21382559999995, -30.18426009999996 ] ], [ [ -51.210336052057485, -30.184945426667603 ], [ -51.212411697282334, -30.184537782167912 ], [ -51.210410399999951, -30.184939399999966 ], [ -51.210336052057485, -30.184945426667603 ] ], [ [ -51.208935299999951, -30.184981399999973 ], [ -51.20916171130856, -30.185040619098668 ], [ -51.209108899999933, -30.185044899999983 ], [ -51.208935299999951, -30.184981399999973 ] ], [ [ -51.194078599999955, -30.187069 ], [ -51.191694199999972, -30.189139399999924 ], [ -51.191538241051859, -30.189261158863186 ], [ -51.194078599999955, -30.187069 ] ], [ [ -51.179543519536082, -30.17920996628327 ], [ -51.180001499999946, -30.179290299999934 ], [ -51.181949016700926, -30.179650095842035 ], [ -51.179543519536082, -30.17920996628327 ] ], [ [ -51.186151199999983, -30.18569 ], [ -51.187966399999937, -30.182586199999946 ], [ -51.185594699999967, -30.18669 ], [ -51.186151199999983, -30.18569 ] ] ] } },
{ "type": "Feature", "properties": { "ltla_code": "Praia de Belas", "ltla_name": "Praia de Belas" }, "geometry": { "type": "Polygon", "coordinates": [ [ [ -51.231862099999944, -30.063733399999926 ], [ -51.232181099999934, -30.064125099999949 ], [ -51.232556699999975, -30.06448759999995 ], [ -51.235358299999973, -30.066664599999978 ], [ -51.236101899999937, -30.067311499999942 ], [ -51.239262599999961, -30.070518499999938 ], [ -51.239822099999969, -30.071163099999978 ], [ -51.240617799999939, -30.072987299999959 ], [ -51.241302, -30.073893099999957 ], [ -51.242332499999975, -30.073055499999949 ], [ -51.242280199999982, -30.072824899999944 ], [ -51.242178299999978, -30.07264639999994 ], [ -51.241980399999932, -30.072544499999935 ], [ -51.241625899999974, -30.072038399999926 ], [ -51.241433599999944, -30.071389899999918 ], [ -51.240895199999954, -30.070067699999978 ], [ -51.240756099999942, -30.069057799999936 ], [ -51.240581099999986, -30.068859 ], [ -51.240575399999955, -30.068141 ], [ -51.240653699999939, -30.066904499999961 ], [ -51.24051129999998, -30.066205699999948 ], [ -51.240196, -30.065450499999937 ], [ -51.240155399999935, -30.064524899999974 ], [ -51.239926199999957, -30.063337 ], [ -51.237249899999938, -30.060764899999974 ], [ -51.23681, -30.060655799999953 ], [ -51.236448199999984, -30.060362599999962 ], [ -51.236273299999937, -30.060318699999979 ], [ -51.235808299999974, -30.059829399999959 ], [ -51.235645499999976, -30.059348199999924 ], [ -51.235537699999952, -30.059286699999973 ], [ -51.235403499999961, -30.059301699999924 ], [ -51.235045499999956, -30.059225699999949 ], [ -51.23479279999998, -30.059019899999946 ], [ -51.234624699999983, -30.05851379999995 ], [ -51.234466099999963, -30.058350699999949 ], [ -51.234449799999936, -30.057903199999942 ], [ -51.234295699999961, -30.057464899999953 ], [ -51.234367799999973, -30.056812499999978 ], [ -51.234245699999974, -30.056288799999944 ], [ -51.234208699999961, -30.055344199999983 ], [ -51.233988499999953, -30.055155499999948 ], [ -51.233840699999973, -30.054502299999964 ], [ -51.23370209999996, -30.054305599999964 ], [ -51.233699899999976, -30.052909 ], [ -51.233950499999935, -30.051708599999987 ], [ -51.233912699999962, -30.05161969999995 ], [ -51.2337955, -30.051541899999961 ], [ -51.233752799999934, -30.051403799999946 ], [ -51.233850299999979, -30.050980799999934 ], [ -51.233834499999944, -30.050586199999941 ], [ -51.233788499999946, -30.050115699999939 ], [ -51.233677099999966, -30.04967779999998 ], [ -51.233797899999956, -30.049177399999962 ], [ -51.233826299999976, -30.04882919999994 ], [ -51.233785899999987, -30.048450199999937 ], [ -51.23385, -30.048240299999982 ], [ -51.234005399999944, -30.048009499999974 ], [ -51.234037199999932, -30.047801299999939 ], [ -51.23400179999993, -30.047712299999944 ], [ -51.233843499999985, -30.04761649999994 ], [ -51.232963499999983, -30.047601499999921 ], [ -51.232889399999976, -30.047532599999954 ], [ -51.232873, -30.04734609999997 ], [ -51.232891099999961, -30.047156699999963 ], [ -51.233243499999958, -30.04709049999996 ], [ -51.234898199999975, -30.047063 ], [ -51.235088499999961, -30.046889399999937 ], [ -51.235203499999962, -30.04649489999996 ], [ -51.235563399999933, -30.04626219999993 ], [ -51.235921899999937, -30.046281699999945 ], [ -51.236401199999932, -30.046547 ], [ -51.237731399999973, -30.047117099999973 ], [ -51.237813399999936, -30.047101599999962 ], [ -51.237865, -30.047034799999942 ], [ -51.237862799999959, -30.046934199999942 ], [ -51.237807899999957, -30.046867399999925 ], [ -51.237359399999946, -30.046654 ], [ -51.236623699999939, -30.04621329999997 ], [ -51.236044699999979, -30.045516599999928 ], [ -51.235395, -30.044523799999983 ], [ -51.235389299999952, -30.044271 ], [ -51.235585599999979, -30.044023899999942 ], [ -51.236095499999976, -30.043596299999933 ], [ -51.236858699999971, -30.043154599999973 ], [ -51.237233599999968, -30.043129199999953 ], [ -51.237622599999952, -30.042982499999926 ], [ -51.23839479999998, -30.042831699999965 ], [ -51.238757299999975, -30.042849599999951 ], [ -51.238959799999975, -30.042931 ], [ -51.239116699999954, -30.042882399999932 ], [ -51.239218199999982, -30.042703499999948 ], [ -51.239421299999947, -30.042585399999947 ], [ -51.239659399999944, -30.04259049999996 ], [ -51.239892299999951, -30.04271089999996 ], [ -51.240211, -30.042746699999952 ], [ -51.240637199999981, -30.042468099999944 ], [ -51.241238299999964, -30.041890699999946 ], [ -51.241482699999949, -30.041895799999963 ], [ -51.241638699999953, -30.04178679999994 ], [ -51.241692099999966, -30.041597499999963 ], [ -51.2415716, -30.041328299999968 ], [ -51.241572299999973, -30.041113199999984 ], [ -51.241865799999971, -30.039947 ], [ -51.241909099999987, -30.038062499999967 ], [ -51.241970299999934, -30.037947199999952 ], [ -51.242114699999945, -30.037848099999959 ], [ -51.242227, -30.037625899999981 ], [ -51.242177799999979, -30.037374 ], [ -51.241977299999974, -30.036890699999947 ], [ -51.241977899999938, -30.036738399999926 ], [ -51.2422423, -30.036445399999931 ], [ -51.242287899999951, -30.036306599999925 ], [ -51.242068899999936, -30.035937899999972 ], [ -51.242121, -30.035649199999963 ], [ -51.242282399999972, -30.035369399999968 ], [ -51.24239579999994, -30.035258499999944 ], [ -51.242613199999937, -30.03526 ], [ -51.24265749999995, -30.035202099999921 ], [ -51.240632599999977, -30.034563 ], [ -51.240995199999986, -30.035519099999927 ], [ -51.241009399999939, -30.035690699999968 ], [ -51.240945799999963, -30.035945699999953 ], [ -51.240809499999955, -30.036255099999948 ], [ -51.240185199999985, -30.036703299999942 ], [ -51.239862399999936, -30.036864599999941 ], [ -51.239385099999936, -30.037016399999963 ], [ -51.237073499999951, -30.037265799999933 ], [ -51.232978699999933, -30.037315799999934 ], [ -51.231089099999963, -30.037485599999968 ], [ -51.230519499999957, -30.037650599999946 ], [ -51.230164599999966, -30.037856099999939 ], [ -51.229437699999949, -30.038436699999973 ], [ -51.229019599999958, -30.038611199999931 ], [ -51.228371, -30.038700199999941 ], [ -51.22857589999996, -30.04051029999993 ], [ -51.228336299999967, -30.040619699999979 ], [ -51.228106099999934, -30.041019599999974 ], [ -51.227967299999932, -30.041647699999942 ], [ -51.22776719999996, -30.043130199999958 ], [ -51.227412899999933, -30.045591299999945 ], [ -51.227356099999952, -30.046139299999936 ], [ -51.227616199999943, -30.047823899999962 ], [ -51.227878199999964, -30.049057599999962 ], [ -51.228669799999984, -30.053876099999975 ], [ -51.228903099999968, -30.054917399999958 ], [ -51.230084399999953, -30.059034899999965 ], [ -51.230802799999935, -30.061073799999964 ], [ -51.230901499999959, -30.061043599999952 ], [ -51.23137, -30.062503699999979 ], [ -51.231862099999944, -30.063733399999926 ] ], [ [ -51.230128699999973, -30.042943299999926 ], [ -51.228805399999942, -30.043049199999924 ], [ -51.22776719999996, -30.043130199999958 ], [ -51.230128699999973, -30.042943299999926 ] ], [ [ -51.228982099999939, -30.044337499999976 ], [ -51.229142, -30.045822599999951 ], [ -51.22935119999994, -30.047709399999981 ], [ -51.229091099999948, -30.045438899999965 ], [ -51.228805399999942, -30.043049199999924 ], [ -51.228982099999939, -30.044337499999976 ] ] ] } },
{ "type": "Feature", "properties": { "ltla_code": "Restinga", "ltla_name": "Restinga" }, "geometry": { "type": "Polygon", "coordinates": [ [ [ -51.155762699999968, -30.16349839999998 ], [ -51.156245599999977, -30.163028699999987 ], [ -51.157028499999967, -30.162543599999928 ], [ -51.158258899999964, -30.162010099999964 ], [ -51.15918309999995, -30.161604399999927 ], [ -51.159605499999941, -30.161244899999932 ], [ -51.159958299999971, -30.160682199999933 ], [ -51.160524, -30.15942189999998 ], [ -51.161473799999953, -30.158320399999976 ], [ -51.161363399999971, -30.158093499999943 ], [ -51.161054799999931, -30.157084899999965 ], [ -51.161015899999938, -30.156666899999941 ], [ -51.161054799999931, -30.153248299999969 ], [ -51.16115, -30.152441699999937 ], [ -51.16144369999995, -30.150825799999943 ], [ -51.161444399999937, -30.15020259999994 ], [ -51.161291099999971, -30.148592599999969 ], [ -51.161460099999942, -30.147150599999978 ], [ -51.162005699999952, -30.146123 ], [ -51.162558299999951, -30.144480699999971 ], [ -51.16269559999995, -30.144194799999973 ], [ -51.163031099999955, -30.143809799999925 ], [ -51.164437099999986, -30.142504199999969 ], [ -51.166596099999936, -30.141291499999962 ], [ -51.166697699999986, -30.141130799999932 ], [ -51.167191399999986, -30.13961479999994 ], [ -51.167458, -30.139197799999977 ], [ -51.167788499999972, -30.138820399999926 ], [ -51.168343399999969, -30.1383484 ], [ -51.169141599999932, -30.137800599999927 ], [ -51.170087299999977, -30.137386299999953 ], [ -51.170551799999949, -30.137275799999934 ], [ -51.171168599999937, -30.13720289999997 ], [ -51.172184099999981, -30.137355299999957 ], [ -51.172487799999942, -30.137307299999975 ], [ -51.174161199999958, -30.13633059999993 ], [ -51.174529899999989, -30.13599529999993 ], [ -51.175278499999934, -30.13509439999995 ], [ -51.175423799999983, -30.134767699999944 ], [ -51.175807099999986, -30.133425299999946 ], [ -51.175777, -30.133258899999927 ], [ -51.176089, -30.130989899999975 ], [ -51.175976799999944, -30.130228499999927 ], [ -51.17597429999995, -30.129840199999926 ], [ -51.17627049999993, -30.128651699999978 ], [ -51.176285699999937, -30.128241399999979 ], [ -51.176214099999981, -30.127984399999949 ], [ -51.175917799999979, -30.127372899999948 ], [ -51.175699499999951, -30.127078699999966 ], [ -51.175502899999969, -30.126945399999961 ], [ -51.174161, -30.1263633 ], [ -51.173852699999941, -30.126143399999933 ], [ -51.173445, -30.125726299999933 ], [ -51.17332689999995, -30.125478899999958 ], [ -51.173299099999952, -30.125165699999954 ], [ -51.173355499999957, -30.124967899999941 ], [ -51.173607899999979, -30.124485399999955 ], [ -51.172401499999978, -30.124663 ], [ -51.171344399999953, -30.125070499999939 ], [ -51.170892299999934, -30.125162499999927 ], [ -51.17004339999994, -30.125147299999973 ], [ -51.168612199999984, -30.124901 ], [ -51.16804639999998, -30.124850299999938 ], [ -51.165414899999973, -30.125315 ], [ -51.164711299999965, -30.12534619999996 ], [ -51.164234799999974, -30.125276199999984 ], [ -51.16259, -30.124694 ], [ -51.162232099999983, -30.124528699999935 ], [ -51.16196739999998, -30.124342299999959 ], [ -51.15988509999994, -30.122567699999941 ], [ -51.157598899999982, -30.119951399999927 ], [ -51.157263, -30.120172499999946 ], [ -51.156131199999948, -30.120733499999957 ], [ -51.155798399999981, -30.120710399999947 ], [ -51.154845699999953, -30.120306399999944 ], [ -51.154489799999965, -30.120246499999947 ], [ -51.15402679999994, -30.120324399999944 ], [ -51.153189399999974, -30.120644899999949 ], [ -51.152604, -30.120759 ], [ -51.15242109999997, -30.120752699999972 ], [ -51.152164899999946, -30.120623899999934 ], [ -51.15138589999998, -30.119950499999952 ], [ -51.150673, -30.119473 ], [ -51.15011149999998, -30.118861 ], [ -51.149812, -30.118640399999947 ], [ -51.149029499999983, -30.118312299999957 ], [ -51.148321299999964, -30.118193 ], [ -51.147285899999986, -30.117685599999952 ], [ -51.147094, -30.117659899999971 ], [ -51.146874099999934, -30.11769959999998 ], [ -51.143899499999975, -30.118926099999946 ], [ -51.142709099999934, -30.119667299999939 ], [ -51.142330099999981, -30.120010899999954 ], [ -51.142260599999986, -30.120146599999945 ], [ -51.142263499999956, -30.120292299999956 ], [ -51.142667899999935, -30.12112669999993 ], [ -51.142687199999962, -30.121346799999966 ], [ -51.142641599999934, -30.121524699999945 ], [ -51.140835799999934, -30.124673699999949 ], [ -51.140039599999966, -30.125470299999954 ], [ -51.139662299999941, -30.126431099999927 ], [ -51.139557699999955, -30.126771499999958 ], [ -51.139529599999953, -30.12707979999993 ], [ -51.139846499999976, -30.128070299999926 ], [ -51.140067299999941, -30.128498499999981 ], [ -51.140720399999964, -30.129400399999948 ], [ -51.142106199999944, -30.131756799999952 ], [ -51.142140099999949, -30.131917099999946 ], [ -51.14206889999997, -30.132126299999968 ], [ -51.1418422, -30.132349399999949 ], [ -51.141340399999933, -30.132620199999955 ], [ -51.140934799999968, -30.132904 ], [ -51.140324099999987, -30.133663 ], [ -51.140041, -30.133907699999945 ], [ -51.137758799999972, -30.134460799999935 ], [ -51.136455, -30.13503629999996 ], [ -51.135495699999979, -30.135383799999936 ], [ -51.134842899999967, -30.135645599999975 ], [ -51.133386899999948, -30.136404399999936 ], [ -51.131096799999966, -30.137166699999963 ], [ -51.130714599999983, -30.137195299999966 ], [ -51.129289399999948, -30.136868899999971 ], [ -51.128957899999932, -30.136851099999941 ], [ -51.127497, -30.138026899999932 ], [ -51.12733819999994, -30.13822679999998 ], [ -51.127111899999932, -30.139589099999966 ], [ -51.126791399999952, -30.140155399999959 ], [ -51.126237899999978, -30.140998499999963 ], [ -51.125874599999975, -30.142588799999945 ], [ -51.125982936576655, -30.142591433516195 ], [ -51.125683299999935, -30.142619199999952 ], [ -51.125367299999937, -30.142705799999923 ], [ -51.123849486136109, -30.145713836564717 ], [ -51.123035899999934, -30.145369599999977 ], [ -51.122395, -30.146939 ], [ -51.122246, -30.148255799999955 ], [ -51.117085299999985, -30.156918899999933 ], [ -51.113836499999934, -30.162013699999925 ], [ -51.121744, -30.169371899999923 ], [ -51.12241389999997, -30.170031199999986 ], [ -51.143069599999933, -30.168853299999967 ], [ -51.143386599999985, -30.16795569999994 ], [ -51.143620673312235, -30.167238625871349 ], [ -51.143568699999946, -30.167453199999951 ], [ -51.142925199999979, -30.169268699999964 ], [ -51.142657, -30.170452299999969 ], [ -51.142513099999974, -30.171421399999929 ], [ -51.14231609999996, -30.17175739999993 ], [ -51.141814599999975, -30.172367799999954 ], [ -51.141619499999933, -30.172834499999954 ], [ -51.141354299999932, -30.173730399999965 ], [ -51.141123299999947, -30.174318099999923 ], [ -51.140808799999945, -30.174829199999969 ], [ -51.140348, -30.175428599999975 ], [ -51.140393499999959, -30.175658899999974 ], [ -51.140624399999979, -30.175774099999959 ], [ -51.145455099999936, -30.176002099999952 ], [ -51.145739, -30.175749399999976 ], [ -51.147746599999948, -30.173568899999967 ], [ -51.149492699999939, -30.171682899999951 ], [ -51.150281499999949, -30.17100169999998 ], [ -51.150840499999958, -30.170534599999943 ], [ -51.153994599999976, -30.167856899999943 ], [ -51.155033699999933, -30.166185899999952 ], [ -51.155150899999967, -30.165868699999969 ], [ -51.155506, -30.164024399999963 ], [ -51.155762699999968, -30.16349839999998 ] ], [ [ -51.159084699999937, -30.147419 ], [ -51.158439699999974, -30.147069 ], [ -51.161291099999971, -30.148592599999969 ], [ -51.159084699999937, -30.147419 ] ], [ [ -51.15813129999998, -30.146722499999942 ], [ -51.157869799999958, -30.146478399999971 ], [ -51.156777499999976, -30.145473899999949 ], [ -51.158213199999977, -30.146792299999955 ], [ -51.158439699999974, -30.147069 ], [ -51.15813129999998, -30.146722499999942 ] ], [ [ -51.172170799999947, -30.125890099999932 ], [ -51.150277099999983, -30.131557499999928 ], [ -51.135495699999979, -30.135383799999936 ], [ -51.172170799999947, -30.125890099999932 ] ], [ [ -51.154347099999939, -30.163450299999958 ], [ -51.15198479999998, -30.162258299999959 ], [ -51.155506, -30.164024399999963 ], [ -51.154347099999939, -30.163450299999958 ] ], [ [ -51.14098903020038, -30.141531371519854 ], [ -51.140979699999953, -30.141526 ], [ -51.140751699999953, -30.141253799999944 ], [ -51.14098903020038, -30.141531371519854 ] ], [ [ -51.13854079999993, -30.142869399999924 ], [ -51.138539299206656, -30.142870202477578 ], [ -51.140979699999953, -30.141526 ], [ -51.13854079999993, -30.142869399999924 ] ], [ [ -51.139552199999969, -30.144281399999947 ], [ -51.139689, -30.144490699999949 ], [ -51.13854079999993, -30.142869399999924 ], [ -51.139552199999969, -30.144281399999947 ] ], [ [ -51.140059399999984, -30.143971399999938 ], [ -51.140575310387796, -30.143719608726837 ], [ -51.139552199999969, -30.144281399999947 ], [ -51.140059399999984, -30.143971399999938 ] ], [ [ -51.141716199999962, -30.141767 ], [ -51.14111639999993, -30.141604699999956 ], [ -51.141040948361251, -30.141561261492516 ], [ -51.141716199999962, -30.141767 ] ], [ [ -51.1408651, -30.143911699999936 ], [ -51.141812699999946, -30.146816799999947 ], [ -51.140816953408788, -30.143833237782172 ], [ -51.1408651, -30.143911699999936 ] ], [ [ -51.14206363778024, -30.14669491758799 ], [ -51.140078899999942, -30.147675299999943 ], [ -51.137039928282555, -30.149158965933413 ], [ -51.138457699999947, -30.148463899999967 ], [ -51.141812699999946, -30.146816799999947 ], [ -51.14206363778024, -30.14669491758799 ] ], [ [ -51.142675699999984, -30.151692199999957 ], [ -51.141334399999948, -30.149619199999961 ], [ -51.140078899999942, -30.147675299999943 ], [ -51.142675699999984, -30.151692199999957 ] ], [ [ -51.14575039999994, -30.150365199999946 ], [ -51.144203799999957, -30.151034199999955 ], [ -51.14230509999993, -30.151864799999938 ], [ -51.142675699999984, -30.151692199999957 ], [ -51.14575039999994, -30.150365199999946 ] ], [ [ -51.141516599999932, -30.155352799999925 ], [ -51.141670012769822, -30.155411593747925 ], [ -51.140369199999952, -30.155090399999935 ], [ -51.139099528565772, -30.154814281328285 ], [ -51.13930419999997, -30.154846799999966 ], [ -51.141516599999932, -30.155352799999925 ] ], [ [ -51.139921799999968, -30.155857099999935 ], [ -51.139329503421564, -30.156848919738142 ], [ -51.139329495557234, -30.156848916152683 ], [ -51.140369199999952, -30.155090399999935 ], [ -51.139921799999968, -30.155857099999935 ] ], [ [ -51.14261879999998, -30.157083699999941 ], [ -51.14357229999996, -30.157519899999947 ], [ -51.139921799999968, -30.155857099999935 ], [ -51.14261879999998, -30.157083699999941 ] ], [ [ -51.144048496845322, -30.156737271329472 ], [ -51.144048522385653, -30.156737293246369 ], [ -51.142980799999975, -30.158515799999982 ], [ -51.14357229999996, -30.157519899999947 ], [ -51.144048496845322, -30.156737271329472 ] ], [ [ -51.144692016662404, -30.157307728330455 ], [ -51.144692031751838, -30.157307741967305 ], [ -51.143737699999974, -30.158860699999938 ], [ -51.142502, -30.160827 ], [ -51.143113399999947, -30.159854099999961 ], [ -51.144692016662404, -30.157307728330455 ] ], [ [ -51.142325, -30.161397199999946 ], [ -51.141607065582598, -30.16105804695194 ], [ -51.14229249999994, -30.161374099999936 ], [ -51.142325, -30.161397199999946 ] ], [ [ -51.141165299999955, -30.163465799999976 ], [ -51.140713099999971, -30.163535899999946 ], [ -51.141396504005087, -30.163422869502366 ], [ -51.141165299999955, -30.163465799999976 ] ], [ [ -51.140317599999946, -30.163527299999934 ], [ -51.140292814541112, -30.163518486156722 ], [ -51.140713099999971, -30.163535899999946 ], [ -51.140317599999946, -30.163527299999934 ] ], [ [ -51.143453799999975, -30.163033199999958 ], [ -51.143697274994537, -30.163048620008347 ], [ -51.143362700126715, -30.163050523865355 ], [ -51.143453799999975, -30.163033199999958 ] ], [ [ -51.140847199999939, -30.165615799999948 ], [ -51.139084599999933, -30.165873299999923 ], [ -51.142333299999962, -30.165398199999974 ], [ -51.140847199999939, -30.165615799999948 ] ], [ [ -51.144106399999941, -30.16497969999994 ], [ -51.144135559770433, -30.164926852601017 ], [ -51.143780299999946, -30.166579599999977 ], [ -51.143748912009258, -30.166709186713884 ], [ -51.143931799999962, -30.165788 ], [ -51.144106399999941, -30.16497969999994 ] ], [ [ -51.152622238228624, -30.146679974509542 ], [ -51.152679299999932, -30.146736299999926 ], [ -51.153273, -30.147422 ], [ -51.152622238228624, -30.146679974509542 ] ], [ [ -51.152462299999968, -30.146522099999963 ], [ -51.152513580176645, -30.146572718496945 ], [ -51.152171299999964, -30.146330299999924 ], [ -51.152462299999968, -30.146522099999963 ] ], [ [ -51.150809348884692, -30.145823112344846 ], [ -51.150851899999964, -30.145832899999959 ], [ -51.152171299999964, -30.146330299999924 ], [ -51.150809348884692, -30.145823112344846 ] ], [ [ -51.147221115238793, -30.144920975304487 ], [ -51.14742520399286, -30.145004037089702 ], [ -51.14739609999998, -30.145000699999954 ], [ -51.147221115238793, -30.144920975304487 ] ], [ [ -51.146308186596819, -30.144341350115866 ], [ -51.146730117150682, -30.14469727197865 ], [ -51.146652699999947, -30.144662 ], [ -51.146308186596819, -30.144341350115866 ] ], [ [ -51.148858799999971, -30.146610599999967 ], [ -51.143717099999947, -30.146234899999975 ], [ -51.14524, -30.146343399999985 ], [ -51.15243849999996, -30.146870099999951 ], [ -51.148858799999971, -30.146610599999967 ] ], [ [ -51.146444199999962, -30.151562899999924 ], [ -51.146226499999955, -30.151243099999935 ], [ -51.146483323158272, -30.151595991671346 ], [ -51.146444199999962, -30.151562899999924 ] ], [ [ -51.147654, -30.15217779999994 ], [ -51.14658819999994, -30.151684699999979 ], [ -51.146539703965971, -30.151643680437889 ], [ -51.147294, -30.151989 ], [ -51.147654, -30.15217779999994 ] ], [ [ -51.144731299999933, -30.155109199999963 ], [ -51.143176399999959, -30.155988899999951 ], [ -51.1439855, -30.155527799999955 ], [ -51.146034899999961, -30.154376199999941 ], [ -51.148014775403269, -30.15325755436815 ], [ -51.146629399999938, -30.15404749999993 ], [ -51.144731299999933, -30.155109199999963 ] ], [ [ -51.146545407459399, -30.157456180920942 ], [ -51.146545404532823, -30.15745618263756 ], [ -51.145573599999985, -30.156201899999928 ], [ -51.144731299999933, -30.155109199999963 ], [ -51.146545407459399, -30.157456180920942 ] ], [ [ -51.143200104810084, -30.156009241777774 ], [ -51.142782161447087, -30.155837812433084 ], [ -51.143176399999959, -30.155988899999951 ], [ -51.143200104810084, -30.156009241777774 ] ], [ [ -51.1474777682743, -30.156909294182089 ], [ -51.148413399999981, -30.156357099999976 ], [ -51.152858099999946, -30.15375339999996 ], [ -51.1474777682743, -30.156909294182089 ] ], [ [ -51.151580199999955, -30.152581199999929 ], [ -51.150165, -30.151283799999931 ], [ -51.152820899999938, -30.153704899999973 ], [ -51.153529259630879, -30.154416105185952 ], [ -51.152858099999946, -30.15375339999996 ], [ -51.151580199999955, -30.152581199999929 ] ], [ [ -51.144161399999973, -30.162134 ], [ -51.144162728966137, -30.16211150774852 ], [ -51.144181902827128, -30.16217037362437 ], [ -51.144161399999973, -30.162134 ] ], [ [ -51.144329599999935, -30.162432399999947 ], [ -51.144296414102762, -30.16237352561399 ], [ -51.144353415132237, -30.162451192893467 ], [ -51.144329599999935, -30.162432399999947 ] ], [ [ -51.14463829999994, -30.162676 ], [ -51.144437625477948, -30.162517644594853 ], [ -51.14458209999998, -30.162596899999972 ], [ -51.14463829999994, -30.162676 ] ], [ [ -51.144411958423461, -30.163093883073191 ], [ -51.144541699999941, -30.16310209999995 ], [ -51.145702799999981, -30.16320949999993 ], [ -51.144411958423461, -30.163093883073191 ] ], [ [ -51.144158807934389, -30.164884719039119 ], [ -51.144184199999984, -30.164838699999954 ], [ -51.145702799999981, -30.16320949999993 ], [ -51.144158807934389, -30.164884719039119 ] ], [ [ -51.154924, -30.150352299999955 ], [ -51.154674899999975, -30.150050199999953 ], [ -51.154626813340499, -30.149954086453125 ], [ -51.154924, -30.150352299999955 ] ], [ [ -51.154483899999946, -30.165609299999979 ], [ -51.153806199999963, -30.165098499999939 ], [ -51.1547, -30.165728899999973 ], [ -51.154483899999946, -30.165609299999979 ] ], [ [ -51.153138299999966, -30.164866199999938 ], [ -51.152974715662332, -30.164786671974209 ], [ -51.153806199999963, -30.165098499999939 ], [ -51.153138299999966, -30.164866199999938 ] ], [ [ -51.150133699999969, -30.165431099999971 ], [ -51.147483672237236, -30.165906310026713 ], [ -51.147498, -30.165903699999941 ], [ -51.153138299999966, -30.164866199999938 ], [ -51.150133699999969, -30.165431099999971 ] ], [ [ -51.146830025021593, -30.166025382122154 ], [ -51.146830033885472, -30.16602538050746 ], [ -51.147404699999981, -30.168383599999967 ], [ -51.147414095647619, -30.168474399027449 ], [ -51.146830025021593, -30.166025382122154 ] ], [ [ -51.152502499999969, -30.164557099999964 ], [ -51.151516399999934, -30.16397459999995 ], [ -51.152662017899523, -30.164634651089536 ], [ -51.152502499999969, -30.164557099999964 ] ], [ [ -51.150457, -30.163004299999951 ], [ -51.149096, -30.161516599999977 ], [ -51.150987499999985, -30.163552099999947 ], [ -51.150457, -30.163004299999951 ] ], [ [ -51.148379118528958, -30.16045316686386 ], [ -51.14840259999994, -30.160480499999942 ], [ -51.149096, -30.161516599999977 ], [ -51.148379118528958, -30.16045316686386 ] ], [ [ -51.148259622376258, -30.168918340197443 ], [ -51.148328100970723, -30.168854159951664 ], [ -51.14832389999998, -30.168883599999955 ], [ -51.148259622376258, -30.168918340197443 ] ], [ [ -51.147478199999966, -30.169093899999943 ], [ -51.148127350273043, -30.168989829445515 ], [ -51.148090399999944, -30.169009799999969 ], [ -51.147478199999966, -30.169093899999943 ] ], [ [ -51.14650723451534, -30.158804144561348 ], [ -51.146917199999962, -30.159067799999946 ], [ -51.147491599999967, -30.15950069999996 ], [ -51.14650723451534, -30.158804144561348 ] ], [ [ -51.148162399999933, -30.160200899999946 ], [ -51.14832444233592, -30.160389522136246 ], [ -51.147491599999967, -30.15950069999996 ], [ -51.148162399999933, -30.160200899999946 ] ], [ [ -51.145545990452867, -30.158077321855295 ], [ -51.14597443014533, -30.158427122218079 ], [ -51.145777399999986, -30.158287699999956 ], [ -51.145545990452867, -30.158077321855295 ] ], [ [ -51.156900318991859, -30.147859322932398 ], [ -51.15687, -30.147861199999955 ], [ -51.156852951224572, -30.147850640810461 ], [ -51.156900318991859, -30.147859322932398 ] ], [ [ -51.143104699999981, -30.153409799999967 ], [ -51.143139699999949, -30.154113499999937 ], [ -51.143090621143266, -30.153382041832792 ], [ -51.143104699999981, -30.153409799999967 ] ], [ [ -51.142680299999938, -30.146395399999957 ], [ -51.142746875670404, -30.146373583244387 ], [ -51.142271332971802, -30.146594038434319 ], [ -51.142680299999938, -30.146395399999957 ] ], [ [ -51.144540899999981, -30.148142099999973 ], [ -51.144522182332224, -30.148091751430265 ], [ -51.144726178279349, -30.148482647451704 ], [ -51.144540899999981, -30.148142099999973 ] ], [ [ -51.144454799999949, -30.147910499999952 ], [ -51.144385, -30.147465399999923 ], [ -51.144481914401901, -30.147983434906923 ], [ -51.144454799999949, -30.147910499999952 ] ], [ [ -51.144058799999982, -30.143567399999938 ], [ -51.143617099999972, -30.143954799999964 ], [ -51.143805599999951, -30.143772899999924 ], [ -51.144058799999982, -30.143567399999938 ] ], [ [ -51.144441323257098, -30.143460541319133 ], [ -51.144412791277254, -30.143456080188422 ], [ -51.144429899999977, -30.143450699999953 ], [ -51.144441323257098, -30.143460541319133 ] ], [ [ -51.143241, -30.143729799999953 ], [ -51.143227023466139, -30.143716771622969 ], [ -51.143387299999979, -30.143752099999968 ], [ -51.143241, -30.143729799999953 ] ], [ [ -51.139147992743361, -30.168242950427825 ], [ -51.132444799999973, -30.165644199999971 ], [ -51.135905, -30.16697809999993 ], [ -51.139148006553455, -30.168242949491916 ], [ -51.139147992743361, -30.168242950427825 ] ], [ [ -51.136375599999951, -30.150952699999934 ], [ -51.135486720143376, -30.149920429892557 ], [ -51.135486745433639, -30.149920417493949 ], [ -51.136440200568742, -30.151007209139991 ], [ -51.136375599999951, -30.150952699999934 ] ], [ [ -51.135568199999966, -30.153223599999922 ], [ -51.135853299999951, -30.153360899999935 ], [ -51.136359919420151, -30.153612922577189 ], [ -51.135568199999966, -30.153223599999922 ] ], [ [ -51.135397899999987, -30.153087 ], [ -51.135365675645581, -30.153040861043745 ], [ -51.135568199999966, -30.153223599999922 ], [ -51.135397899999987, -30.153087 ] ], [ [ -51.137284086261218, -30.157195043177861 ], [ -51.134409209194715, -30.155911115760091 ], [ -51.134409253727092, -30.155911037234635 ], [ -51.135416499999963, -30.156342699999968 ], [ -51.136368, -30.156782 ], [ -51.137284086261218, -30.157195043177861 ] ], [ [ -51.136746199999948, -30.15883859999996 ], [ -51.138792599999931, -30.159760299999959 ], [ -51.139169492955595, -30.159934084922913 ], [ -51.136746199999948, -30.15883859999996 ] ], [ [ -51.139682199999982, -30.158276299999944 ], [ -51.139095199999986, -30.15925959999992 ], [ -51.138792599999931, -30.159760299999959 ], [ -51.139682199999982, -30.158276299999944 ] ], [ [ -51.136129099999948, -30.15988979999997 ], [ -51.139910499999985, -30.161561399999968 ], [ -51.138166, -30.160809099999927 ], [ -51.136129099999948, -30.15988979999997 ] ], [ [ -51.140518412874655, -30.160556070398307 ], [ -51.140518425786034, -30.160556076351732 ], [ -51.139593099999956, -30.162090699999968 ], [ -51.139910499999985, -30.161561399999968 ], [ -51.140518412874655, -30.160556070398307 ] ], [ [ -51.138603, -30.154706299999933 ], [ -51.138561304765332, -30.154686022347807 ], [ -51.138662632409954, -30.154719268411604 ], [ -51.138603, -30.154706299999933 ] ], [ [ -51.134554199999968, -30.140022299999934 ], [ -51.135899499999937, -30.140632399999962 ], [ -51.135636499999976, -30.140539599999951 ], [ -51.134554199999968, -30.140022299999934 ] ], [ [ -51.13400869804525, -30.154597732747469 ], [ -51.133988399999964, -30.154634199999968 ], [ -51.133943810998332, -30.154656332124045 ], [ -51.13400869804525, -30.154597732747469 ] ], [ [ -51.131518899999946, -30.154013799999969 ], [ -51.13139509999997, -30.153982 ], [ -51.131521869377679, -30.154012122444957 ], [ -51.131518899999946, -30.154013799999969 ] ], [ [ -51.13074759999995, -30.153960499999982 ], [ -51.130765599999968, -30.154021199999917 ], [ -51.130465099999981, -30.153336299999978 ], [ -51.13074759999995, -30.153960499999982 ] ], [ [ -51.130654905574644, -30.15276981265982 ], [ -51.130652320491002, -30.152770966020711 ], [ -51.130748199999971, -30.152416 ], [ -51.131193899999971, -30.15119419999996 ], [ -51.130654905574644, -30.15276981265982 ] ], [ [ -51.132812899999983, -30.150293499999979 ], [ -51.131393499999945, -30.151098 ], [ -51.131193899999971, -30.15119419999996 ], [ -51.132812899999983, -30.150293499999979 ] ], [ [ -51.132563312682002, -30.149991775390284 ], [ -51.133329086938424, -30.15080442960695 ], [ -51.132812899999983, -30.150293499999979 ], [ -51.132563312682002, -30.149991775390284 ] ], [ [ -51.131647599999951, -30.162096299999966 ], [ -51.131717599999945, -30.162194199999924 ], [ -51.131719558099313, -30.162221666312675 ], [ -51.131647599999951, -30.162096299999966 ] ], [ [ -51.130398299999968, -30.161645199999956 ], [ -51.131502799999971, -30.162021899999949 ], [ -51.131647599999951, -30.162096299999966 ], [ -51.130398299999968, -30.161645199999956 ] ], [ [ -51.131063077712483, -30.164917159295022 ], [ -51.131044942337901, -30.164964690421588 ], [ -51.131041, -30.164952599999932 ], [ -51.131063077712483, -30.164917159295022 ] ], [ [ -51.133484099999976, -30.157544099999939 ], [ -51.13295549999998, -30.158469599999925 ], [ -51.133661896742659, -30.157227943869703 ], [ -51.133484099999976, -30.157544099999939 ] ], [ [ -51.13269845611547, -30.155268866840395 ], [ -51.132870075326416, -30.155189289809744 ], [ -51.132711499999971, -30.155268 ], [ -51.13269845611547, -30.155268866840395 ] ], [ [ -51.135020070318831, -30.15214231726895 ], [ -51.135070399999961, -30.152218899999973 ], [ -51.135238799999968, -30.152859199999973 ], [ -51.135020070318831, -30.15214231726895 ] ], [ [ -51.134774399999969, -30.151768499999939 ], [ -51.134805648704571, -30.151816048704518 ], [ -51.134734382542945, -30.151744782542888 ], [ -51.134774399999969, -30.151768499999939 ] ], [ [ -51.133687299999963, -30.151124199999963 ], [ -51.134175820687112, -30.151413735349717 ], [ -51.133909899999935, -30.151264099999935 ], [ -51.133882857088963, -30.151277286091467 ], [ -51.133559099999957, -30.151032099999938 ], [ -51.133487116304885, -30.150960849454268 ], [ -51.133687299999963, -30.151124199999963 ] ], [ [ -51.132256498247791, -30.14962086926348 ], [ -51.132203499999946, -30.149556799999964 ], [ -51.131087, -30.147542499999929 ], [ -51.130492, -30.146490299999979 ], [ -51.130928199999971, -30.147246799999934 ], [ -51.132256498247791, -30.14962086926348 ] ], [ [ -51.130153114891634, -30.146127208812448 ], [ -51.130277, -30.14623 ], [ -51.130492, -30.146490299999979 ], [ -51.130153114891634, -30.146127208812448 ] ], [ [ -51.127719699999943, -30.144936899999941 ], [ -51.127742336530282, -30.144962894258835 ], [ -51.127674200024416, -30.14491020936681 ], [ -51.127719699999943, -30.144936899999941 ] ], [ [ -51.127539, -30.144830899999935 ], [ -51.127595560613933, -30.144864078888048 ], [ -51.127414820703514, -30.144788026753325 ], [ -51.127539, -30.144830899999935 ] ], [ [ -51.126323, -30.142599699999952 ], [ -51.126397665470776, -30.142616773725692 ], [ -51.126177977320403, -30.142596174693956 ], [ -51.126323, -30.142599699999952 ] ], [ [ -51.129070359285429, -30.145207768192115 ], [ -51.129004599999973, -30.145153199999978 ], [ -51.128934201212765, -30.145063626269437 ], [ -51.129070359285429, -30.145207768192115 ] ], [ [ -51.128713141913316, -30.144782355711964 ], [ -51.128538699999979, -30.144560399999932 ], [ -51.127784899999938, -30.143373699999977 ], [ -51.128713141913316, -30.144782355711964 ] ], [ [ -51.128860399999951, -30.140366499999963 ], [ -51.129407799999967, -30.140225699999959 ], [ -51.129597738680822, -30.14019857085869 ], [ -51.128860399999951, -30.140366499999963 ] ] ] } },
{ "type": "Feature", "properties": { "ltla_code": "Rio Branco", "ltla_name": "Rio Branco" }, "geometry": { "type": "Polygon", "coordinates": [ [ [ -51.204182599999967, -30.037762699999973 ], [ -51.204929899999968, -30.037471399999955 ], [ -51.205716099999961, -30.03735729999994 ], [ -51.206516299999976, -30.037233599999983 ], [ -51.207269599999961, -30.037123599999969 ], [ -51.208335799999986, -30.036959099999923 ], [ -51.208379099999945, -30.035149499999925 ], [ -51.208421399999963, -30.032996299999972 ], [ -51.208440399999979, -30.03206989999995 ], [ -51.208446399999957, -30.03186629999993 ], [ -51.208457399999986, -30.031065399999932 ], [ -51.208481199999937, -30.030202299999925 ], [ -51.208500699999945, -30.028983599999957 ], [ -51.205872, -30.028789299999978 ], [ -51.204358699999943, -30.028709199999984 ], [ -51.203058799999951, -30.028645599999937 ], [ -51.2002002, -30.028500599999969 ], [ -51.197218199999952, -30.028354499999971 ], [ -51.196030299999961, -30.028281099999951 ], [ -51.195866299999977, -30.029264599999973 ], [ -51.195927199999971, -30.033214899999955 ], [ -51.19594909999995, -30.034075 ], [ -51.195725099999947, -30.034615599999924 ], [ -51.195721299999946, -30.035029699999924 ], [ -51.195773899999949, -30.036392599999932 ], [ -51.19587869999998, -30.038950499999935 ], [ -51.195907, -30.040295199999949 ], [ -51.197439799999984, -30.04007079999997 ], [ -51.197666599999934, -30.039998799999971 ], [ -51.199563299999966, -30.039418699999942 ], [ -51.201046199999958, -30.03908609999996 ], [ -51.201749699999937, -30.038878599999972 ], [ -51.203155299999935, -30.038230199999933 ], [ -51.204182599999967, -30.037762699999973 ] ], [ [ -51.204914099999939, -30.03365539999993 ], [ -51.204929099999958, -30.036133599999964 ], [ -51.204929899999968, -30.037471399999955 ], [ -51.204914099999939, -30.03365539999993 ] ], [ [ -51.204194799999982, -30.03378859999998 ], [ -51.205740799999944, -30.033495399999932 ], [ -51.204914099999939, -30.03365539999993 ], [ -51.204194799999982, -30.03378859999998 ] ], [ [ -51.204194677739196, -30.033794088503655 ], [ -51.204191299999934, -30.032734299999959 ], [ -51.204194799999982, -30.03378859999998 ], [ -51.204194677739196, -30.033794088503655 ] ], [ [ -51.206549282452244, -30.03334486892782 ], [ -51.206549283002559, -30.033344868825356 ], [ -51.206534599999941, -30.035132 ], [ -51.206516299999976, -30.037233599999983 ], [ -51.206549282452244, -30.03334486892782 ] ], [ [ -51.204191641296909, -30.031908848939906 ], [ -51.204191641175811, -30.031909141816048 ], [ -51.198430199999962, -30.033049899999977 ], [ -51.203472499999975, -30.032042799999942 ], [ -51.204191641296909, -30.031908848939906 ] ], [ [ -51.198618270052108, -30.034071439922482 ], [ -51.198654499999975, -30.034239799999952 ], [ -51.19875449999995, -30.03481139999996 ], [ -51.198618270052108, -30.034071439922482 ] ], [ [ -51.200416799999971, -30.03725479999996 ], [ -51.198971899999947, -30.037336699999962 ], [ -51.199447899999939, -30.03728939999996 ], [ -51.200416799999971, -30.03725479999996 ] ], [ [ -51.197136299999954, -30.037479099999928 ], [ -51.197392599999944, -30.039359 ], [ -51.196947399999942, -30.036372599999936 ], [ -51.197136299999954, -30.037479099999928 ] ], [ [ -51.201281788197761, -30.035862141998891 ], [ -51.198437399999932, -30.03642479999996 ], [ -51.199184799999955, -30.036275699999976 ], [ -51.201281786548243, -30.035862136779073 ], [ -51.201281788197761, -30.035862141998891 ] ], [ [ -51.198816599999986, -30.032076 ], [ -51.199118964059323, -30.032021553878746 ], [ -51.197959106380033, -30.032247845434444 ], [ -51.197959101670286, -30.032247754407127 ], [ -51.198816599999986, -30.032076 ] ], [ [ -51.197828899545151, -30.029372196289692 ], [ -51.197810299999958, -30.029371799999971 ], [ -51.196962099999951, -30.029336199999928 ], [ -51.197828899545151, -30.029372196289692 ] ] ] } },
{ "type": "Feature", "properties": { "ltla_code": "Rubem Berta", "ltla_name": "Rubem Berta" }, "geometry": { "type": "Polygon", "coordinates": [ [ [ -51.103959799999984, -30.027144699999948 ], [ -51.103939199999957, -30.027399399999982 ], [ -51.103856499999949, -30.02765189999997 ], [ -51.103869299999985, -30.027852899999964 ], [ -51.10469, -30.02778169999992 ], [ -51.105469899999946, -30.027880299999932 ], [ -51.107103, -30.02856509999998 ], [ -51.107586699999956, -30.027721099999951 ], [ -51.107896, -30.027068099999951 ], [ -51.10799829999997, -30.026523699999984 ], [ -51.107967099999939, -30.026005399999974 ], [ -51.107464799999946, -30.021098199999976 ], [ -51.106930199999965, -30.016309399999955 ], [ -51.104840199999956, -30.016197199999969 ], [ -51.103829399999938, -30.016003099999971 ], [ -51.100401199999965, -30.014808399999929 ], [ -51.100062899999955, -30.014639599999942 ], [ -51.099612599999944, -30.014283399999947 ], [ -51.09725009999994, -30.012234499999977 ], [ -51.098401, -30.01323 ], [ -51.099359, -30.014050699999913 ], [ -51.098955699999976, -30.008000299999932 ], [ -51.098671599999932, -30.004855799999966 ], [ -51.098327599999955, -30.004951 ], [ -51.098322099999962, -30.004309599999935 ], [ -51.09809069999995, -30.002914699999966 ], [ -51.097590099999934, -30.001855099999943 ], [ -51.097558399999969, -30.001333 ], [ -51.097655299999985, -30.000706099999945 ], [ -51.097721799999931, -29.999346399999972 ], [ -51.0952463, -29.999623099999948 ], [ -51.093675599999983, -29.999811499999957 ], [ -51.087751599999933, -30.000497199999987 ], [ -51.087597399999936, -30.002414499999919 ], [ -51.087499499999979, -30.003028299999986 ], [ -51.087482399999942, -30.003746599999936 ], [ -51.087561299999955, -30.004155799999971 ], [ -51.087759799999958, -30.004459899999965 ], [ -51.089021299999956, -30.005915799999961 ], [ -51.090907499999958, -30.008147499999936 ], [ -51.091139099999964, -30.008406199999961 ], [ -51.09284219999995, -30.010277699999964 ], [ -51.093045599999982, -30.010801599999972 ], [ -51.093141899999978, -30.011276 ], [ -51.09310789999995, -30.01148389999997 ], [ -51.093454456267281, -30.011552077752196 ], [ -51.093107099999941, -30.011489 ], [ -51.093014899999957, -30.011839299999959 ], [ -51.092749599999941, -30.012446 ], [ -51.09271, -30.012640699999956 ], [ -51.092773499999964, -30.012858199999972 ], [ -51.092900699999973, -30.013015899999967 ], [ -51.093104199999971, -30.01352949999994 ], [ -51.093384899999933, -30.013893699999983 ], [ -51.093452299999967, -30.014087 ], [ -51.093931599999962, -30.014868099999944 ], [ -51.094011199999954, -30.015073099999935 ], [ -51.094099099999937, -30.015176499999939 ], [ -51.094251199999974, -30.015248 ], [ -51.094395399999939, -30.015496599999942 ], [ -51.094211399999956, -30.016157399999937 ], [ -51.093422499999974, -30.016357799999984 ], [ -51.093250799999964, -30.016621499999925 ], [ -51.093117899999982, -30.016982 ], [ -51.093119699999932, -30.017085899999984 ], [ -51.092998199999954, -30.017231899999956 ], [ -51.092491, -30.017673499999937 ], [ -51.092321499999969, -30.017738399999931 ], [ -51.09133, -30.017345399999947 ], [ -51.090547599999987, -30.017446299999968 ], [ -51.090504299999964, -30.017623 ], [ -51.09058, -30.017835799999943 ], [ -51.09044659999995, -30.018034099999962 ], [ -51.090003099999933, -30.018077299999955 ], [ -51.089779599999986, -30.018030499999945 ], [ -51.089570399999964, -30.017788899999978 ], [ -51.089386599999955, -30.017774499999977 ], [ -51.089026, -30.017918699999942 ], [ -51.088391399999978, -30.018553299999944 ], [ -51.088362599999982, -30.018697499999973 ], [ -51.088514, -30.019577299999977 ], [ -51.08826879999998, -30.019909 ], [ -51.088218299999944, -30.020716599999957 ], [ -51.088030799999956, -30.021315199999936 ], [ -51.087417899999934, -30.021524299999946 ], [ -51.087225699999976, -30.021694399999937 ], [ -51.08817739999995, -30.021965799999975 ], [ -51.089138899999966, -30.021698199999939 ], [ -51.089444199999946, -30.02173 ], [ -51.089508699999953, -30.021627299999981 ], [ -51.089832899999976, -30.021435299999947 ], [ -51.094072099999948, -30.020147099999971 ], [ -51.094524899999954, -30.020197699999983 ], [ -51.094494499999939, -30.020337899999962 ], [ -51.094737899999984, -30.020340399999952 ], [ -51.095506099999966, -30.021223199999955 ], [ -51.096180799999956, -30.020662199999936 ], [ -51.097678655733638, -30.020698673121306 ], [ -51.097743399999956, -30.021369899999971 ], [ -51.098316699999941, -30.021345199999921 ], [ -51.098228499999948, -30.020316899999941 ], [ -51.098404499999958, -30.020157599999944 ], [ -51.098779899999954, -30.020019 ], [ -51.09899, -30.020354299999944 ], [ -51.09924929999994, -30.020327399999925 ], [ -51.100117599999976, -30.020387499999963 ], [ -51.100056099999961, -30.02078559999995 ], [ -51.099904899999956, -30.021280199999971 ], [ -51.100005099999976, -30.021459 ], [ -51.099929199999963, -30.022559 ], [ -51.099760799999956, -30.024493799999966 ], [ -51.099648399999985, -30.024938099999922 ], [ -51.100045899999941, -30.02504789999994 ], [ -51.100369299999954, -30.025312399999954 ], [ -51.10095, -30.025926399999946 ], [ -51.101868399999944, -30.025896399999969 ], [ -51.101920299999961, -30.025941699999962 ], [ -51.102561, -30.02598339999998 ], [ -51.10281729999997, -30.026085199999951 ], [ -51.103823299999931, -30.025962 ], [ -51.10380269999996, -30.02651869999994 ], [ -51.103738399999941, -30.026693299999966 ], [ -51.103479399999969, -30.02663169999995 ], [ -51.103463499999975, -30.027119099999933 ], [ -51.103959799999984, -30.027144699999948 ] ], [ [ -51.106529499999965, -30.021172099999941 ], [ -51.105823199999975, -30.021211599999958 ], [ -51.107464799999946, -30.021098199999976 ], [ -51.106529499999965, -30.021172099999941 ] ], [ [ -51.097793499999966, -30.005400299999955 ], [ -51.097697597707274, -30.005459962497433 ], [ -51.097918199999981, -30.005293499999929 ], [ -51.098327599999955, -30.004951 ], [ -51.097793499999966, -30.005400299999955 ] ], [ [ -51.092080799999962, -30.007934299999921 ], [ -51.092744899999957, -30.007621199999949 ], [ -51.091139099999964, -30.008406199999961 ], [ -51.092080799999962, -30.007934299999921 ] ], [ [ -51.100199099999941, -30.017818 ], [ -51.100251955084552, -30.018411603257789 ], [ -51.100109865898695, -30.017280221902332 ], [ -51.100199099999941, -30.017818 ] ], [ [ -51.101662241048857, -30.021874956336163 ], [ -51.101555799999971, -30.022123699999948 ], [ -51.101602899999932, -30.021950499999942 ], [ -51.101662241048857, -30.021874956336163 ] ], [ [ -51.101992699999983, -30.021651399999939 ], [ -51.101721074721908, -30.02180005858332 ], [ -51.101747199999977, -30.021766799999959 ], [ -51.101992699999983, -30.021651399999939 ] ], [ [ -51.104329, -30.025694399999963 ], [ -51.104254699999956, -30.02479029999995 ], [ -51.104386699999964, -30.026124899999942 ], [ -51.104329, -30.025694399999963 ] ], [ [ -51.10728469999998, -30.027022599999945 ], [ -51.107253160499646, -30.027036407427882 ], [ -51.107299194492647, -30.027008814607669 ], [ -51.10728469999998, -30.027022599999945 ] ], [ [ -51.107051199999944, -30.025669299999944 ], [ -51.1069074624954, -30.025866130369472 ], [ -51.106928399999958, -30.025809299999938 ], [ -51.107051199999944, -30.025669299999944 ] ], [ [ -51.107057, -30.026349399999951 ], [ -51.106707073953821, -30.026522273530411 ], [ -51.10672459999995, -30.026501699999969 ], [ -51.107057, -30.026349399999951 ] ], [ [ -51.106695598437, -30.025597093690564 ], [ -51.106666799999971, -30.025009899999922 ], [ -51.106713799999966, -30.025546199999944 ], [ -51.106695598437, -30.025597093690564 ] ], [ [ -51.106921296550304, -30.027139478918592 ], [ -51.107016729853157, -30.027139912527165 ], [ -51.106974499999978, -30.027158399999966 ], [ -51.106921296550304, -30.027139478918592 ] ], [ [ -51.106525599999941, -30.023683099999964 ], [ -51.106335199999933, -30.023972699999938 ], [ -51.106656099999952, -30.023405399999952 ], [ -51.106525599999941, -30.023683099999964 ] ], [ [ -51.106229199999973, -30.023031799999956 ], [ -51.10639139999995, -30.02314849999992 ], [ -51.10642769313138, -30.023206088659947 ], [ -51.106229199999973, -30.023031799999956 ] ], [ [ -51.1057, -30.023686699999917 ], [ -51.105627499999969, -30.023547299999962 ], [ -51.105609799999968, -30.023422599999947 ], [ -51.1057, -30.023686699999917 ] ], [ [ -51.106508599999984, -30.023464599999954 ], [ -51.106336499999941, -30.023690899999949 ], [ -51.106208099999947, -30.023787599999928 ], [ -51.106508599999984, -30.023464599999954 ] ], [ [ -51.10464597541754, -30.01947955510412 ], [ -51.104718099999957, -30.019457599999949 ], [ -51.104767296490891, -30.019483235040386 ], [ -51.10464597541754, -30.01947955510412 ] ], [ [ -51.104256899999939, -30.0197 ], [ -51.104491099999969, -30.019526699999972 ], [ -51.104557265983658, -30.019506558724753 ], [ -51.104256899999939, -30.0197 ] ], [ [ -51.105645784541494, -30.020195036381025 ], [ -51.105582899999945, -30.020209899999927 ], [ -51.10536349999996, -30.020153199999982 ], [ -51.105645784541494, -30.020195036381025 ] ], [ [ -51.105929199999935, -30.020058299999963 ], [ -51.105802899999958, -30.020157899999955 ], [ -51.105721895225912, -30.020177046582901 ], [ -51.105929199999935, -30.020058299999963 ] ], [ [ -51.104854943023035, -30.019528905419573 ], [ -51.104934, -30.019570099999953 ], [ -51.105131699999959, -30.019796399999958 ], [ -51.104854943023035, -30.019528905419573 ] ], [ [ -51.10149709999996, -30.015662199999944 ], [ -51.100782199999976, -30.015694199999917 ], [ -51.100907399999983, -30.015684599999922 ], [ -51.10149709999996, -30.015662199999944 ] ], [ [ -51.101723499999935, -30.018444599999949 ], [ -51.102318299999979, -30.018404399999948 ], [ -51.101297672139978, -30.018495633218286 ], [ -51.10141619999996, -30.018484199999925 ], [ -51.101723499999935, -30.018444599999949 ] ], [ [ -51.095330099999956, -30.004437899999971 ], [ -51.095275599999979, -30.005417099999928 ], [ -51.095230499999957, -30.006086099999951 ], [ -51.095330099999956, -30.004437899999971 ] ], [ [ -51.095150899999965, -30.007497699999931 ], [ -51.095135885312644, -30.007751970595404 ], [ -51.095230499999957, -30.006086099999951 ], [ -51.095150899999965, -30.007497699999931 ] ], [ [ -51.094685499999969, -30.006078199999937 ], [ -51.094204089427691, -30.006021661668036 ], [ -51.095230499999957, -30.006086099999951 ], [ -51.094685499999969, -30.006078199999937 ] ], [ [ -51.096298260448314, -30.011828310984182 ], [ -51.09651619999994, -30.011864 ], [ -51.096849599999985, -30.011982199999981 ], [ -51.096298260448314, -30.011828310984182 ] ], [ [ -51.096092399999975, -30.011794599999966 ], [ -51.096157294600637, -30.011805226911918 ], [ -51.095665732611096, -30.011781081117057 ], [ -51.096092399999975, -30.011794599999966 ] ], [ [ -51.094257083574355, -30.011697829912617 ], [ -51.094586394312152, -30.01172806342711 ], [ -51.094363199999982, -30.011717099999935 ], [ -51.094257083574355, -30.011697829912617 ] ], [ [ -51.097486717576331, -30.005591154723682 ], [ -51.09739019999995, -30.005651199999928 ], [ -51.096934199999964, -30.005820499999967 ], [ -51.097486717576331, -30.005591154723682 ] ], [ [ -51.092957442498857, -30.018228679870433 ], [ -51.093073699999941, -30.018176799999928 ], [ -51.093370599999957, -30.01814829999995 ], [ -51.092957442498857, -30.018228679870433 ] ], [ [ -51.094003199999975, -30.018233299999956 ], [ -51.094534738769063, -30.018141398437088 ], [ -51.094479, -30.018165299999968 ], [ -51.094003199999975, -30.018233299999956 ] ], [ [ -51.092639499999962, -30.003450299999944 ], [ -51.090793599999984, -30.003663099999976 ], [ -51.09393069999993, -30.003289299999949 ], [ -51.092639499999962, -30.003450299999944 ] ], [ [ -51.090957899999978, -30.005858199999977 ], [ -51.09056709999993, -30.000862299999934 ], [ -51.090699699999959, -30.002512299999974 ], [ -51.09074709999993, -30.003089 ], [ -51.090793599999984, -30.003663099999976 ], [ -51.090957899999978, -30.005858199999977 ] ], [ [ -51.093198099999945, -30.002214899999956 ], [ -51.093848399999956, -30.00213889999997 ], [ -51.090699699999959, -30.002512299999974 ], [ -51.093198099999945, -30.002214899999956 ] ] ] } },
{ "type": "Feature", "properties": { "ltla_code": "Santa Cecília", "ltla_name": "Santa Cecília" }, "geometry": { "type": "Polygon", "coordinates": [ [ [ -51.200563199999976, -30.04341039999996 ], [ -51.201007199999935, -30.043326099999945 ], [ -51.203983199999982, -30.043347099999938 ], [ -51.204942, -30.043306399999935 ], [ -51.205426099999954, -30.043334399999932 ], [ -51.206026599999973, -30.043495399999976 ], [ -51.206611, -30.043808199999955 ], [ -51.207002699999975, -30.044079699999934 ], [ -51.207846899999936, -30.04301769999995 ], [ -51.208015099999955, -30.042616299999956 ], [ -51.208085499999981, -30.041746199999981 ], [ -51.208335799999986, -30.036959099999923 ], [ -51.204929899999968, -30.037471399999955 ], [ -51.204007299999944, -30.037838199999953 ], [ -51.202840099999946, -30.038379799999973 ], [ -51.201749699999937, -30.038878599999972 ], [ -51.201046199999958, -30.03908609999996 ], [ -51.199563299999966, -30.039418699999942 ], [ -51.198719399999959, -30.039680399999948 ], [ -51.197439799999984, -30.04007079999997 ], [ -51.195907, -30.040295199999949 ], [ -51.196263499999986, -30.041790699999986 ], [ -51.197331299999973, -30.046307799999962 ], [ -51.197829499999955, -30.046570399999947 ], [ -51.198705799999971, -30.045334699999952 ], [ -51.199230199999931, -30.044544 ], [ -51.199922799999968, -30.043623099999937 ], [ -51.200563199999976, -30.04341039999996 ] ], [ [ -51.197784299999967, -30.041510799999955 ], [ -51.198145499999953, -30.042950699999942 ], [ -51.198705799999971, -30.045334699999952 ], [ -51.197784299999967, -30.041510799999955 ] ], [ [ -51.200949399999956, -30.040953299999945 ], [ -51.20050249999997, -30.042139699999954 ], [ -51.199922799999968, -30.043623099999937 ], [ -51.200949399999956, -30.040953299999945 ] ], [ [ -51.201985355258671, -30.040777043377922 ], [ -51.201985355258671, -30.040777043377926 ], [ -51.200949399999956, -30.040953299999945 ], [ -51.201985355258671, -30.040777043377922 ] ] ] } },
{ "type": "Feature", "properties": { "ltla_code": "Santa Maria Goretti", "ltla_name": "Santa Maria Goretti" }, "geometry": { "type": "Polygon", "coordinates": [ [ [ -51.180351699999967, -30.008658599999926 ], [ -51.181184899999955, -30.008645 ], [ -51.182496399999934, -30.00850389999993 ], [ -51.182687199999975, -30.003240399999981 ], [ -51.180542099999968, -30.003216099999978 ], [ -51.177808399999947, -30.003218799999946 ], [ -51.176565399999959, -30.003209099999935 ], [ -51.174095099999931, -30.00321339999994 ], [ -51.171939899999984, -30.003202499999912 ], [ -51.170160099999983, -30.003071099999943 ], [ -51.168332, -30.002796799999942 ], [ -51.167491499999983, -30.007344499999931 ], [ -51.167807499999981, -30.007401399999921 ], [ -51.167753799999957, -30.007710699999954 ], [ -51.169187, -30.007906 ], [ -51.169322799999975, -30.007793199999981 ], [ -51.169484099999977, -30.007835299999954 ], [ -51.172787599999936, -30.008027399999946 ], [ -51.173986799999966, -30.007975699999971 ], [ -51.175161899999978, -30.008223899999955 ], [ -51.176394499999958, -30.008431799999986 ], [ -51.177579199999968, -30.008560799999934 ], [ -51.178725099999951, -30.00863 ], [ -51.178889499999968, -30.008749299999966 ], [ -51.179189199999939, -30.008690199999929 ], [ -51.180351699999967, -30.008658599999926 ] ] ] } },
{ "type": "Feature", "properties": { "ltla_code": "Santa Rosa de Lima", "ltla_name": "Santa Rosa de Lima" }, "geometry": { "type": "Polygon", "coordinates": [ [ [ -51.108366599999954, -30.002068799999957 ], [ -51.109261499999945, -30.002145499999976 ], [ -51.109911899999986, -30.002123799999932 ], [ -51.11524859999998, -30.000598399999937 ], [ -51.113623799999971, -29.996270399999954 ], [ -51.113266799999963, -29.995429699999931 ], [ -51.112771899999984, -29.994639099999979 ], [ -51.112630499999966, -29.994276499999948 ], [ -51.112645099999952, -29.992092599999982 ], [ -51.108910199999968, -29.991353 ], [ -51.110643099999947, -29.991679299999934 ], [ -51.112219499999981, -29.991987799999951 ], [ -51.112247599999932, -29.991416799999957 ], [ -51.112373499999933, -29.990644599999925 ], [ -51.11232149999995, -29.988861699999969 ], [ -51.11234079999997, -29.987833499999962 ], [ -51.112394299999949, -29.986167799999972 ], [ -51.11097842604245, -29.985948390481475 ], [ -51.111061599999971, -29.985779199999971 ], [ -51.110285199999964, -29.985556499999966 ], [ -51.109637899999939, -29.985363599999957 ], [ -51.109231578150109, -29.985236127686481 ], [ -51.109157099999948, -29.983855699999943 ], [ -51.107193099999961, -29.98395459999994 ], [ -51.107364399999938, -29.978534899999939 ], [ -51.107461399999977, -29.978229499999927 ], [ -51.094078899999943, -29.979547499999967 ], [ -51.088964199999964, -29.979989 ], [ -51.088431499999956, -29.979935599999976 ], [ -51.089017399999932, -29.986485699999946 ], [ -51.089016499999957, -29.987687799999939 ], [ -51.088808799999981, -29.990421099999939 ], [ -51.088238099999955, -29.996930899999931 ], [ -51.088124099999959, -29.997677399999919 ], [ -51.087900299999944, -29.999004199999948 ], [ -51.087751599999933, -30.000497199999987 ], [ -51.093675599999983, -29.999811499999957 ], [ -51.095634599999983, -29.999576499999925 ], [ -51.097721799999931, -29.999346399999972 ], [ -51.097807699999983, -29.998564 ], [ -51.097810446109158, -29.998540789981128 ], [ -51.09769509999996, -29.999897299999922 ], [ -51.097655299999985, -30.000706099999945 ], [ -51.097558399999969, -30.001333 ], [ -51.097567499999968, -30.001688499999943 ], [ -51.09761119999996, -30.001906199999947 ], [ -51.09809069999995, -30.002914699999966 ], [ -51.098322099999962, -30.004309599999935 ], [ -51.098327599999955, -30.004951 ], [ -51.098671599999932, -30.004855799999966 ], [ -51.100672499999973, -30.00307389999994 ], [ -51.101282499999968, -30.002526399999972 ], [ -51.101566, -30.002347499999917 ], [ -51.102475599999934, -30.002203199999926 ], [ -51.103905499999939, -30.002161599999969 ], [ -51.104604799999947, -30.002121399999965 ], [ -51.104930499999966, -30.00196689999996 ], [ -51.105107, -30.001702299999977 ], [ -51.106484699999953, -30.001751099999979 ], [ -51.107007299999964, -30.001839399999938 ], [ -51.107312799999931, -30.001968399999939 ], [ -51.108145399999955, -30.002104899999953 ], [ -51.108366599999954, -30.002068799999957 ] ], [ [ -51.105408599999976, -30.000896399999924 ], [ -51.105481216535551, -30.00076352015564 ], [ -51.105107, -30.001702299999977 ], [ -51.105408599999976, -30.000896399999924 ] ], [ [ -51.106666099999984, -29.99158209999996 ], [ -51.106810642999172, -29.991614519176728 ], [ -51.105180799999971, -29.991387 ], [ -51.103591, -29.991176599999953 ], [ -51.106666099999984, -29.99158209999996 ] ], [ [ -51.104804014663856, -29.992751026414549 ], [ -51.104809399999965, -29.992608499999964 ], [ -51.104870817350253, -29.992406504056564 ], [ -51.104804014663856, -29.992751026414549 ] ], [ [ -51.104816299999982, -29.99431 ], [ -51.104783199999986, -29.993301899999945 ], [ -51.104789059062966, -29.993146836096447 ], [ -51.104816299999982, -29.99431 ] ], [ [ -51.105879699999946, -29.995528499999978 ], [ -51.103011899999956, -29.996667 ], [ -51.105324499999938, -29.995743199999922 ], [ -51.105879699999946, -29.995528499999978 ] ], [ [ -51.101985399999933, -29.996864799999965 ], [ -51.101957823092931, -29.996858724684724 ], [ -51.102384599999937, -29.996777499999954 ], [ -51.103011899999956, -29.996667 ], [ -51.101985399999933, -29.996864799999965 ] ], [ [ -51.107041923707968, -29.996510083181047 ], [ -51.105382299999974, -29.996845399999984 ], [ -51.101983699999948, -29.997529699999966 ], [ -51.107041923727756, -29.996510081365034 ], [ -51.107041923707968, -29.996510083181047 ] ], [ [ -51.100140499999952, -29.995302199999959 ], [ -51.100176, -29.99474279999998 ], [ -51.100043099999937, -29.997311599999932 ], [ -51.100316799999973, -29.996497199999958 ], [ -51.100032099999964, -29.997437299999941 ], [ -51.100140499999952, -29.995302199999959 ] ], [ [ -51.099321199999963, -29.997995399999979 ], [ -51.099373599999979, -29.997121299999943 ], [ -51.099498399999959, -29.995249899999976 ], [ -51.099321199999963, -29.997995399999979 ] ], [ [ -51.097971599999937, -29.997991499999955 ], [ -51.098121629777474, -29.99597051401766 ], [ -51.098082899999952, -29.996591399999943 ], [ -51.097971599999937, -29.997991499999955 ] ], [ [ -51.101278550481929, -29.998698811988671 ], [ -51.099282, -29.998604199999917 ], [ -51.097811354499001, -29.998533112301892 ], [ -51.09781135451545, -29.998533112162846 ], [ -51.101278551008875, -29.998698803661661 ], [ -51.101278550481929, -29.998698811988671 ] ], [ [ -51.108401699999952, -29.990588299999949 ], [ -51.108479199999977, -29.990613799999949 ], [ -51.10830578214734, -29.990559958648422 ], [ -51.108401699999952, -29.990588299999949 ] ], [ [ -51.105759499999976, -29.998554799999962 ], [ -51.105761220650407, -29.998554112451046 ], [ -51.105758373782656, -29.998559077798763 ], [ -51.105759499999976, -29.998554799999962 ] ], [ [ -51.105675081002104, -29.998875455243265 ], [ -51.105711998900759, -29.998735227118374 ], [ -51.105709099999963, -29.99885069999992 ], [ -51.105675081002104, -29.998875455243265 ] ], [ [ -51.102674499999978, -29.999418 ], [ -51.105586899999935, -29.999210399999981 ], [ -51.103615099999956, -29.99936149999996 ], [ -51.102674499999978, -29.999418 ] ], [ [ -51.108560799999964, -29.998244899999968 ], [ -51.10781019999996, -30.000219399999928 ], [ -51.108570189915589, -29.998198551376429 ], [ -51.108560799999964, -29.998244899999968 ] ], [ [ -51.109286299999951, -30.000251599999952 ], [ -51.107959499999936, -30.000240199999951 ], [ -51.106287299999963, -30.000026899999966 ], [ -51.10781019999996, -30.000219399999928 ], [ -51.109286299999951, -30.000251599999952 ] ], [ [ -51.108619799999985, -29.996045599999931 ], [ -51.108623299999977, -29.997936399999951 ], [ -51.108619650311468, -29.996032249021003 ], [ -51.109248, -29.996042099999951 ], [ -51.108619799999985, -29.996045599999931 ] ], [ [ -51.105650199999957, -30.000454299999934 ], [ -51.105725448215694, -30.000364108486007 ], [ -51.105530067259082, -30.000674128993079 ], [ -51.105650199999957, -30.000454299999934 ] ], [ [ -51.106955099999936, -29.997993299999969 ], [ -51.106732299999983, -29.998911299999968 ], [ -51.106985103422396, -29.997803199264009 ], [ -51.106955099999936, -29.997993299999969 ] ], [ [ -51.107015958193479, -29.997607704410104 ], [ -51.107039341405567, -29.996747025172159 ], [ -51.107031, -29.997512399999948 ], [ -51.107015958193479, -29.997607704410104 ] ], [ [ -51.107050399999935, -29.994818299999967 ], [ -51.107100199999934, -29.994254199999943 ], [ -51.107109106666222, -29.99423240551717 ], [ -51.107050399999935, -29.994818299999967 ] ], [ [ -51.110964699999954, -29.994554899999965 ], [ -51.112142199999937, -29.994530099999956 ], [ -51.11084969999996, -29.994574899999975 ], [ -51.110964699999954, -29.994554899999965 ] ], [ [ -51.106482399999948, -29.992924799999972 ], [ -51.106823133989025, -29.991617320748649 ], [ -51.106823136804501, -29.991617321380126 ], [ -51.106568599999946, -29.992605099999935 ], [ -51.106482399999948, -29.992924799999972 ] ], [ [ -51.100787666359729, -30.002006352670914 ], [ -51.100865604523705, -30.001910311409574 ], [ -51.100829, -30.001969099999936 ], [ -51.100787666359729, -30.002006352670914 ] ], [ [ -51.100934057264006, -30.001800373082325 ], [ -51.100933975121805, -30.001800505006567 ], [ -51.100545557935746, -30.001770764430606 ], [ -51.100590199999942, -30.001771599999984 ], [ -51.100934057264006, -30.001800373082325 ] ], [ [ -51.101062444155268, -30.001506519503483 ], [ -51.101053899999954, -30.001607899999946 ], [ -51.100983199583489, -30.001721448201049 ], [ -51.101062444155268, -30.001506519503483 ] ], [ [ -51.095934199999931, -29.987848499999977 ], [ -51.09564979999994, -29.98623839999993 ], [ -51.095993131780418, -29.988157181643885 ], [ -51.095934199999931, -29.987848499999977 ] ], [ [ -51.096065565310333, -29.988771447847498 ], [ -51.096033754571685, -29.988384210630546 ], [ -51.096059, -29.988525299999928 ], [ -51.096065565310333, -29.988771447847498 ] ], [ [ -51.095921193104111, -29.989869544325501 ], [ -51.096070727452556, -29.988964987851979 ], [ -51.096071799999947, -29.989005199999948 ], [ -51.095921193104111, -29.989869544325501 ] ], [ [ -51.095736598237572, -29.990887888907086 ], [ -51.095849650360435, -29.990280133523196 ], [ -51.095756, -29.990817599999961 ], [ -51.095736598237572, -29.990887888907086 ] ], [ [ -51.096827099999985, -29.991714599999963 ], [ -51.095504156413156, -29.991748171685884 ], [ -51.095504156930708, -29.991748169866479 ], [ -51.097773552324902, -29.991689769941406 ], [ -51.097773551840639, -29.991689780800307 ], [ -51.096827099999985, -29.991714599999963 ] ], [ [ -51.098226448922382, -29.994290134167468 ], [ -51.094797306915638, -29.994317599826005 ], [ -51.094797309555915, -29.994317589166702 ], [ -51.09666969999995, -29.994301 ], [ -51.097657399999946, -29.994294299999979 ], [ -51.098226449621841, -29.994290122954272 ], [ -51.098226448922382, -29.994290134167468 ] ], [ [ -51.102715499999931, -29.993017699999942 ], [ -51.102701637084962, -29.993068150645644 ], [ -51.102698484874722, -29.992782497352774 ], [ -51.102715499999931, -29.993017699999942 ] ], [ [ -51.102686220338335, -29.992612962812856 ], [ -51.102472599999942, -29.991748299999976 ], [ -51.10268439999993, -29.992587799999956 ], [ -51.102686220338335, -29.992612962812856 ] ], [ [ -51.101681431461721, -29.991029955739915 ], [ -51.101730082126046, -29.991638918316756 ], [ -51.10171749999995, -29.991589699999963 ], [ -51.101681291555344, -29.991029944995883 ], [ -51.101681431461721, -29.991029955739915 ] ], [ [ -51.101165937009441, -29.990990368628484 ], [ -51.098436299999953, -29.990829 ], [ -51.100421499999982, -29.990933199999962 ], [ -51.101165937009441, -29.990990368628484 ] ], [ [ -51.098399899999947, -29.991509499999943 ], [ -51.098385054341016, -29.991747494176945 ], [ -51.098436299999953, -29.990829 ], [ -51.098399899999947, -29.991509499999943 ] ], [ [ -51.099688299999968, -29.992140699999926 ], [ -51.10188409999995, -29.992241399999958 ], [ -51.101250499999935, -29.992216199999966 ], [ -51.099688299999968, -29.992140699999926 ] ], [ [ -51.089848599999982, -29.995911199999977 ], [ -51.093279199999984, -29.995732899999954 ], [ -51.092631399999959, -29.995766699999933 ], [ -51.089848599999982, -29.995911199999977 ] ], [ [ -51.094485416886691, -29.996165849720906 ], [ -51.094567, -29.996495299999928 ], [ -51.0944904, -29.996249599999931 ], [ -51.094485416886691, -29.996165849720906 ] ], [ [ -51.094609799999944, -29.995074599999946 ], [ -51.094479402391642, -29.99606476519644 ], [ -51.094472799999949, -29.995953799999931 ], [ -51.094609799999944, -29.995074599999946 ] ] ] } },
{ "type": "Feature", "properties": { "ltla_code": "Santa Tereza", "ltla_name": "Santa Tereza" }, "geometry": { "type": "Polygon", "coordinates": [ [ [ -51.232342399999936, -30.083806599999946 ], [ -51.231053399999951, -30.082832499999927 ], [ -51.23227989999998, -30.082160599999945 ], [ -51.23413979999998, -30.081155699999947 ], [ -51.23384219999997, -30.080601899999976 ], [ -51.234038899999973, -30.080414499999957 ], [ -51.234366399999942, -30.080246399999957 ], [ -51.234182799999985, -30.079951399999967 ], [ -51.23476009999996, -30.077973599999947 ], [ -51.234868199999937, -30.077929399999963 ], [ -51.235298599999965, -30.077381599999967 ], [ -51.235457, -30.077278299999943 ], [ -51.236011099999985, -30.077272 ], [ -51.237047399999938, -30.076779499999923 ], [ -51.237867399999971, -30.07691229999994 ], [ -51.238668699999948, -30.076667699999966 ], [ -51.240362599999969, -30.075679499999975 ], [ -51.240717399999937, -30.07518429999994 ], [ -51.240855399999987, -30.07441939999995 ], [ -51.241302, -30.073893099999957 ], [ -51.240617799999939, -30.072987299999959 ], [ -51.239822099999969, -30.071163099999978 ], [ -51.239262599999961, -30.070518499999938 ], [ -51.237347099999965, -30.068565699999965 ], [ -51.236685099999931, -30.067892599999929 ], [ -51.236101899999937, -30.067311499999942 ], [ -51.235358299999973, -30.066664599999978 ], [ -51.232556699999975, -30.06448759999995 ], [ -51.232181099999934, -30.064125099999949 ], [ -51.231862099999944, -30.063733399999926 ], [ -51.231634399999962, -30.063196599999973 ], [ -51.229146199999946, -30.064003299999975 ], [ -51.226490699999943, -30.065610099999962 ], [ -51.224101499999961, -30.067101499999975 ], [ -51.224262899999985, -30.067669 ], [ -51.22427522467386, -30.067805691837538 ], [ -51.223181799999963, -30.063780399999924 ], [ -51.222967199999971, -30.06324589999997 ], [ -51.221851299999976, -30.062406199999938 ], [ -51.221099, -30.061916099999959 ], [ -51.21964, -30.061172899999971 ], [ -51.219100399999945, -30.060717499999949 ], [ -51.217176599999959, -30.063428299999941 ], [ -51.216902899999987, -30.063874 ], [ -51.216585399999985, -30.064390899999978 ], [ -51.216050199999984, -30.065230799999938 ], [ -51.215237499999944, -30.06626279999994 ], [ -51.213748, -30.067973799999958 ], [ -51.213417199999988, -30.06842829999993 ], [ -51.213028099999974, -30.068498799999929 ], [ -51.213233099999968, -30.069670099999946 ], [ -51.213198799999986, -30.072037099999921 ], [ -51.213189599999964, -30.074129 ], [ -51.214809699999932, -30.074651499999952 ], [ -51.214755099999934, -30.075762 ], [ -51.21454609999995, -30.076711199999981 ], [ -51.21712139999994, -30.078616599999972 ], [ -51.218409399999985, -30.079607399999919 ], [ -51.21932129999994, -30.080577799999954 ], [ -51.220835499999964, -30.081402099999931 ], [ -51.222391799999976, -30.082555899999935 ], [ -51.224251899999956, -30.083944 ], [ -51.227939099999958, -30.086683299999937 ], [ -51.229534199999932, -30.085083299999944 ], [ -51.230919699999959, -30.084859 ], [ -51.23219469999998, -30.084609599999961 ], [ -51.232159599999932, -30.084249599999957 ], [ -51.232342399999936, -30.083806599999946 ] ], [ [ -51.233531699999958, -30.073570099999987 ], [ -51.2339492, -30.07358319999997 ], [ -51.241302, -30.073893099999957 ], [ -51.233531699999958, -30.073570099999987 ] ], [ [ -51.231447399999979, -30.06489409999994 ], [ -51.229813899999954, -30.065479899999946 ], [ -51.232556699999975, -30.06448759999995 ], [ -51.231447399999979, -30.06489409999994 ] ], [ [ -51.230579, -30.066996899999928 ], [ -51.230048799999963, -30.065959699999947 ], [ -51.229813899999954, -30.065479899999946 ], [ -51.230579, -30.066996899999928 ] ], [ [ -51.217064499999942, -30.064617 ], [ -51.217442027186266, -30.064795203048632 ], [ -51.21744202700804, -30.064795203342346 ], [ -51.216585399999985, -30.064390899999978 ], [ -51.217064499999942, -30.064617 ] ], [ [ -51.227680683412757, -30.083737769495922 ], [ -51.22768082441435, -30.083737673873035 ], [ -51.228568499999938, -30.084357399999924 ], [ -51.229534199999932, -30.085083299999944 ], [ -51.227680683412757, -30.083737769495922 ] ], [ [ -51.229198699999984, -30.071702699999946 ], [ -51.227717804279763, -30.07109871924709 ], [ -51.227985799999942, -30.071187 ], [ -51.229198699999984, -30.071702699999946 ] ], [ [ -51.227195299999956, -30.072467099999976 ], [ -51.226784599999974, -30.073650399999963 ], [ -51.226579795986623, -30.074341382075747 ], [ -51.226574299999982, -30.074274699999926 ], [ -51.22677269999997, -30.07367469999997 ], [ -51.227668529320674, -30.071082487530841 ], [ -51.227668540884835, -30.071082491340203 ], [ -51.227195299999956, -30.072467099999976 ] ], [ [ -51.22869739999993, -30.076078799999951 ], [ -51.227646499999935, -30.075298199999953 ], [ -51.226627699999938, -30.074528399999963 ], [ -51.22869739999993, -30.076078799999951 ] ], [ [ -51.227143799999965, -30.077679899999968 ], [ -51.225622499999986, -30.07922729999995 ], [ -51.22869739999993, -30.076078799999951 ], [ -51.227143799999965, -30.077679899999968 ] ], [ [ -51.22886081165381, -30.078983404120272 ], [ -51.228473699999938, -30.078722599999928 ], [ -51.227143799999965, -30.077679899999968 ], [ -51.22886081165381, -30.078983404120272 ] ], [ [ -51.22449689999997, -30.079469299999968 ], [ -51.22356689999998, -30.078686499999939 ], [ -51.22499339999996, -30.079867299999925 ], [ -51.22449689999997, -30.079469299999968 ] ], [ [ -51.23080589999995, -30.066955899999968 ], [ -51.232035099999962, -30.067901499999941 ], [ -51.232132699999966, -30.067985299999972 ], [ -51.23080589999995, -30.066955899999968 ] ], [ [ -51.228639899999962, -30.081580799999983 ], [ -51.227485099999974, -30.08062 ], [ -51.229290599999963, -30.082103199999946 ], [ -51.228639899999962, -30.081580799999983 ] ], [ [ -51.226115917753965, -30.083059839737945 ], [ -51.226299899999958, -30.082886099999932 ], [ -51.226136899999979, -30.083076499999951 ], [ -51.226115917753965, -30.083059839737945 ] ], [ [ -51.227648075320836, -30.083759883288188 ], [ -51.226688899999942, -30.084777399999947 ], [ -51.227633599999933, -30.083769699999952 ], [ -51.227648075320836, -30.083759883288188 ] ], [ [ -51.231179599999962, -30.076976399999975 ], [ -51.230571599999962, -30.078930799999963 ], [ -51.231386699999973, -30.07628079999995 ], [ -51.231179599999962, -30.076976399999975 ] ], [ [ -51.230252299999961, -30.082764299999941 ], [ -51.230252252893578, -30.082764267617666 ], [ -51.230433799999958, -30.082859799999937 ], [ -51.230252299999961, -30.082764299999941 ] ], [ [ -51.229849399999978, -30.074901899999933 ], [ -51.230384899999933, -30.07477149999993 ], [ -51.230486199999973, -30.074755599999946 ], [ -51.229849399999978, -30.074901899999933 ] ], [ [ -51.230983899999956, -30.075415 ], [ -51.231117799999936, -30.075620199999939 ], [ -51.230486199999973, -30.074755599999946 ], [ -51.230983899999956, -30.075415 ] ], [ [ -51.234337, -30.071364299999974 ], [ -51.234283199999936, -30.071558499999981 ], [ -51.234251899999947, -30.07159179999995 ], [ -51.234337, -30.071364299999974 ] ], [ [ -51.224096299999985, -30.080800299999961 ], [ -51.224356099999966, -30.080544799999977 ], [ -51.22366004461702, -30.08124191868723 ], [ -51.223661799999945, -30.081240099999945 ], [ -51.224096299999985, -30.080800299999961 ] ], [ [ -51.225132799999983, -30.075923699999976 ], [ -51.22527249999996, -30.076033499999937 ], [ -51.225272935802543, -30.076033858960901 ], [ -51.225132799999983, -30.075923699999976 ] ], [ [ -51.224851799999954, -30.078515899999953 ], [ -51.225185, -30.078880199999954 ], [ -51.224582, -30.078228099999926 ], [ -51.224512532350253, -30.078134398837935 ], [ -51.224851799999954, -30.078515899999953 ] ], [ [ -51.225437699999986, -30.076780099999951 ], [ -51.226203299999952, -30.077659499999982 ], [ -51.225776899999971, -30.077175399999934 ], [ -51.225437699999986, -30.076780099999951 ] ], [ [ -51.222289199999977, -30.070061099999986 ], [ -51.222539199999972, -30.069866299999941 ], [ -51.222665199999938, -30.069801399999953 ], [ -51.222289199999977, -30.070061099999986 ] ], [ [ -51.221368749420989, -30.070345646352362 ], [ -51.22142759999997, -30.070300199999956 ], [ -51.222289199999977, -30.070061099999986 ], [ -51.221368749420989, -30.070345646352362 ] ], [ [ -51.221271299999955, -30.070420899999938 ], [ -51.221303648635519, -30.070395919319761 ], [ -51.221007, -30.070884199999959 ], [ -51.221271299999955, -30.070420899999938 ] ], [ [ -51.22096339999996, -30.071233299999957 ], [ -51.220907899999986, -30.072048699999979 ], [ -51.220959499999935, -30.071192199999917 ], [ -51.221007, -30.070884199999959 ], [ -51.22096339999996, -30.071233299999957 ] ], [ [ -51.22352479999995, -30.076802099999941 ], [ -51.221236499999975, -30.074164899999971 ], [ -51.221929499999931, -30.074935 ], [ -51.22352479999995, -30.076802099999941 ] ], [ [ -51.222927, -30.074268699999941 ], [ -51.222804199999985, -30.074377 ], [ -51.221929499999931, -30.074935 ], [ -51.222927, -30.074268699999941 ] ], [ [ -51.223461499999985, -30.072767299999956 ], [ -51.223054, -30.073970599999942 ], [ -51.222927, -30.074268699999941 ], [ -51.223461499999985, -30.072767299999956 ] ], [ [ -51.217846, -30.074057499999974 ], [ -51.217077299999971, -30.074108499999955 ], [ -51.216296599999964, -30.074155599999987 ], [ -51.217846, -30.074057499999974 ] ], [ [ -51.223503599999958, -30.06997129999996 ], [ -51.223625699999957, -30.070022299999948 ], [ -51.223438322940147, -30.069968426237736 ], [ -51.223503599999958, -30.06997129999996 ] ], [ [ -51.221049555819015, -30.079876967861839 ], [ -51.221049599999958, -30.079877 ], [ -51.22104964637208, -30.079877093112806 ], [ -51.221049555819015, -30.079876967861839 ] ], [ [ -51.221147499999972, -30.080391799999969 ], [ -51.221175399999936, -30.080129599999957 ], [ -51.221176231572557, -30.080796770713199 ], [ -51.221147499999972, -30.080391799999969 ] ], [ [ -51.220745, -30.070187599999937 ], [ -51.219101399999943, -30.071291499999965 ], [ -51.222758899999974, -30.068803899999974 ], [ -51.220745, -30.070187599999937 ] ], [ [ -51.218465099999946, -30.07110779999994 ], [ -51.218431093153484, -30.07106316060705 ], [ -51.218902199999945, -30.071592699999925 ], [ -51.21970529999993, -30.072586899999969 ], [ -51.218465099999946, -30.07110779999994 ] ], [ [ -51.21704079999995, -30.067936199999959 ], [ -51.216651599999977, -30.067221399999937 ], [ -51.218735, -30.070810699999974 ], [ -51.21704079999995, -30.067936199999959 ] ], [ [ -51.223116799999957, -30.068331199999935 ], [ -51.222958415525724, -30.067775899770155 ], [ -51.223138411734169, -30.068356295014553 ], [ -51.223116799999957, -30.068331199999935 ] ] ] } },
{ "type": "Feature", "properties": { "ltla_code": "Santana", "ltla_name": "Santana" }, "geometry": { "type": "Polygon", "coordinates": [ [ [ -51.214069099999961, -30.043976099999952 ], [ -51.214281199999959, -30.04406159999996 ], [ -51.214624899999933, -30.04346379999998 ], [ -51.215618399999983, -30.04217559999995 ], [ -51.216395299999931, -30.041175799999962 ], [ -51.215948, -30.040913599999953 ], [ -51.215643599999964, -30.040741099999927 ], [ -51.213840299999958, -30.039697899999961 ], [ -51.212274899999954, -30.038773 ], [ -51.211174299999982, -30.038136899999976 ], [ -51.210023899999953, -30.037471799999921 ], [ -51.209342599999957, -30.037092499999975 ], [ -51.20889619999997, -30.036804499999956 ], [ -51.208335799999986, -30.036959099999923 ], [ -51.208201199999962, -30.039329799999958 ], [ -51.208085499999981, -30.041746199999981 ], [ -51.208015099999955, -30.042616299999956 ], [ -51.207846899999936, -30.04301769999995 ], [ -51.20701145576529, -30.044068685284508 ], [ -51.206026599999973, -30.043495399999976 ], [ -51.205426099999954, -30.043334399999932 ], [ -51.204942, -30.043306399999935 ], [ -51.203983199999982, -30.043347099999938 ], [ -51.201007199999935, -30.043326099999945 ], [ -51.200563199999976, -30.04341039999996 ], [ -51.199922799999968, -30.043623099999937 ], [ -51.199230199999931, -30.044544 ], [ -51.198705799999971, -30.045334699999952 ], [ -51.197829499999955, -30.046570399999947 ], [ -51.19715419999995, -30.04754139999994 ], [ -51.196504699999934, -30.04844219999995 ], [ -51.200385099999949, -30.0505 ], [ -51.203218, -30.052001299999969 ], [ -51.20469049999997, -30.052774099999962 ], [ -51.207489, -30.051752 ], [ -51.208627599999943, -30.0513304 ], [ -51.209052399999969, -30.050573699999969 ], [ -51.209989, -30.049406399999938 ], [ -51.21066159999998, -30.048547299999917 ], [ -51.211919199999961, -30.04692869999997 ], [ -51.212686299999973, -30.045938199999959 ], [ -51.21418529999994, -30.044024599999947 ], [ -51.213970934620406, -30.043938387399361 ], [ -51.214069099999961, -30.043976099999952 ] ], [ [ -51.212181099999952, -30.042016899999965 ], [ -51.213462299999954, -30.042754099999968 ], [ -51.214624899999933, -30.04346379999998 ], [ -51.212181099999952, -30.042016899999965 ] ], [ [ -51.214414799999986, -30.041451 ], [ -51.215512899999965, -30.042107699999967 ], [ -51.215618399999983, -30.04217559999995 ], [ -51.214414799999986, -30.041451 ] ], [ [ -51.213140634851811, -30.040695817000476 ], [ -51.213141154470456, -30.040695075879835 ], [ -51.213574199999982, -30.040520899999933 ], [ -51.213164599999978, -30.040709099999958 ], [ -51.214414799999986, -30.041451 ], [ -51.213140634851811, -30.040695817000476 ] ], [ [ -51.211540799999966, -30.039761399999978 ], [ -51.210535674850469, -30.041059529920176 ], [ -51.210535549866101, -30.04105945752368 ], [ -51.212274899999954, -30.038773 ], [ -51.211540799999966, -30.039761399999978 ] ], [ [ -51.208782699999972, -30.039341199999967 ], [ -51.209327720102564, -30.039392036582711 ], [ -51.209327717004896, -30.039392062251 ], [ -51.208201199999962, -30.039329799999958 ], [ -51.208782699999972, -30.039341199999967 ] ], [ [ -51.199524, -30.048777499999971 ], [ -51.202570299999934, -30.05038349999996 ], [ -51.20387526500793, -30.051082754204128 ], [ -51.203875206474443, -30.05108283600628 ], [ -51.201059799999939, -30.049593899999937 ], [ -51.19715419999995, -30.04754139999994 ], [ -51.199524, -30.048777499999971 ] ], [ [ -51.20536540543057, -30.050606124883817 ], [ -51.20589079999997, -30.050887799999934 ], [ -51.205931199999952, -30.050910099999946 ], [ -51.207433399999957, -30.051707799999971 ], [ -51.207489, -30.051752 ], [ -51.20536540543057, -30.050606124883817 ] ], [ [ -51.208629678250219, -30.048613255225177 ], [ -51.208812099999932, -30.048714699999945 ], [ -51.209989, -30.049406399999938 ], [ -51.208629678250219, -30.048613255225177 ] ], [ [ -51.209517199999937, -30.044193599999964 ], [ -51.209619199999963, -30.043333199999946 ], [ -51.209770690184541, -30.042433134857724 ], [ -51.209517199999937, -30.044193599999964 ] ], [ [ -51.208785199999966, -30.044077599999966 ], [ -51.209217699999954, -30.040303699999981 ], [ -51.208885699999939, -30.043243299999983 ], [ -51.208785199999966, -30.044077599999966 ] ], [ [ -51.208446120858866, -30.04730964349476 ], [ -51.208446120789404, -30.047309643592492 ], [ -51.205965299999946, -30.045543 ], [ -51.20718229999995, -30.046407299999942 ], [ -51.208446120858866, -30.04730964349476 ] ], [ [ -51.20517719999998, -30.046680199999955 ], [ -51.204348494186924, -30.047850430044303 ], [ -51.204348493381495, -30.0478504295702 ], [ -51.20515469999998, -30.046711699999939 ], [ -51.205965299999946, -30.045543 ], [ -51.20517719999998, -30.046680199999955 ] ], [ [ -51.205881242359531, -30.048744224830529 ], [ -51.20563089999996, -30.048605299999963 ], [ -51.205161782391016, -30.048329160586789 ], [ -51.205881242359531, -30.048744224830529 ] ], [ [ -51.210314699999969, -30.044670099999959 ], [ -51.209650268067449, -30.045605943392701 ], [ -51.209650241757835, -30.045605928054549 ], [ -51.21033319999998, -30.044636599999937 ], [ -51.211519799999962, -30.042952599999975 ], [ -51.210314699999969, -30.044670099999959 ] ], [ [ -51.21221479999997, -30.042755799999942 ], [ -51.211546543271837, -30.042963355500799 ], [ -51.211519799999962, -30.042952599999975 ], [ -51.21221479999997, -30.042755799999942 ] ], [ [ -51.208626173088213, -30.048611210013341 ], [ -51.206378799999982, -30.047299899999931 ], [ -51.207850399999984, -30.048147799999978 ], [ -51.208626173088213, -30.048611210013341 ] ] ] } },
{ "type": "Feature", "properties": { "ltla_code": "Santo Antônio", "ltla_name": "Santo Antônio" }, "geometry": { "type": "Polygon", "coordinates": [ [ [ -51.206345899999974, -30.062023799999956 ], [ -51.207216, -30.060603799999964 ], [ -51.208102, -30.059175 ], [ -51.208588599999985, -30.058579099999971 ], [ -51.210066499999982, -30.056919799999939 ], [ -51.211785199999952, -30.053539199999925 ], [ -51.210850599999958, -30.053621299999975 ], [ -51.210796099999982, -30.052694599999942 ], [ -51.209023299999956, -30.052814799999961 ], [ -51.208627599999943, -30.0513304 ], [ -51.207672399999979, -30.051688299999959 ], [ -51.204075799999941, -30.053002 ], [ -51.20336709999998, -30.053282099999937 ], [ -51.20254209999996, -30.053514599999978 ], [ -51.200761699999987, -30.054008099999969 ], [ -51.200472299999944, -30.054164199999942 ], [ -51.199371299999939, -30.055066299999957 ], [ -51.198882699999956, -30.055477399999969 ], [ -51.198485499999947, -30.055800599999937 ], [ -51.19809209999994, -30.056126499999952 ], [ -51.196269799999982, -30.057369 ], [ -51.195151599999974, -30.058094699999966 ], [ -51.196087799999987, -30.059724299999964 ], [ -51.199184599999967, -30.065206499999928 ], [ -51.200565499999982, -30.064881899999925 ], [ -51.201902899999943, -30.064728299999956 ], [ -51.202145699999967, -30.064660199999931 ], [ -51.203546399999937, -30.064257799999947 ], [ -51.206152799999984, -30.063507599999969 ], [ -51.206345899999974, -30.062023799999956 ] ], [ [ -51.205385560566285, -30.06223614500777 ], [ -51.205975399999943, -30.062091799999951 ], [ -51.206296599999973, -30.062030699999973 ], [ -51.206345899999974, -30.062023799999956 ], [ -51.205385560566285, -30.06223614500777 ] ], [ [ -51.207311499999953, -30.05442689999995 ], [ -51.206920499999967, -30.053114499999932 ], [ -51.208588599999985, -30.058579099999971 ], [ -51.207311499999953, -30.05442689999995 ] ], [ [ -51.198444399999971, -30.056749899999943 ], [ -51.198732699999937, -30.057327499999928 ], [ -51.19809209999994, -30.056126499999952 ], [ -51.198444399999971, -30.056749899999943 ] ], [ [ -51.198984799999948, -30.056353899999969 ], [ -51.199293859095924, -30.05612304397841 ], [ -51.198890799999958, -30.056436799999975 ], [ -51.198444399999971, -30.056749899999943 ], [ -51.198984799999948, -30.056353899999969 ] ], [ [ -51.202980099999934, -30.058120599999931 ], [ -51.20194129999993, -30.058145499999952 ], [ -51.203872099999955, -30.058085599999959 ], [ -51.202980099999934, -30.058120599999931 ] ], [ [ -51.202067603535653, -30.058558771053157 ], [ -51.201987699999961, -30.058317699999964 ], [ -51.20194129999993, -30.058145499999952 ], [ -51.202067603535653, -30.058558771053157 ] ], [ [ -51.204582922133397, -30.062413620032039 ], [ -51.203842977631588, -30.062577232516862 ], [ -51.204295599999966, -30.062474199999933 ], [ -51.204582922133397, -30.062413620032039 ] ], [ [ -51.20736839999995, -30.05800779999992 ], [ -51.207557599999973, -30.057582899999943 ], [ -51.207449799999949, -30.05782529999993 ], [ -51.207246513590114, -30.058331601614537 ], [ -51.20736839999995, -30.05800779999992 ] ], [ [ -51.206942199999958, -30.055466499999955 ], [ -51.20631069999996, -30.055693299999973 ], [ -51.204895699999952, -30.056141299999982 ], [ -51.206942199999958, -30.055466499999955 ] ], [ [ -51.200396299999966, -30.060888599999931 ], [ -51.199026, -30.061271 ], [ -51.19820169999997, -30.06149779999998 ], [ -51.200396299999966, -30.060888599999931 ] ], [ [ -51.197536599999978, -30.059650499999968 ], [ -51.197383, -30.059598499999939 ], [ -51.197566542505207, -30.059628780284243 ], [ -51.197536599999978, -30.059650499999968 ] ] ] } },
{ "type": "Feature", "properties": { "ltla_code": "Sarandi", "ltla_name": "Sarandi" }, "geometry": { "type": "MultiPolygon", "coordinates": [ [ [ [ -51.138439399999982, -30.010334299999958 ], [ -51.141042099999936, -30.009672499999962 ], [ -51.141416399999969, -30.009668799999915 ], [ -51.143018099999949, -30.009907 ], [ -51.142910099999938, -30.008680199999951 ], [ -51.137943, -30.005075699999967 ], [ -51.137874108376081, -30.005026784724894 ], [ -51.139606399999934, -30.001867699999934 ], [ -51.139826996123546, -29.99783717082645 ], [ -51.140498899999962, -29.997809299999979 ], [ -51.144946399999981, -29.997916799999928 ], [ -51.146179, -29.997948099999967 ], [ -51.150188599999979, -29.998003899999951 ], [ -51.155248899999947, -29.998146499999965 ], [ -51.155296699999951, -29.996750899999931 ], [ -51.154642099999933, -29.996719899999956 ], [ -51.154615, -29.997178799999961 ], [ -51.14641789999996, -29.997332099999937 ], [ -51.146417, -29.997211199999985 ], [ -51.146226799999965, -29.997203399999936 ], [ -51.14642189999995, -29.997211399999973 ], [ -51.146391699999981, -29.994615699999937 ], [ -51.146381699999949, -29.993800299999972 ], [ -51.146317299999964, -29.993774199999955 ], [ -51.14626949999996, -29.991756 ], [ -51.146210699999983, -29.989509299999952 ], [ -51.15444789999998, -29.989344799999962 ], [ -51.154873099999975, -29.989427099999943 ], [ -51.155072799999971, -29.985140599999966 ], [ -51.155635299999972, -29.972666199999921 ], [ -51.15568959999996, -29.972036499999941 ], [ -51.155883499999959, -29.971392 ], [ -51.155300799999964, -29.971357599999983 ], [ -51.155332199999975, -29.972047 ], [ -51.155152899999962, -29.968111699999952 ], [ -51.155197599999951, -29.967630899999961 ], [ -51.155097199999943, -29.966833799999964 ], [ -51.154882699999973, -29.96696379999997 ], [ -51.154413699999964, -29.967045 ], [ -51.153917, -29.967006199999965 ], [ -51.153477599999974, -29.966851399999925 ], [ -51.152446, -29.966252399999966 ], [ -51.151112499999961, -29.965833399999941 ], [ -51.150590699999952, -29.965439 ], [ -51.150221, -29.96493949999995 ], [ -51.150082699999984, -29.964389599999951 ], [ -51.150234899999987, -29.963064399999951 ], [ -51.150171099999966, -29.962340799999936 ], [ -51.149787599999968, -29.961766499999957 ], [ -51.149040299999967, -29.961149 ], [ -51.148521199999948, -29.960806399999967 ], [ -51.148029299999962, -29.960244599999946 ], [ -51.147732099999985, -29.959817199999971 ], [ -51.14726909999996, -29.959670299999974 ], [ -51.146677799999964, -29.959648 ], [ -51.145841899999937, -29.959765899999987 ], [ -51.143855599999938, -29.960562799999934 ], [ -51.143385599999931, -29.960670799999942 ], [ -51.143148799999949, -29.960639299999965 ], [ -51.14289169999995, -29.960428199999971 ], [ -51.142323299999987, -29.959814399999964 ], [ -51.141921, -29.959112399999977 ], [ -51.141453799999965, -29.958505199999937 ], [ -51.140987199999984, -29.957583199999938 ], [ -51.140677399999959, -29.957397199999939 ], [ -51.140106099999969, -29.957442 ], [ -51.138053199999945, -29.958009299999947 ], [ -51.137497599999961, -29.958310699999963 ], [ -51.135843499999964, -29.960114099999942 ], [ -51.13500369999997, -29.960766199999966 ], [ -51.134483799999941, -29.960914799999966 ], [ -51.134049399999981, -29.960885599999983 ], [ -51.133384, -29.960378399999961 ], [ -51.132415399999964, -29.959127399999936 ], [ -51.131821499999944, -29.958742199999964 ], [ -51.131203, -29.958437799999952 ], [ -51.130506199999957, -29.958231699999939 ], [ -51.129897299999982, -29.957981299999975 ], [ -51.129192399999965, -29.957597899999939 ], [ -51.128697699999982, -29.957019799999951 ], [ -51.1285, -29.95651 ], [ -51.12847789999995, -29.955886099999926 ], [ -51.128354299999955, -29.955326599999978 ], [ -51.127968499999952, -29.954886499999933 ], [ -51.127352899999948, -29.954458199999973 ], [ -51.126880399999948, -29.954288499999961 ], [ -51.126275, -29.954229199999919 ], [ -51.125527699999964, -29.954284899999944 ], [ -51.124977299999955, -29.954447199999947 ], [ -51.124461699999983, -29.954762199999944 ], [ -51.123708399999941, -29.955396499999946 ], [ -51.122708, -29.956016899999945 ], [ -51.121639899999934, -29.956558 ], [ -51.12064909999998, -29.957756599999975 ], [ -51.120046, -29.958045599999934 ], [ -51.118806599999971, -29.958105899999964 ], [ -51.116494499999931, -29.958496 ], [ -51.115754799999941, -29.958535499999979 ], [ -51.115085499999964, -29.958251799999957 ], [ -51.114525799999967, -29.957792899999944 ], [ -51.11410009999998, -29.957695499999939 ], [ -51.112784599999941, -29.958051399999924 ], [ -51.112059699999975, -29.958510499999925 ], [ -51.110796, -29.959442599999932 ], [ -51.10897929999993, -29.960677399999941 ], [ -51.108534599999984, -29.961075299999951 ], [ -51.108136799999954, -29.961742199999943 ], [ -51.107925199999954, -29.962663399999943 ], [ -51.107725199999948, -29.963186599999972 ], [ -51.107164399999931, -29.963873699999969 ], [ -51.106598199999958, -29.964408199999969 ], [ -51.106002299999943, -29.964815799999926 ], [ -51.10543, -29.965011299999954 ], [ -51.104791399999954, -29.964968699999929 ], [ -51.104027499999972, -29.964730599999939 ], [ -51.103307099999938, -29.964423599999972 ], [ -51.102356699999973, -29.964173899999928 ], [ -51.101713299999972, -29.964061 ], [ -51.099591499999974, -29.964311099999971 ], [ -51.098794, -29.964474 ], [ -51.098318599999971, -29.964713399999919 ], [ -51.097336299999938, -29.965384499999956 ], [ -51.096712, -29.965691599999953 ], [ -51.096074599999952, -29.965860199999955 ], [ -51.09523379999996, -29.965711699999908 ], [ -51.094838099999954, -29.965529299999954 ], [ -51.09445379999994, -29.965126699999935 ], [ -51.094024599999955, -29.964464699999958 ], [ -51.093736399999955, -29.964129599999978 ], [ -51.09306319999996, -29.963668199999951 ], [ -51.09235069999994, -29.963288 ], [ -51.091560499999957, -29.963002299999975 ], [ -51.090981199999931, -29.96298239999993 ], [ -51.090106, -29.963197399999949 ], [ -51.089222699999937, -29.963528 ], [ -51.088591, -29.963841099999964 ], [ -51.088343499999951, -29.964184399999972 ], [ -51.088301899999976, -29.964546899999959 ], [ -51.088522299999966, -29.96504 ], [ -51.088830499999972, -29.965329399999963 ], [ -51.089548099999945, -29.965799199999928 ], [ -51.089926499999933, -29.966155399999934 ], [ -51.09012569999993, -29.966572299999939 ], [ -51.090091, -29.966829299999969 ], [ -51.089544699999976, -29.967422399999968 ], [ -51.088342899999986, -29.967847199999937 ], [ -51.087977299999977, -29.968190499999931 ], [ -51.08767359999996, -29.968593099999957 ], [ -51.087391799999978, -29.969083599999973 ], [ -51.087270299999943, -29.969576499999953 ], [ -51.087312599999969, -29.970057099999963 ], [ -51.087073799999985, -29.970540899999939 ], [ -51.086475599999972, -29.970939599999948 ], [ -51.08680819999995, -29.972668899999977 ], [ -51.087692599999968, -29.975548599999971 ], [ -51.088152099999945, -29.976880299999944 ], [ -51.088431499999956, -29.979935599999976 ], [ -51.088964199999964, -29.979989 ], [ -51.094078899999943, -29.979547499999967 ], [ -51.107461399999977, -29.978229499999927 ], [ -51.107364399999938, -29.978534899999939 ], [ -51.107193099999961, -29.98395459999994 ], [ -51.109157099999948, -29.983855699999943 ], [ -51.109232099999986, -29.985245799999966 ], [ -51.111061599999971, -29.985779199999971 ], [ -51.112856099999931, -29.982699299999979 ], [ -51.111903299999938, -29.984386299999983 ], [ -51.110963, -29.985946 ], [ -51.111856699999976, -29.986054299999974 ], [ -51.112393989412489, -29.986169803473231 ], [ -51.112369, -29.986331 ], [ -51.11232149999995, -29.988861699999969 ], [ -51.112373499999933, -29.990644599999925 ], [ -51.112247599999932, -29.991416799999957 ], [ -51.112219499999981, -29.991987799999951 ], [ -51.112645046724232, -29.992100569098785 ], [ -51.112630499999966, -29.994276499999948 ], [ -51.112771899999984, -29.994639099999979 ], [ -51.113266799999963, -29.995429699999931 ], [ -51.113623799999971, -29.996270399999954 ], [ -51.116898399999975, -30.004965699999957 ], [ -51.116853, -30.005211099999926 ], [ -51.116890299999966, -30.006125199999925 ], [ -51.117479899999978, -30.007701499999936 ], [ -51.12033189999994, -30.007416 ], [ -51.120124099999941, -30.00563319999997 ], [ -51.120152099999984, -30.005473899999977 ], [ -51.120300899999961, -30.005405099999948 ], [ -51.122533299999986, -30.005211599999942 ], [ -51.126380599999948, -30.004877499999953 ], [ -51.127636037213946, -30.004730039073358 ], [ -51.12767539999993, -30.005188799999928 ], [ -51.127698199999941, -30.005871399999929 ], [ -51.127886799999942, -30.007146499999966 ], [ -51.128558799999951, -30.011608 ], [ -51.129253199999937, -30.011620699999977 ], [ -51.130037, -30.011522499999948 ], [ -51.131455399999936, -30.010992899999955 ], [ -51.132791099999963, -30.010460499999962 ], [ -51.133887099999981, -30.010027699999966 ], [ -51.134603399999946, -30.009923 ], [ -51.135020299999951, -30.00994919999993 ], [ -51.137359, -30.010329099999971 ], [ -51.137871799999971, -30.010400399999966 ], [ -51.138439399999982, -30.010334299999958 ] ], [ [ -51.145235299999968, -29.99169 ], [ -51.145101, -29.994585199999957 ], [ -51.144946399999981, -29.997916799999928 ], [ -51.145235299999968, -29.99169 ] ], [ [ -51.117407899999932, -30.004929499999943 ], [ -51.117077499999937, -30.004970299999975 ], [ -51.116898399999975, -30.004965699999957 ], [ -51.117407899999932, -30.004929499999943 ] ], [ [ -51.124285249713047, -29.977788431640754 ], [ -51.123412899999948, -29.977785599999944 ], [ -51.122801399999958, -29.977780199999977 ], [ -51.114643651181964, -29.977625501476478 ], [ -51.114643651750299, -29.977625490443536 ], [ -51.124285249713047, -29.977788431640754 ] ], [ [ -51.122679399999981, -29.979870799999944 ], [ -51.122793099999967, -29.977887799999955 ], [ -51.122801399999958, -29.977780199999977 ], [ -51.122679399999981, -29.979870799999944 ] ], [ [ -51.133724499999971, -29.981391399999936 ], [ -51.13218349999994, -29.981316199999988 ], [ -51.130700399999967, -29.981234699999952 ], [ -51.130460199999959, -29.984577199999926 ], [ -51.130578399999933, -29.982895199999973 ], [ -51.128253867552253, -29.98276767925352 ], [ -51.128253867859371, -29.982767674870821 ], [ -51.12979229999997, -29.98285 ], [ -51.129898899999944, -29.981167 ], [ -51.130054599999937, -29.979059299999953 ], [ -51.130108499999949, -29.978518599999973 ], [ -51.130019, -29.979599099999977 ], [ -51.133826499999941, -29.979804599999962 ], [ -51.133838201100289, -29.979664885009594 ], [ -51.133724499999971, -29.981391399999936 ] ], [ [ -51.13269159999993, -29.98469569999995 ], [ -51.13300786442769, -29.984713298331609 ], [ -51.129656599999976, -29.984540499999969 ], [ -51.128875499999936, -29.984493899999954 ], [ -51.127357399999937, -29.984406599999939 ], [ -51.125751628026542, -29.984315997674152 ], [ -51.128136299999937, -29.984445399999966 ], [ -51.130460199999959, -29.984577199999926 ], [ -51.13269159999993, -29.98469569999995 ] ], [ [ -51.127604499999961, -29.981051 ], [ -51.128396199999941, -29.981089099999959 ], [ -51.129898899999944, -29.981167 ], [ -51.127604499999961, -29.981051 ] ], [ [ -51.133328899999981, -29.986412899999944 ], [ -51.131065599999943, -29.986291899999962 ], [ -51.129544, -29.986206599999939 ], [ -51.133328899999981, -29.986412899999944 ] ], [ [ -51.134614720242922, -29.988173464353984 ], [ -51.133197, -29.988098899999958 ], [ -51.130952346525376, -29.987968966956821 ], [ -51.130962699999941, -29.987969499999959 ], [ -51.134614720242922, -29.988173464353984 ] ], [ [ -51.129049, -29.993727599999939 ], [ -51.125251599999956, -29.990434599999958 ], [ -51.126044199999967, -29.991110499999937 ], [ -51.127539, -29.99241609999995 ], [ -51.128683299999977, -29.99339789999993 ], [ -51.129049, -29.993727599999939 ] ], [ [ -51.118451199999981, -29.984523799999973 ], [ -51.117647580778844, -29.983815678446501 ], [ -51.121165, -29.986878399999956 ], [ -51.121479199999953, -29.98715349999997 ], [ -51.123222599999963, -29.988666799999969 ], [ -51.125251599999956, -29.990434599999958 ], [ -51.118451199999981, -29.984523799999973 ] ], [ [ -51.130176499999948, -29.995676199999931 ], [ -51.130071199999975, -29.996233899999936 ], [ -51.130172655558567, -29.995650945539143 ], [ -51.130176499999948, -29.995676199999931 ] ], [ [ -51.130047850621708, -29.996842003052791 ], [ -51.130043099999966, -29.996794099999928 ], [ -51.130071199999975, -29.996233899999936 ], [ -51.130047850621708, -29.996842003052791 ] ], [ [ -51.130200399999978, -30.001305599999966 ], [ -51.130251699999974, -30.000912699999962 ], [ -51.13031159999997, -30.000684 ], [ -51.130200399999978, -30.001305599999966 ] ], [ [ -51.130352156772467, -30.002095531104565 ], [ -51.130290199999934, -30.001944599999941 ], [ -51.130256718827241, -30.00170635423871 ], [ -51.130352156772467, -30.002095531104565 ] ], [ [ -51.130664599999932, -30.00248549999997 ], [ -51.130408299999942, -30.00223229999995 ], [ -51.130391754667109, -30.002191994392362 ], [ -51.130664599999932, -30.00248549999997 ] ], [ [ -51.129316099999983, -30.007052499999926 ], [ -51.129000099999985, -30.005098099999945 ], [ -51.128751199999954, -30.003496699999957 ], [ -51.129316099999983, -30.007052499999926 ] ], [ [ -51.13181818349225, -30.006893110363482 ], [ -51.130808299999956, -30.00696239999996 ], [ -51.129316099999983, -30.007052499999926 ], [ -51.13181818349225, -30.006893110363482 ] ], [ [ -51.132559, -30.008660799999962 ], [ -51.131092799999976, -30.008755299999955 ], [ -51.134479399999975, -30.008526699999937 ], [ -51.132559, -30.008660799999962 ] ], [ [ -51.134315, -30.006721799999966 ], [ -51.134067399999935, -30.003934399999935 ], [ -51.134479399999975, -30.008526699999937 ], [ -51.134315, -30.006721799999966 ] ], [ [ -51.134143599999959, -30.003616899999937 ], [ -51.134194865265691, -30.003539375783618 ], [ -51.134067399999935, -30.003934399999935 ], [ -51.134143599999959, -30.003616899999937 ] ], [ [ -51.137781799999971, -29.997944199999949 ], [ -51.139693699999953, -29.997842699999982 ], [ -51.139823001549956, -29.997837336522871 ], [ -51.137189799999931, -29.997993099999967 ], [ -51.137781799999971, -29.997944199999949 ] ], [ [ -51.139771399999979, -29.995954299999923 ], [ -51.13997349999994, -29.991044199999976 ], [ -51.139693699999953, -29.997842699999982 ], [ -51.139771399999979, -29.995954299999923 ] ], [ [ -51.137983199999951, -29.989614299999968 ], [ -51.137910099999942, -29.990555699999959 ], [ -51.137819922663425, -29.991308383809507 ], [ -51.137983199999951, -29.989614299999968 ] ], [ [ -51.138272299999983, -29.978135599999966 ], [ -51.137781899999943, -29.983691199999946 ], [ -51.137560768082288, -29.985992357730169 ], [ -51.138272299999983, -29.978135599999966 ] ], [ [ -51.137374299999976, -29.981608499999933 ], [ -51.134504703895118, -29.981448734483855 ], [ -51.134504709928201, -29.981448652438278 ], [ -51.13598159999998, -29.981515299999952 ], [ -51.137374299999976, -29.981608499999933 ] ], [ [ -51.137561199999936, -29.979486699999935 ], [ -51.13757239147629, -29.979394413974717 ], [ -51.137238, -29.983261299999974 ], [ -51.137374299999976, -29.981608499999933 ], [ -51.137561199999936, -29.979486699999935 ] ], [ [ -51.13512419999995, -29.98315659999998 ], [ -51.132805799999971, -29.983031199999964 ], [ -51.132066599999973, -29.982985 ], [ -51.134382699999946, -29.983107899999929 ], [ -51.137238, -29.983261299999974 ], [ -51.13512419999995, -29.98315659999998 ] ], [ [ -51.134541399999932, -29.990945 ], [ -51.135654899999963, -29.991404799999934 ], [ -51.136189, -29.991648199999918 ], [ -51.134541399999932, -29.990945 ] ], [ [ -51.135123299999975, -29.993470299999945 ], [ -51.135888099999931, -29.99216169999994 ], [ -51.136189, -29.991648199999918 ], [ -51.135123299999975, -29.993470299999945 ] ], [ [ -51.134695399999941, -30.002698899999913 ], [ -51.134533513235588, -30.002525553059264 ], [ -51.134966499285078, -30.002923852381006 ], [ -51.134841799999947, -30.002832599999955 ], [ -51.134695399999941, -30.002698899999913 ] ], [ [ -51.132707499999981, -30.002709 ], [ -51.131754299999955, -30.002706399999969 ], [ -51.134695399999941, -30.002698899999913 ], [ -51.132707499999981, -30.002709 ] ], [ [ -51.134251943827913, -30.003453060600386 ], [ -51.134254099999971, -30.003449799999927 ], [ -51.134841799999947, -30.002832599999955 ], [ -51.134251943827913, -30.003453060600386 ] ], [ [ -51.138792499999965, -29.992284099999942 ], [ -51.13859, -29.993528299999973 ], [ -51.138697799999932, -29.992836 ], [ -51.138792499999965, -29.992284099999942 ] ], [ [ -51.137645899999939, -29.992760899999951 ], [ -51.13748789999994, -29.993711899999926 ], [ -51.13765304813667, -29.992701236596748 ], [ -51.137645899999939, -29.992760899999951 ] ], [ [ -51.136853299999984, -29.994305899999958 ], [ -51.138178704681422, -29.994538261081107 ], [ -51.136525417812081, -29.994254444167762 ], [ -51.136853299999984, -29.994305899999958 ] ], [ [ -51.13600490925473, -29.99417275872716 ], [ -51.135744449783175, -29.994179146673467 ], [ -51.135944, -29.994163199999942 ], [ -51.13600490925473, -29.99417275872716 ] ], [ [ -51.135574237447663, -29.994192748866379 ], [ -51.135249199999976, -29.994282299999945 ], [ -51.135529799999972, -29.994196299999935 ], [ -51.135574237447663, -29.994192748866379 ] ], [ [ -51.136648694056817, -30.004154848037132 ], [ -51.137860224345367, -30.005016926615252 ], [ -51.136733899999967, -30.004217199999971 ], [ -51.136648694056817, -30.004154848037132 ] ], [ [ -51.137219608166887, -29.989536861138895 ], [ -51.137225685189087, -29.989479319712462 ], [ -51.137223399999982, -29.989503099999972 ], [ -51.137219608166887, -29.989536861138895 ] ], [ [ -51.136932399999978, -29.986611399999955 ], [ -51.137081523781241, -29.985013769781808 ], [ -51.136857687924959, -29.987520640010533 ], [ -51.136932399999978, -29.986611399999955 ] ], [ [ -51.135865699999954, -29.988246899999979 ], [ -51.135626036697744, -29.988229655414752 ], [ -51.136788617938642, -29.988294195665414 ], [ -51.136788615870913, -29.988294218823139 ], [ -51.135865699999954, -29.988246899999979 ] ], [ [ -51.137103399999951, -29.990637199999981 ], [ -51.137143071189598, -29.99026156588765 ], [ -51.137086199999942, -29.991464899999979 ], [ -51.137103399999951, -29.990637199999981 ] ], [ [ -51.137500962773416, -29.99103424099405 ], [ -51.137497099999962, -29.990840399999957 ], [ -51.13750969999996, -29.9909555 ], [ -51.137500962773416, -29.99103424099405 ] ], [ [ -51.13642509999994, -29.991186199999952 ], [ -51.136322134505306, -29.991387682670503 ], [ -51.13642581981378, -29.991143113478248 ], [ -51.13642509999994, -29.991186199999952 ] ], [ [ -51.137665848626298, -29.978623757036548 ], [ -51.137702199999978, -29.978324 ], [ -51.137670899999932, -29.978623899999949 ], [ -51.137665848626298, -29.978623757036548 ] ], [ [ -51.134007199999985, -29.998621299999972 ], [ -51.132276494193782, -29.995542295170001 ], [ -51.132288, -29.995540299999959 ], [ -51.134007199999985, -29.998621299999972 ] ], [ [ -51.130251899999962, -29.995205099999954 ], [ -51.130712, -29.996030199999939 ], [ -51.130898017556795, -29.996381276754807 ], [ -51.130105403584977, -29.994993756421607 ], [ -51.130251899999962, -29.995205099999954 ] ], [ [ -51.133240499999943, -30.00642779999998 ], [ -51.132395199999962, -30.006486 ], [ -51.13411, -30.006365399999936 ], [ -51.133240499999943, -30.00642779999998 ] ], [ [ -51.134091405536815, -30.002010565127812 ], [ -51.134256711673785, -30.002229156351987 ], [ -51.13417979999997, -30.002146799999942 ], [ -51.134091405536815, -30.002010565127812 ] ], [ [ -51.132438299999933, -29.999288299999918 ], [ -51.133646807253797, -30.001325343587052 ], [ -51.133294199999966, -30.000781899999929 ], [ -51.132438299999933, -29.999288299999918 ] ], [ [ -51.132777499999975, -29.990545399999977 ], [ -51.132742596101757, -29.99053906618883 ], [ -51.133058799999958, -29.990572699999973 ], [ -51.132777499999975, -29.990545399999977 ] ], [ [ -51.133583409034649, -29.993559564179012 ], [ -51.132917, -29.993856799999943 ], [ -51.133559899999966, -29.993567299999924 ], [ -51.132757799999979, -29.992105899999956 ], [ -51.133303099999978, -29.993063899999978 ], [ -51.133583409034649, -29.993559564179012 ] ], [ [ -51.130786379581657, -29.991290162879743 ], [ -51.13072, -29.992740099999939 ], [ -51.130649099999971, -29.994027199999945 ], [ -51.130786379581657, -29.991290162879743 ] ], [ [ -51.124731610718015, -29.997289329626057 ], [ -51.124731610406123, -29.997289329187097 ], [ -51.12982379999994, -29.994587499999952 ], [ -51.127603599999986, -29.99576889999997 ], [ -51.124731610718015, -29.997289329626057 ] ], [ [ -51.122430299999962, -29.998715299999962 ], [ -51.123941399999978, -29.998120299999975 ], [ -51.123784199999932, -29.998197499999939 ], [ -51.122430299999962, -29.998715299999962 ] ], [ [ -51.128685399999938, -29.999016399999952 ], [ -51.128792199999964, -30.000135199999935 ], [ -51.128482199999951, -29.997054399999957 ], [ -51.128685399999938, -29.999016399999952 ] ], [ [ -51.127429899999981, -30.000616499999975 ], [ -51.125062899999932, -30.001444399999968 ], [ -51.128792199999964, -30.000135199999935 ], [ -51.127429899999981, -30.000616499999975 ] ], [ [ -51.126687265724577, -30.003556347001176 ], [ -51.127429, -30.00353419999993 ], [ -51.127533499999977, -30.003535 ], [ -51.126687265724577, -30.003556347001176 ] ], [ [ -51.126320801022182, -30.003565591394462 ], [ -51.12615, -30.003569899999938 ], [ -51.12428865466579, -30.003606362092029 ], [ -51.124827699999969, -30.003591199999956 ], [ -51.126320801022182, -30.003565591394462 ] ], [ [ -51.128001759443272, -30.002014246525739 ], [ -51.127859798442913, -30.002169221580385 ], [ -51.127937799999984, -30.002066099999972 ], [ -51.128001759443272, -30.002014246525739 ] ], [ [ -51.127693588395942, -30.002388958767281 ], [ -51.127453499999945, -30.003008599999927 ], [ -51.12763659999996, -30.002464299999939 ], [ -51.127693588395942, -30.002388958767281 ] ], [ [ -51.125403124908999, -29.998963020681749 ], [ -51.125419799999975, -29.998911399999933 ], [ -51.12548990875942, -29.9988161007979 ], [ -51.125403124908999, -29.998963020681749 ] ], [ [ -51.124813713064235, -29.998294941972237 ], [ -51.124743166283025, -29.998407564446875 ], [ -51.124796099999969, -29.998313299999943 ], [ -51.124813713064235, -29.998294941972237 ] ], [ [ -51.124628483875973, -29.998611791058899 ], [ -51.124495, -29.999078799999943 ], [ -51.124594, -29.998673199999924 ], [ -51.124628483875973, -29.998611791058899 ] ], [ [ -51.122695299999975, -29.99054439999998 ], [ -51.122815397730584, -29.98935546207159 ], [ -51.122815576810446, -29.989355541396641 ], [ -51.122477, -29.993148 ], [ -51.122695299999975, -29.99054439999998 ] ], [ [ -51.122317099999975, -29.99402189999995 ], [ -51.122274770759084, -29.994024213367208 ], [ -51.12257169999998, -29.99398089999994 ], [ -51.122317099999975, -29.99402189999995 ] ], [ [ -51.125168499999972, -29.978447 ], [ -51.12508459999998, -29.980212099999964 ], [ -51.125044199999934, -29.980902799999953 ], [ -51.125168499999972, -29.978447 ] ], [ [ -51.124646399999961, -29.98089 ], [ -51.124757299999942, -29.978762699999944 ], [ -51.124784899999952, -29.978234799999921 ], [ -51.124586499999964, -29.982243099999948 ], [ -51.124646399999961, -29.98089 ] ], [ [ -51.123489799999966, -29.980840199999932 ], [ -51.123873599999975, -29.980856699999947 ], [ -51.124646399999961, -29.98089 ], [ -51.123489799999966, -29.980840199999932 ] ], [ [ -51.123428899999965, -29.982197499999987 ], [ -51.12336311100389, -29.983592882513715 ], [ -51.123585, -29.978300799999932 ], [ -51.123489799999966, -29.980840199999932 ], [ -51.123428899999965, -29.982197499999987 ] ], [ [ -51.123237499999959, -29.986199099999961 ], [ -51.123361050538172, -29.983636584926117 ], [ -51.123334599999964, -29.984197599999952 ], [ -51.123237499999959, -29.986199099999961 ] ], [ [ -51.125705607354931, -29.984313401053988 ], [ -51.125955099999942, -29.980957 ], [ -51.12583379999996, -29.982636399999929 ], [ -51.125705607562622, -29.984313401065709 ], [ -51.125705607354931, -29.984313401053988 ] ], [ [ -51.119900099999938, -29.987665499999927 ], [ -51.119584046911257, -29.991026069486932 ], [ -51.119668399999966, -29.989880799999977 ], [ -51.119900099999938, -29.987665499999927 ] ], [ [ -51.119084982799372, -29.98929330990558 ], [ -51.119084982799372, -29.989293309905577 ], [ -51.119668399999966, -29.989880799999977 ], [ -51.119084982799372, -29.98929330990558 ] ], [ [ -51.119071022531237, -29.98941897572243 ], [ -51.118819899999949, -29.992647899999945 ], [ -51.119058199999984, -29.989534399999968 ], [ -51.119071022531237, -29.98941897572243 ] ], [ [ -51.11387972291876, -29.99239296860706 ], [ -51.113760199999945, -29.992389299999953 ], [ -51.113398399999937, -29.992344299999953 ], [ -51.11387972291876, -29.99239296860706 ] ], [ [ -51.112760578432585, -29.992131184788899 ], [ -51.11276289999995, -29.992131799999978 ], [ -51.113398399999937, -29.992344299999953 ], [ -51.112760578432585, -29.992131184788899 ] ], [ [ -51.113577473117665, -29.987349144998682 ], [ -51.113620199999957, -29.986157299999949 ], [ -51.113651899999979, -29.985976799999946 ], [ -51.113577473117665, -29.987349144998682 ] ], [ [ -51.113017599999978, -29.986354099999961 ], [ -51.112418969645041, -29.986175173583931 ], [ -51.112696799999981, -29.986234899999943 ], [ -51.113017599999978, -29.986354099999961 ] ], [ [ -51.119130799999944, -29.992755 ], [ -51.120513899999935, -29.99360479999995 ], [ -51.11995809999997, -29.993284799999959 ], [ -51.119130799999944, -29.992755 ] ], [ [ -51.120666399999948, -30.002974399999982 ], [ -51.120643088195237, -30.003131141213309 ], [ -51.120736299999976, -30.002303299999944 ], [ -51.120666399999948, -30.002974399999982 ] ], [ [ -51.120623281904855, -30.003264312455297 ], [ -51.12061319999998, -30.003332099999959 ], [ -51.120574328183537, -30.003428033649492 ], [ -51.120623281904855, -30.003264312455297 ] ], [ [ -51.120511921107486, -30.003582051112787 ], [ -51.120488399999942, -30.003640099999988 ], [ -51.12028, -30.003916899999986 ], [ -51.120511921107486, -30.003582051112787 ] ], [ [ -51.120046899999977, -30.004093 ], [ -51.119831110520323, -30.004210039518487 ], [ -51.12028, -30.003916899999986 ], [ -51.120046899999977, -30.004093 ] ], [ [ -51.119753608818478, -30.004252074755254 ], [ -51.119730699999934, -30.004264499999977 ], [ -51.119530604958456, -30.00432178569077 ], [ -51.119753608818478, -30.004252074755254 ] ], [ [ -51.120461599999942, -29.991039299999954 ], [ -51.120584199999939, -29.991226299999941 ], [ -51.121259499999951, -29.992316699999936 ], [ -51.120461599999942, -29.991039299999954 ] ], [ [ -51.122003436527876, -29.994039042258848 ], [ -51.121923699999968, -29.994043399999953 ], [ -51.121579099999963, -29.993952099999937 ], [ -51.122003436527876, -29.994039042258848 ] ], [ [ -51.115602699999954, -29.98201379999994 ], [ -51.115112599999975, -29.981475199999963 ], [ -51.115704775931377, -29.982103745791715 ], [ -51.115602699999954, -29.98201379999994 ] ], [ [ -51.115807099999984, -29.985730499999924 ], [ -51.116864199999952, -29.986337699999964 ], [ -51.11583719999993, -29.985751899999965 ], [ -51.115332732736761, -29.985615561898797 ], [ -51.115807099999984, -29.985730499999924 ] ], [ [ -51.118354499999953, -29.98696649999993 ], [ -51.119296799999972, -29.987386599999972 ], [ -51.116864199999952, -29.986337699999964 ], [ -51.118354499999953, -29.98696649999993 ] ], [ [ -51.114561199999969, -29.979226099999952 ], [ -51.114608958664917, -29.978298976255417 ], [ -51.114559875366041, -29.979425760179844 ], [ -51.114561199999969, -29.979226099999952 ] ], [ [ -51.114554199999986, -29.980281199999979 ], [ -51.114554946073575, -29.980168745393389 ], [ -51.114569520030329, -29.980345657035155 ], [ -51.114554199999986, -29.980281199999979 ] ], [ [ -51.121612799999987, -29.980986799999982 ], [ -51.121653199999969, -29.982093699999947 ], [ -51.121645872870062, -29.982373242638385 ], [ -51.121612799999987, -29.980986799999982 ] ], [ [ -51.121400411271544, -29.983260845065413 ], [ -51.121402799999942, -29.983245 ], [ -51.12163979717991, -29.982605040692786 ], [ -51.121638699999949, -29.982646899999953 ], [ -51.121400411271544, -29.983260845065413 ] ], [ [ -51.121334502183494, -29.983698037429715 ], [ -51.12126020542977, -29.984201821095375 ], [ -51.121259099999975, -29.984198199999966 ], [ -51.121334502183494, -29.983698037429715 ] ] ], [ [ [ -51.130798199999958, -29.979649699999982 ], [ -51.130700399999967, -29.981234699999952 ], [ -51.133724499999971, -29.981391399999936 ], [ -51.133826499999941, -29.979804599999962 ], [ -51.130798199999958, -29.979649699999982 ] ] ], [ [ [ -51.130578399999933, -29.982895199999973 ], [ -51.130798199999958, -29.979649699999982 ], [ -51.130019, -29.979599099999977 ], [ -51.12979229999997, -29.98285 ], [ -51.130578399999933, -29.982895199999973 ] ] ] ] } },
{ "type": "Feature", "properties": { "ltla_code": "Serraria", "ltla_name": "Serraria" }, "geometry": { "type": "Polygon", "coordinates": [ [ [ -51.225866399999973, -30.159202199999978 ], [ -51.222557799999947, -30.159574 ], [ -51.222636199999954, -30.159906 ], [ -51.222596599999974, -30.16016929999995 ], [ -51.222406499999984, -30.16047819999994 ], [ -51.222182699999962, -30.16068259999998 ], [ -51.221820399999956, -30.160919899999943 ], [ -51.221458, -30.161053099999943 ], [ -51.220571099999972, -30.161111699999939 ], [ -51.220413, -30.161537799999959 ], [ -51.219992699999978, -30.162097299999971 ], [ -51.219593699999962, -30.162416099999966 ], [ -51.218260115139323, -30.163181270196858 ], [ -51.218389899999977, -30.163101 ], [ -51.209573299999938, -30.163692499999964 ], [ -51.206387899999982, -30.163833199999935 ], [ -51.206352599999946, -30.163965699999952 ], [ -51.208060099999955, -30.168507299999931 ], [ -51.201297199999942, -30.16736249999996 ], [ -51.202207499999986, -30.171411399999954 ], [ -51.202671199999941, -30.171611499999987 ], [ -51.204336399999931, -30.173299699999969 ], [ -51.204825699999958, -30.173983199999942 ], [ -51.205329099999972, -30.174955599999976 ], [ -51.205598, -30.175352099999927 ], [ -51.205978499999958, -30.175739799999967 ], [ -51.206345799999951, -30.175911199999973 ], [ -51.206774799999948, -30.176006699999959 ], [ -51.207207699999977, -30.176037 ], [ -51.208661099999972, -30.175887799999941 ], [ -51.213585899999941, -30.175071499999934 ], [ -51.213958299999945, -30.174966199999968 ], [ -51.215074199999947, -30.174472899999955 ], [ -51.217117499999972, -30.173425899999987 ], [ -51.217439899999931, -30.173089099999974 ], [ -51.217865899999936, -30.172865399999964 ], [ -51.218075399999975, -30.172827399999953 ], [ -51.218608899999936, -30.172890399999968 ], [ -51.219128, -30.172770299999961 ], [ -51.219560099999967, -30.172828699999965 ], [ -51.21983419999998, -30.17294429999998 ], [ -51.21999059999996, -30.173307599999919 ], [ -51.220105899999965, -30.173426799999955 ], [ -51.220505599999967, -30.173419899999931 ], [ -51.220684299999959, -30.173465699999944 ], [ -51.221446399999934, -30.174078299999955 ], [ -51.221574299999986, -30.17413659999994 ], [ -51.221830099999977, -30.174157399999952 ], [ -51.222266099999956, -30.174003299999981 ], [ -51.22243229999998, -30.173989699999925 ], [ -51.22267769999997, -30.174074499999954 ], [ -51.223190299999942, -30.17464949999993 ], [ -51.224370499999964, -30.174632599999924 ], [ -51.224854599999958, -30.174763399999957 ], [ -51.225498899999934, -30.175378699999953 ], [ -51.226081, -30.175763199999945 ], [ -51.226509299999975, -30.176436599999928 ], [ -51.226709899999946, -30.176582899999957 ], [ -51.22697729999993, -30.176513299999939 ], [ -51.227058299999953, -30.176425799999937 ], [ -51.227142699999945, -30.176118799999976 ], [ -51.227331099999958, -30.175998199999977 ], [ -51.227377699999977, -30.17589809999998 ], [ -51.227315399999952, -30.174823 ], [ -51.227286, -30.174751799999957 ], [ -51.227004499999964, -30.174546 ], [ -51.226967699999932, -30.17440919999995 ], [ -51.227069299999982, -30.173670799999964 ], [ -51.227059099999963, -30.173232599999949 ], [ -51.226766099999963, -30.172783399999954 ], [ -51.226307, -30.170487599999941 ], [ -51.226230699999974, -30.169804899999974 ], [ -51.226348099999939, -30.169309899999959 ], [ -51.226385899999968, -30.168858899999968 ], [ -51.226548599999944, -30.168502 ], [ -51.226633599999957, -30.168213399999949 ], [ -51.226946399999974, -30.167969899999946 ], [ -51.227338699999962, -30.168035799999988 ], [ -51.227784899999961, -30.167706299999956 ], [ -51.228467499999965, -30.167599399999968 ], [ -51.228919599999983, -30.16732909999995 ], [ -51.23002269999995, -30.16685649999993 ], [ -51.230230899999981, -30.166692499999957 ], [ -51.230582699999957, -30.166644799999968 ], [ -51.230732799999942, -30.16636729999993 ], [ -51.230959, -30.166222 ], [ -51.23129, -30.166114899999965 ], [ -51.231567199999972, -30.1659 ], [ -51.232124599999963, -30.165635499999951 ], [ -51.23222949999996, -30.165537399999945 ], [ -51.232368199999939, -30.165099399999971 ], [ -51.232441599999959, -30.165048599999974 ], [ -51.232552299999952, -30.16506129999993 ], [ -51.23292749999996, -30.164961199999929 ], [ -51.232993199999953, -30.164913499999951 ], [ -51.233023699999933, -30.164805299999962 ], [ -51.232989799999984, -30.164701199999971 ], [ -51.233017799999971, -30.164626699999925 ], [ -51.233248599999968, -30.164545 ], [ -51.233218199999953, -30.164084299999946 ], [ -51.233418899999947, -30.163597699999979 ], [ -51.233353799999975, -30.163512099999934 ], [ -51.233100699999966, -30.163441299999924 ], [ -51.233187399999963, -30.163128799999978 ], [ -51.23316159999996, -30.163073599999958 ], [ -51.23288679999996, -30.162980599999976 ], [ -51.232797, -30.162857599999931 ], [ -51.232876399999952, -30.162698199999966 ], [ -51.232876299999987, -30.162521399999935 ], [ -51.232848499999932, -30.162437099999966 ], [ -51.232474199999956, -30.162206099999931 ], [ -51.232271499999968, -30.162234799999961 ], [ -51.232081, -30.162314599999945 ], [ -51.231979699999954, -30.162453899999942 ], [ -51.231874699999935, -30.16282539999996 ], [ -51.231785399999985, -30.162864199999948 ], [ -51.231507, -30.16284649999994 ], [ -51.231187199999965, -30.162963799999936 ], [ -51.230853699999955, -30.162843199999941 ], [ -51.230562499999969, -30.162662699999938 ], [ -51.230484299999944, -30.16266319999994 ], [ -51.230377799999985, -30.162747699999958 ], [ -51.230202899999938, -30.162746299999974 ], [ -51.230110799999977, -30.162573499999947 ], [ -51.229867699999943, -30.162506 ], [ -51.22962629999995, -30.162345199999944 ], [ -51.229516, -30.16214749999995 ], [ -51.229349, -30.161994099999951 ], [ -51.229068599999948, -30.161654399999968 ], [ -51.228625299999976, -30.161545699999976 ], [ -51.228498799999954, -30.161462199999963 ], [ -51.228298299999949, -30.161156099999957 ], [ -51.22800669999998, -30.160567699999945 ], [ -51.228068899999982, -30.160248299999971 ], [ -51.228005399999972, -30.160021599999929 ], [ -51.227754799999957, -30.159740899999971 ], [ -51.2277309, -30.159559399999971 ], [ -51.227873399999964, -30.159276699999968 ], [ -51.227857099999937, -30.159197499999951 ], [ -51.227736, -30.159098199999946 ], [ -51.225852199999963, -30.159241599999962 ], [ -51.224629399999969, -30.162380299999938 ], [ -51.224474499999985, -30.162777399999982 ], [ -51.225866399999973, -30.159202199999978 ] ], [ [ -51.218933818444917, -30.163181789667203 ], [ -51.219205499999987, -30.163149099999949 ], [ -51.224474499999985, -30.162777399999982 ], [ -51.218933818444917, -30.163181789667203 ] ], [ [ -51.225565299999971, -30.168382 ], [ -51.226034099999943, -30.168413 ], [ -51.226548599999944, -30.168502 ], [ -51.225565299999971, -30.168382 ] ], [ [ -51.228257699999972, -30.163887199999973 ], [ -51.22833849999995, -30.16454 ], [ -51.228327791723913, -30.1645776034809 ], [ -51.228257699999972, -30.163887199999973 ] ], [ [ -51.227829, -30.163545899999967 ], [ -51.227918106227833, -30.163589186200682 ], [ -51.22788, -30.163592199999975 ], [ -51.227978699999937, -30.163718 ], [ -51.227829, -30.163545899999967 ] ], [ [ -51.225249799999979, -30.162860499999969 ], [ -51.22521850483102, -30.162857145648697 ], [ -51.227490099999955, -30.162697799999943 ], [ -51.225249799999979, -30.162860499999969 ] ], [ [ -51.23038, -30.163009699999975 ], [ -51.229347344728119, -30.163106139666013 ], [ -51.229352499999948, -30.163103899999943 ], [ -51.230561, -30.162976299999968 ], [ -51.230585037751553, -30.162985925063293 ], [ -51.23038, -30.163009699999975 ] ], [ [ -51.232088299999987, -30.165444299999919 ], [ -51.232063621057833, -30.165464820656371 ], [ -51.232211499999949, -30.165193599999956 ], [ -51.232088299999987, -30.165444299999919 ] ], [ [ -51.231960699999952, -30.165550399999972 ], [ -51.231711179653118, -30.165660385942321 ], [ -51.232021609277716, -30.165499753649094 ], [ -51.231960699999952, -30.165550399999972 ] ], [ [ -51.230047, -30.166554 ], [ -51.230495, -30.166289699999936 ], [ -51.231061777616134, -30.165996420038809 ], [ -51.230047, -30.166554 ] ], [ [ -51.229329099999973, -30.166379299999949 ], [ -51.229100799999969, -30.166301 ], [ -51.229481699999951, -30.16641349999998 ], [ -51.229329099999973, -30.166379299999949 ] ], [ [ -51.227460399999984, -30.165405399999933 ], [ -51.228149299999984, -30.16520439999994 ], [ -51.228047199999942, -30.165238099999947 ], [ -51.227460399999984, -30.165405399999933 ] ], [ [ -51.227004099999931, -30.166186399999955 ], [ -51.22650079999994, -30.16701809999995 ], [ -51.227460399999984, -30.165405399999933 ], [ -51.227004099999931, -30.166186399999955 ] ], [ [ -51.226808403804931, -30.167082864058408 ], [ -51.226801399999943, -30.167072699999945 ], [ -51.226805718926599, -30.167053815615656 ], [ -51.226808403804931, -30.167082864058408 ] ], [ [ -51.229950660601268, -30.164346240331472 ], [ -51.229824899999983, -30.164718899999961 ], [ -51.229908899999941, -30.164380499999922 ], [ -51.229950660601268, -30.164346240331472 ] ] ] } },
{ "type": "Feature", "properties": { "ltla_code": "São Caetano", "ltla_name": "São Caetano" }, "geometry": { "type": "Polygon", "coordinates": [ [ [ -51.105669399999954, -30.208512299999921 ], [ -51.106166799999983, -30.20874159999995 ], [ -51.106838899999957, -30.209179199999934 ], [ -51.107795799999963, -30.210053299999966 ], [ -51.109796599999981, -30.211221699999957 ], [ -51.113195799999971, -30.207393199999959 ], [ -51.116610899999955, -30.203724 ], [ -51.116183899999953, -30.203663899999977 ], [ -51.114922, -30.203729899999928 ], [ -51.114629199999968, -30.203692499999924 ], [ -51.114299, -30.203575499999939 ], [ -51.112211899999977, -30.202604699999931 ], [ -51.110797599999962, -30.201533699999956 ], [ -51.110483699999975, -30.201355799999924 ], [ -51.108645699999954, -30.200781599999964 ], [ -51.107101, -30.200208299999936 ], [ -51.106319, -30.199882799999955 ], [ -51.104857699999968, -30.199176899999944 ], [ -51.104277699999962, -30.199029599999967 ], [ -51.10352869999997, -30.198943499999924 ], [ -51.103090899999984, -30.198813799999968 ], [ -51.10170009999996, -30.198005599999934 ], [ -51.101324899999952, -30.197714899999934 ], [ -51.099337299999945, -30.19558029999995 ], [ -51.096733299999983, -30.193394499999954 ], [ -51.096542699999986, -30.19298509999993 ], [ -51.096452299999953, -30.192062199999949 ], [ -51.096402299999966, -30.191912699999929 ], [ -51.096222699999942, -30.191679799999967 ], [ -51.095165099999974, -30.19098079999997 ], [ -51.094961699999942, -30.19080069999994 ], [ -51.093807799999979, -30.189414799999955 ], [ -51.094046799999944, -30.189271299999966 ], [ -51.094519199999979, -30.188671699999926 ], [ -51.094846599999983, -30.188073799999984 ], [ -51.093681699999934, -30.186605099999952 ], [ -51.092955099999983, -30.185797799999932 ], [ -51.092705199999955, -30.185536299999967 ], [ -51.091774699999974, -30.18480969999996 ], [ -51.090836599999932, -30.184121499999936 ], [ -51.088837399999932, -30.182795099999961 ], [ -51.08780059999998, -30.18186879999995 ], [ -51.08662, -30.181087799999947 ], [ -51.085998399999937, -30.180785199999939 ], [ -51.083848799999942, -30.180029499999932 ], [ -51.083349599999963, -30.179800399999976 ], [ -51.082946799999952, -30.179398599999953 ], [ -51.082555099999986, -30.178712699999949 ], [ -51.082349099999931, -30.178637699999964 ], [ -51.082022099999961, -30.178399299999967 ], [ -51.081845199999982, -30.178422299999962 ], [ -51.081633699999941, -30.178556899999933 ], [ -51.081310599999938, -30.179068499999968 ], [ -51.080633699999964, -30.179391599999978 ], [ -51.078549399999986, -30.178899299999944 ], [ -51.077911099999938, -30.178510799999962 ], [ -51.076323099999968, -30.178416 ], [ -51.075335699999982, -30.177896199999964 ], [ -51.074312099999986, -30.17749509999992 ], [ -51.073160199999961, -30.177489199999957 ], [ -51.071449599999937, -30.17783 ], [ -51.069411699999932, -30.177967699999954 ], [ -51.068231, -30.178233599999935 ], [ -51.067392899999959, -30.178309099999971 ], [ -51.067828, -30.179075 ], [ -51.067934, -30.179833299999981 ], [ -51.068066, -30.179999499999948 ], [ -51.06820179999994, -30.180065199999941 ], [ -51.069147299999941, -30.180210299999938 ], [ -51.068284699999936, -30.180083899999939 ], [ -51.068186, -30.180492899999926 ], [ -51.067587599999968, -30.181747699999953 ], [ -51.064315599999986, -30.182577699999957 ], [ -51.063254, -30.181276399999941 ], [ -51.061596, -30.182840199999927 ], [ -51.061033499999951, -30.183611099999951 ], [ -51.060392, -30.184372199999984 ], [ -51.059777599999961, -30.185236099999944 ], [ -51.05782709999994, -30.187402799999962 ], [ -51.056867499999953, -30.187877 ], [ -51.056314899999968, -30.187993599999963 ], [ -51.054620099999973, -30.188861599999928 ], [ -51.05369879999995, -30.189003599999968 ], [ -51.055391, -30.191107699999971 ], [ -51.089373, -30.196187699999932 ], [ -51.089361899999979, -30.196007199999936 ], [ -51.089398699999947, -30.196290899999948 ], [ -51.090287, -30.198028399999927 ], [ -51.091233, -30.201105699999964 ], [ -51.091291299999966, -30.201872799999933 ], [ -51.090847899999972, -30.204939699999951 ], [ -51.090787899999953, -30.207235699999952 ], [ -51.090938699999981, -30.208042099999936 ], [ -51.091803599999935, -30.210230499999962 ], [ -51.105669399999954, -30.208512299999921 ] ], [ [ -51.088654041210859, -30.192399734345358 ], [ -51.087718899999977, -30.190950499999921 ], [ -51.088539199999957, -30.192197899999933 ], [ -51.088654041210859, -30.192399734345358 ] ], [ [ -51.088852199999963, -30.192748 ], [ -51.088915699999973, -30.19353859999995 ], [ -51.088820119051348, -30.192691617476513 ], [ -51.088852199999963, -30.192748 ] ], [ [ -51.089338099999964, -30.194350899999961 ], [ -51.089407111820151, -30.194543452125629 ], [ -51.088915699999973, -30.19353859999995 ], [ -51.089338099999964, -30.194350899999961 ] ], [ [ -51.089473899999973, -30.194729799999948 ], [ -51.089497, -30.195121699999952 ], [ -51.089448515007589, -30.194658972506474 ], [ -51.089473899999973, -30.194729799999948 ] ], [ [ -51.086935499999981, -30.190348699999955 ], [ -51.087030088445516, -30.190421361892373 ], [ -51.086885260399796, -30.190326412871897 ], [ -51.086935499999981, -30.190348699999955 ] ], [ [ -51.078513921472755, -30.183085289609974 ], [ -51.079440499999983, -30.184513 ], [ -51.078593699999942, -30.183221199999927 ], [ -51.078513921472755, -30.183085289609974 ] ], [ [ -51.077930599999945, -30.182071599999968 ], [ -51.078200054798906, -30.182550587559923 ], [ -51.077903508433891, -30.182045392320926 ], [ -51.077930599999945, -30.182071599999968 ] ], [ [ -51.077614899999958, -30.181766199999963 ], [ -51.077729611335954, -30.181877168774164 ], [ -51.077552755851805, -30.181736360910836 ], [ -51.077614899999958, -30.181766199999963 ] ], [ [ -51.076886599999966, -30.181416499999958 ], [ -51.077317519494848, -30.18162340999222 ], [ -51.076793692712087, -30.181398289982667 ], [ -51.076886599999966, -30.181416499999958 ] ], [ [ -51.076296299999967, -30.181300799999971 ], [ -51.076563834073688, -30.181353237222275 ], [ -51.076066754877985, -30.181302902703354 ], [ -51.076296299999967, -30.181300799999971 ] ], [ [ -51.075903299999936, -30.181304399999931 ], [ -51.075954041311299, -30.18130393519403 ], [ -51.075422196100646, -30.181378713689522 ], [ -51.075903299999936, -30.181304399999931 ] ], [ [ -51.074271288605708, -30.181526357592077 ], [ -51.074348565651988, -30.181529668268148 ], [ -51.074307799999985, -30.18153539999998 ], [ -51.074271288605708, -30.181526357592077 ] ] ] } },
{ "type": "Feature", "properties": { "ltla_code": "São Geraldo", "ltla_name": "São Geraldo" }, "geometry": { "type": "Polygon", "coordinates": [ [ [ -51.205424099999959, -30.014170099999944 ], [ -51.205721099999948, -30.012815 ], [ -51.20586789999993, -30.012164299999935 ], [ -51.205585199999973, -30.01346419999993 ], [ -51.211127399999953, -30.012377 ], [ -51.210631199999966, -30.011266899999953 ], [ -51.212845199999947, -30.010357099999961 ], [ -51.210273599999937, -30.005446099999965 ], [ -51.209330899999941, -30.002687 ], [ -51.207456899999954, -30.003264 ], [ -51.199520699999937, -30.005684599999935 ], [ -51.196092599999986, -30.006731 ], [ -51.192059899999954, -30.007944299999952 ], [ -51.192360199999939, -30.009025499999947 ], [ -51.193082799999956, -30.010576099999977 ], [ -51.193984299999954, -30.012155599999975 ], [ -51.195237499999962, -30.013948599999935 ], [ -51.195772799999986, -30.014709199999956 ], [ -51.196102599999961, -30.01517019999994 ], [ -51.196781199999975, -30.016238399999953 ], [ -51.200501, -30.014895399999936 ], [ -51.202504699999963, -30.014178399999938 ], [ -51.202612799999947, -30.013693899999968 ], [ -51.203377599999953, -30.013821 ], [ -51.204411, -30.013993899999946 ], [ -51.20461, -30.014178599999976 ], [ -51.204803, -30.014068899999987 ], [ -51.205424099999959, -30.014170099999944 ] ], [ [ -51.209257099999945, -30.008027799999972 ], [ -51.208844799999959, -30.006941499999982 ], [ -51.207818699999969, -30.004271399999929 ], [ -51.207456899999954, -30.003264 ], [ -51.209257099999945, -30.008027799999972 ] ], [ [ -51.2067641806442, -30.007562561161443 ], [ -51.20768529999998, -30.007283699999963 ], [ -51.208844799999959, -30.006941499999982 ], [ -51.2067641806442, -30.007562561161443 ] ], [ [ -51.197714299999973, -30.010987599999961 ], [ -51.200005399999959, -30.010311399999978 ], [ -51.196566099999984, -30.011351399999963 ], [ -51.193984299999954, -30.012155599999975 ], [ -51.197714299999973, -30.010987599999961 ] ], [ [ -51.201667207881357, -30.009105626927848 ], [ -51.198596699999939, -30.010040499999942 ], [ -51.197482199999975, -30.010354199999934 ], [ -51.199781199999968, -30.009676599999974 ], [ -51.201667207881357, -30.009105626927848 ] ], [ [ -51.202614299999937, -30.010369799999964 ], [ -51.202943824870104, -30.011228493892016 ], [ -51.202932399999952, -30.011199 ], [ -51.202614299999937, -30.010369799999964 ] ], [ [ -51.205753099999981, -30.008556099999954 ], [ -51.205514009089001, -30.007941040117231 ], [ -51.205514043401926, -30.007941029729281 ], [ -51.205994876585798, -30.009157726926404 ], [ -51.205994845510411, -30.009157738068183 ], [ -51.205753099999981, -30.008556099999954 ] ] ] } },
{ "type": "Feature", "properties": { "ltla_code": "São João", "ltla_name": "São João" }, "geometry": { "type": "Polygon", "coordinates": [ [ [ -51.196781199999975, -30.016238399999953 ], [ -51.195772799999986, -30.014709199999956 ], [ -51.195237499999962, -30.013948599999935 ], [ -51.193984299999954, -30.012155599999975 ], [ -51.193524899999943, -30.011404599999931 ], [ -51.193082799999956, -30.010576099999977 ], [ -51.192360199999939, -30.009025499999947 ], [ -51.192059899999954, -30.007944299999952 ], [ -51.193762599999964, -30.007439799999922 ], [ -51.193166099999985, -30.005762899999983 ], [ -51.191192799999953, -30.00031509999997 ], [ -51.190372699999955, -29.998126299999953 ], [ -51.18987489999995, -29.997124 ], [ -51.189711099999954, -29.996612799999969 ], [ -51.18973109999996, -29.99616409999993 ], [ -51.188073899999949, -29.994671199999971 ], [ -51.187002099999972, -29.993526099999944 ], [ -51.186408399999948, -29.993553599999981 ], [ -51.186385, -29.994824899999969 ], [ -51.186320599999931, -29.995062099999981 ], [ -51.186089099999947, -29.995299399999965 ], [ -51.186048099999937, -29.995445899999932 ], [ -51.186147699999935, -29.995709499999972 ], [ -51.186326399999984, -29.997305899999951 ], [ -51.18782159999995, -29.99971689999995 ], [ -51.187577199999964, -29.999815699999932 ], [ -51.188275499999975, -30.000948 ], [ -51.187946799999963, -30.001383499999971 ], [ -51.187353103048572, -30.002660293443604 ], [ -51.185940399999936, -30.00306089999998 ], [ -51.185156099999972, -30.003225399999963 ], [ -51.182687199999975, -30.003240399999981 ], [ -51.182496731472021, -30.00849475585256 ], [ -51.181856799999935, -30.008577199999927 ], [ -51.181781499999943, -30.011531799999947 ], [ -51.183338899999967, -30.011557399999955 ], [ -51.18495489999998, -30.011651099999934 ], [ -51.185522, -30.011794399999918 ], [ -51.188045699999975, -30.012707699999968 ], [ -51.189116499999955, -30.013104899999973 ], [ -51.190113499999939, -30.013484899999977 ], [ -51.191069499999969, -30.013840699999957 ], [ -51.191957799999955, -30.01417139999996 ], [ -51.191855799999985, -30.014561299999965 ], [ -51.191959899999972, -30.015594599999915 ], [ -51.192013799999984, -30.015774599999926 ], [ -51.191821399999981, -30.01770359999994 ], [ -51.194287699999961, -30.017791499999927 ], [ -51.197641, -30.017904299999941 ], [ -51.197773199999972, -30.017915199999941 ], [ -51.197035199999959, -30.016736899999959 ], [ -51.196781199999975, -30.016238399999953 ] ], [ [ -51.191895065453529, -30.007777874063073 ], [ -51.191936, -30.007795 ], [ -51.192059899999954, -30.007944299999952 ], [ -51.191895065453529, -30.007777874063073 ] ], [ [ -51.185849699999949, -30.008259599999977 ], [ -51.185937399999943, -30.007544799999938 ], [ -51.185522, -30.011794399999918 ], [ -51.185849699999949, -30.008259599999977 ] ], [ [ -51.191129, -30.008992399999954 ], [ -51.191774899999984, -30.007727599999953 ], [ -51.190610699999979, -30.010070499999983 ], [ -51.189116499999955, -30.013104899999973 ], [ -51.191129, -30.008992399999954 ] ], [ [ -51.192571399999963, -30.010796399999943 ], [ -51.191632899999945, -30.010449299999934 ], [ -51.190610699999979, -30.010070499999983 ], [ -51.192571399999963, -30.010796399999943 ] ], [ [ -51.190277013900854, -30.006744519760414 ], [ -51.190255399999963, -30.006637799999964 ], [ -51.19033909999996, -30.00517229999997 ], [ -51.190277013900854, -30.006744519760414 ] ], [ [ -51.193255599999986, -30.015250899999941 ], [ -51.192383899999982, -30.01432409999995 ], [ -51.192844399999956, -30.014806399999934 ], [ -51.193255599999986, -30.015250899999941 ] ], [ [ -51.187353259899723, -30.002660248964617 ], [ -51.189017099999944, -30.002129199999956 ], [ -51.187709599999948, -30.002559199999947 ], [ -51.187353259899723, -30.002660248964617 ] ], [ [ -51.188857599870495, -30.007232557293683 ], [ -51.18755622104063, -30.007234063917753 ], [ -51.187616099999957, -30.007226399999979 ], [ -51.188857599870495, -30.007232557293683 ] ] ] } },
{ "type": "Feature", "properties": { "ltla_code": "São Sebastião", "ltla_name": "São Sebastião" }, "geometry": { "type": "Polygon", "coordinates": [ [ [ -51.148715399999958, -30.007551799999927 ], [ -51.148489399999967, -30.005245799999944 ], [ -51.148459699999933, -30.004383299999969 ], [ -51.146755299999938, -30.004181899999928 ], [ -51.145696991594775, -30.004054196611467 ], [ -51.146506899999963, -30.004150599999946 ], [ -51.14725569999996, -30.00422989999992 ], [ -51.147418, -30.002610399999977 ], [ -51.147647599999971, -30.000336899999972 ], [ -51.147819599999934, -29.997968 ], [ -51.146241199999963, -29.997958199999967 ], [ -51.14536529999998, -29.997933599999961 ], [ -51.142629599999964, -29.997858699999927 ], [ -51.140498899999962, -29.997809299999979 ], [ -51.139827, -29.997837099999966 ], [ -51.139606399999934, -30.001867699999934 ], [ -51.137874099999976, -30.005026799999936 ], [ -51.140952699999957, -30.007251899999968 ], [ -51.142910099999938, -30.008680199999951 ], [ -51.143018099999949, -30.009907 ], [ -51.145142899999946, -30.010395899999931 ], [ -51.146244399999944, -30.010524799999921 ], [ -51.149047899999971, -30.010527699999962 ], [ -51.148795099999973, -30.008280699999943 ], [ -51.148715399999958, -30.007551799999927 ] ], [ [ -51.146895699999959, -30.000281199999954 ], [ -51.14608439999995, -30.000210599999939 ], [ -51.147647599999971, -30.000336899999972 ], [ -51.146895699999959, -30.000281199999954 ] ], [ [ -51.14250949999996, -30.000752899999956 ], [ -51.142492523190043, -30.001072361924553 ], [ -51.142629599999964, -29.997858699999927 ], [ -51.14250949999996, -30.000752899999956 ] ], [ [ -51.145599899999979, -30.004846 ], [ -51.145224499999983, -30.004634299999957 ], [ -51.144616599999949, -30.004287899999952 ], [ -51.145599899999979, -30.004846 ] ], [ [ -51.147049799999934, -30.006762799999919 ], [ -51.147275499999978, -30.007223399999923 ], [ -51.146028899999983, -30.004699399999936 ], [ -51.147049799999934, -30.006762799999919 ] ], [ [ -51.144476, -30.006944499999971 ], [ -51.14277119999997, -30.006706899999976 ], [ -51.143555799999945, -30.006809299999922 ], [ -51.144485793783787, -30.006945902973253 ], [ -51.144476, -30.006944499999971 ] ], [ [ -51.142925299999945, -30.008221199999962 ], [ -51.142658119058048, -30.005610548876852 ], [ -51.14277119999997, -30.006706899999976 ], [ -51.142925299999945, -30.008221199999962 ] ], [ [ -51.142409899999961, -30.003009399999939 ], [ -51.142417844022155, -30.002823158419968 ], [ -51.142443094219942, -30.003357309209392 ], [ -51.142409899999961, -30.003009399999939 ] ] ] } },
{ "type": "Feature", "properties": { "ltla_code": "Sétimo Céu", "ltla_name": "Sétimo Céu" }, "geometry": { "type": "Polygon", "coordinates": [ [ [ -51.248819499999968, -30.118651099999958 ], [ -51.248058699999945, -30.118673399999977 ], [ -51.246510199999932, -30.118124799999972 ], [ -51.242963499999973, -30.116720199999975 ], [ -51.241813199999967, -30.116356399999976 ], [ -51.240611799999954, -30.116104499999942 ], [ -51.239585899999952, -30.11576169999995 ], [ -51.238413799999933, -30.115224899999927 ], [ -51.237322299999967, -30.114825299999936 ], [ -51.237103199999979, -30.114837299999984 ], [ -51.23690129999995, -30.114703099999929 ], [ -51.236699899999962, -30.11441339999994 ], [ -51.23650779999997, -30.114290399999955 ], [ -51.234917899999971, -30.113687 ], [ -51.234449299999937, -30.11450769999993 ], [ -51.234238, -30.114783499999923 ], [ -51.233730599999944, -30.11522449999995 ], [ -51.233112399999982, -30.115583099999977 ], [ -51.232922, -30.115746699999924 ], [ -51.232522299999971, -30.11624019999994 ], [ -51.232422699999972, -30.116546399999944 ], [ -51.232422199999974, -30.116936099999965 ], [ -51.232516899999951, -30.117226 ], [ -51.232800499999939, -30.117657199999933 ], [ -51.233051599999953, -30.118289799999957 ], [ -51.233111, -30.118918599999969 ], [ -51.233029599999952, -30.119434699999939 ], [ -51.232795299999964, -30.120135399999981 ], [ -51.23239209999997, -30.120684299999926 ], [ -51.231714, -30.121224599999945 ], [ -51.231324799999982, -30.121635799999975 ], [ -51.231060799999973, -30.121639 ], [ -51.230446899999947, -30.123449599999951 ], [ -51.231732599999987, -30.122672799999972 ], [ -51.232366699999943, -30.122862 ], [ -51.235099199999979, -30.123021199999979 ], [ -51.238221899999985, -30.123876499999945 ], [ -51.241427599999952, -30.124670599999938 ], [ -51.241940599999964, -30.12475959999994 ], [ -51.244261399999971, -30.123339699999967 ], [ -51.245303899999954, -30.122756299999928 ], [ -51.248573699999952, -30.121520499999967 ], [ -51.249516899999946, -30.121339099999947 ], [ -51.249620799999946, -30.121250399999951 ], [ -51.249867599999966, -30.122833299999972 ], [ -51.25025949999997, -30.122795199999931 ], [ -51.251619799999958, -30.122891499999973 ], [ -51.252326799999935, -30.122743299999971 ], [ -51.252630199999942, -30.122516699999949 ], [ -51.252805199999955, -30.122248199999937 ], [ -51.252998699999978, -30.121178099999945 ], [ -51.253574599999979, -30.119820399999977 ], [ -51.253608399999962, -30.119402299999933 ], [ -51.253264899999976, -30.118353699999933 ], [ -51.253266154636478, -30.118533585782732 ], [ -51.253223599999956, -30.117455299999953 ], [ -51.253452, -30.116933199999959 ], [ -51.250788199999931, -30.115956799999932 ], [ -51.249732238232937, -30.117901177200466 ], [ -51.249664199999984, -30.117876399999936 ], [ -51.249438299999952, -30.117865 ], [ -51.248973299999932, -30.118476199999979 ], [ -51.248819499999968, -30.118651099999958 ] ], [ [ -51.253271799999936, -30.119343 ], [ -51.253163799999982, -30.11969049999993 ], [ -51.253270950682392, -30.11922122755789 ], [ -51.253271799999936, -30.119343 ] ], [ [ -51.252707698541009, -30.118922687519742 ], [ -51.252736, -30.118947699999971 ], [ -51.252865199999974, -30.119967299999924 ], [ -51.252707698541009, -30.118922687519742 ] ], [ [ -51.252656821543866, -30.118900744611697 ], [ -51.25266629999993, -30.118886099999933 ], [ -51.252684200178763, -30.118901919957121 ], [ -51.252656821543866, -30.118900744611697 ] ], [ [ -51.25083754352454, -30.118324466023278 ], [ -51.250950899999964, -30.118367799999934 ], [ -51.251007895820315, -30.118408573653177 ], [ -51.25083754352454, -30.118324466023278 ] ], [ [ -51.249546951080568, -30.118922257020646 ], [ -51.249489399999959, -30.118815399999946 ], [ -51.249546699999939, -30.118903399999958 ], [ -51.249546951080568, -30.118922257020646 ] ], [ [ -51.249478563505917, -30.119305615396602 ], [ -51.249547925268047, -30.118995421858848 ], [ -51.249549599999966, -30.119121199999928 ], [ -51.249478563505917, -30.119305615396602 ] ], [ [ -51.249213, -30.119809699999951 ], [ -51.24941782402103, -30.119463299082273 ], [ -51.249397099999953, -30.119517099999943 ], [ -51.249213, -30.119809699999951 ] ] ] } },
{ "type": "Feature", "properties": { "ltla_code": "Teresópolis", "ltla_name": "Teresópolis" }, "geometry": { "type": "Polygon", "coordinates": [ [ [ -51.212773899999945, -30.083625199999972 ], [ -51.213201599999934, -30.083680599999976 ], [ -51.213770899999986, -30.083546099999971 ], [ -51.213631799999973, -30.083003899999941 ], [ -51.213474199999951, -30.082678099999956 ], [ -51.215343599999983, -30.080764899999966 ], [ -51.213789299999981, -30.079616199999979 ], [ -51.213993799999969, -30.079242099999927 ], [ -51.214266099999982, -30.07840919999995 ], [ -51.214530799999977, -30.076994199999959 ], [ -51.21454609999995, -30.076711199999981 ], [ -51.214755099999934, -30.075762 ], [ -51.214809699999932, -30.074651499999952 ], [ -51.213189599999964, -30.074129 ], [ -51.210436899999941, -30.072475299999944 ], [ -51.211020499999961, -30.071397899999951 ], [ -51.211309399999948, -30.070742799999941 ], [ -51.211282199999971, -30.070585699999981 ], [ -51.211178099999984, -30.070076499999971 ], [ -51.208694799999932, -30.070534399999929 ], [ -51.207110299999954, -30.070307899999928 ], [ -51.206438499999933, -30.071801099999956 ], [ -51.205345799999975, -30.074162499999932 ], [ -51.204372099999944, -30.073724799999983 ], [ -51.203747599999986, -30.074641 ], [ -51.204968499999957, -30.075411499999966 ], [ -51.205445939499278, -30.075777987817265 ], [ -51.206609499999963, -30.077681299999931 ], [ -51.204846099999948, -30.078457499999949 ], [ -51.203217, -30.079159699999934 ], [ -51.202526699999964, -30.079514299999968 ], [ -51.201774, -30.07998 ], [ -51.198885899999937, -30.081630299999976 ], [ -51.197615699999972, -30.082641899999945 ], [ -51.197849799999972, -30.082788899999962 ], [ -51.197951799999942, -30.082946499999931 ], [ -51.197946699999932, -30.083087599999935 ], [ -51.197666799999979, -30.083572399999973 ], [ -51.197730899999961, -30.083771499999951 ], [ -51.198024399999952, -30.084131199999931 ], [ -51.199020099999984, -30.084287799999963 ], [ -51.199518599999976, -30.084474 ], [ -51.199671699999953, -30.084605499999945 ], [ -51.199893299999985, -30.08501689999996 ], [ -51.200044199999979, -30.085136699999961 ], [ -51.200530814198409, -30.08514550926051 ], [ -51.200259599999981, -30.085568199999944 ], [ -51.199516399999936, -30.085308599999962 ], [ -51.198726699999959, -30.085818299999964 ], [ -51.198389, -30.086447199999952 ], [ -51.198218199999985, -30.08719259999997 ], [ -51.197663, -30.088023399999926 ], [ -51.197247599999969, -30.088493099999933 ], [ -51.197274799999946, -30.088838599999963 ], [ -51.196983599999953, -30.089440399999937 ], [ -51.196715799999936, -30.089809199999927 ], [ -51.196560499999975, -30.090511899999964 ], [ -51.196152899999959, -30.090861299999975 ], [ -51.19463879999995, -30.09286829999996 ], [ -51.19415349999997, -30.093109 ], [ -51.193513, -30.093303099999957 ], [ -51.193171399999983, -30.093737899999947 ], [ -51.192896299999973, -30.094242899999983 ], [ -51.191023199999961, -30.101507499999965 ], [ -51.192416199999968, -30.101650099999979 ], [ -51.192902899999986, -30.1018 ], [ -51.193892, -30.102120099999976 ], [ -51.19443739999997, -30.102421 ], [ -51.194710099999952, -30.102699099999931 ], [ -51.194847699999968, -30.102163799999971 ], [ -51.195038, -30.101984699999939 ], [ -51.205691, -30.102611799999973 ], [ -51.206112599999983, -30.101772199999971 ], [ -51.207446299999958, -30.101827599999975 ], [ -51.207422299999962, -30.102793799999976 ], [ -51.211184899999985, -30.102985099999955 ], [ -51.211677, -30.103239099999936 ], [ -51.212663899999939, -30.103108599999921 ], [ -51.212706299999979, -30.103067 ], [ -51.212042399999973, -30.10274609999993 ], [ -51.212003899999957, -30.102648399999957 ], [ -51.212017299999957, -30.102269199999963 ], [ -51.211846899999955, -30.101985699999933 ], [ -51.211266699999953, -30.101570199999969 ], [ -51.210837199999958, -30.101023699999924 ], [ -51.20982349999997, -30.100162099999963 ], [ -51.209708399999961, -30.099894899999974 ], [ -51.208875899999953, -30.099147399999932 ], [ -51.20879629999996, -30.098960799999922 ], [ -51.208771599999977, -30.098390199999983 ], [ -51.20872769999994, -30.09826409999993 ], [ -51.208190099999968, -30.097756599999968 ], [ -51.20777309999994, -30.09764 ], [ -51.206976199999986, -30.097634499999963 ], [ -51.205355, -30.096144199999969 ], [ -51.205264299999953, -30.095786599999936 ], [ -51.204898, -30.095444699999977 ], [ -51.204731699999968, -30.095366399999936 ], [ -51.204633899999976, -30.095233599999972 ], [ -51.204504, -30.09520149999997 ], [ -51.204493799999966, -30.095087699999958 ], [ -51.204378499999962, -30.095059899999956 ], [ -51.204242799999975, -30.094845399999937 ], [ -51.204169899999954, -30.094864399999949 ], [ -51.204070399999978, -30.09469839999996 ], [ -51.203691299999946, -30.09460469999993 ], [ -51.203558499999986, -30.094629499999925 ], [ -51.203292899999951, -30.094512699999935 ], [ -51.20318489999994, -30.094518599999951 ], [ -51.203136799999982, -30.094423699999936 ], [ -51.20301569999998, -30.094436899999948 ], [ -51.20280409999998, -30.094372699999944 ], [ -51.202693199999942, -30.09405159999994 ], [ -51.202691699999946, -30.093635799999952 ], [ -51.202518799999957, -30.092225399999958 ], [ -51.202394899999945, -30.091613699999982 ], [ -51.202496899999971, -30.091312599999977 ], [ -51.202341799999942, -30.090871899999964 ], [ -51.202389799999935, -30.090626199999971 ], [ -51.20277509999994, -30.090340399999942 ], [ -51.20302259999994, -30.08987089999993 ], [ -51.20371149999994, -30.08963619999998 ], [ -51.204017699999952, -30.089294199999969 ], [ -51.204461699999968, -30.089263599999985 ], [ -51.204773, -30.089110499999943 ], [ -51.205254399999951, -30.089101699999947 ], [ -51.205396899999982, -30.089016099999981 ], [ -51.205625299999951, -30.089008399999955 ], [ -51.205870299999965, -30.088860399999923 ], [ -51.206245399999943, -30.088860399999923 ], [ -51.206362699999943, -30.088669099999944 ], [ -51.206661299999951, -30.088508299999933 ], [ -51.206827099999941, -30.088485299999942 ], [ -51.207032599999934, -30.088383299999979 ], [ -51.207350199999951, -30.08836029999997 ], [ -51.20752889999995, -30.08826079999994 ], [ -51.207684499999971, -30.087991599999956 ], [ -51.207884799999931, -30.087924 ], [ -51.208013699999981, -30.08778239999998 ], [ -51.208008599999978, -30.087640699999952 ], [ -51.20820759999998, -30.087360099999966 ], [ -51.208266299999934, -30.086852299999961 ], [ -51.208631199999957, -30.08667359999998 ], [ -51.209195099999931, -30.086668499999973 ], [ -51.20981709999996, -30.086311899999934 ], [ -51.211531599999944, -30.084791 ], [ -51.211520599999972, -30.084565399999963 ], [ -51.211608799999972, -30.084392799999925 ], [ -51.211890899999958, -30.084154499999958 ], [ -51.212457099999938, -30.083882199999952 ], [ -51.212773899999945, -30.083625199999972 ] ], [ [ -51.210715, -30.071061099999945 ], [ -51.210631975077909, -30.071108031575324 ], [ -51.211282199999971, -30.070585699999981 ], [ -51.210715, -30.071061099999945 ] ], [ [ -51.205557899999981, -30.081730399999966 ], [ -51.20426539999994, -30.080338599999941 ], [ -51.203217, -30.079159699999934 ], [ -51.205557899999981, -30.081730399999966 ] ], [ [ -51.206847699999969, -30.080769399999944 ], [ -51.209043699999938, -30.079140399999982 ], [ -51.206308299999932, -30.081171299999927 ], [ -51.205557899999981, -30.081730399999966 ], [ -51.206847699999969, -30.080769399999944 ] ], [ [ -51.208482, -30.078313699999967 ], [ -51.209483099999943, -30.079752399999965 ], [ -51.210233199999955, -30.080873199999928 ], [ -51.209043699999938, -30.079140399999982 ], [ -51.208482, -30.078313699999967 ] ], [ [ -51.210502164924499, -30.081097261689333 ], [ -51.210448099999951, -30.081066899999939 ], [ -51.210233199999955, -30.080873199999928 ], [ -51.210502164924499, -30.081097261689333 ] ], [ [ -51.206640499999935, -30.082646899999922 ], [ -51.207380299999954, -30.08327329999997 ], [ -51.205557899999981, -30.081730399999966 ], [ -51.206640499999935, -30.082646899999922 ] ], [ [ -51.202869599999985, -30.080888499999951 ], [ -51.203510499999936, -30.081439799999934 ], [ -51.201774, -30.07998 ], [ -51.202869599999985, -30.080888499999951 ] ], [ [ -51.20843009999993, -30.074635199999925 ], [ -51.208074699999941, -30.075174799999957 ], [ -51.208587199999954, -30.07431809999996 ], [ -51.208906899999931, -30.07372069999996 ], [ -51.20843009999993, -30.074635199999925 ] ], [ [ -51.207826, -30.077281599999921 ], [ -51.207718199999931, -30.077522199999972 ], [ -51.207846027624555, -30.077214939038715 ], [ -51.207826, -30.077281599999921 ] ], [ [ -51.207879899999966, -30.077651699999926 ], [ -51.206719947390724, -30.076755930304266 ], [ -51.207718199999931, -30.077522199999972 ], [ -51.207879899999966, -30.077651699999926 ] ], [ [ -51.206963151496701, -30.086406477071442 ], [ -51.205845, -30.086535599999937 ], [ -51.206857299999967, -30.086395799999945 ], [ -51.206963151496701, -30.086406477071442 ] ], [ [ -51.207127015757834, -30.086376140191291 ], [ -51.207109299999956, -30.086389599999961 ], [ -51.207061473780414, -30.086395122920194 ], [ -51.207127015757834, -30.086376140191291 ] ], [ [ -51.211805699999957, -30.081574899999975 ], [ -51.211895953744147, -30.081627005508569 ], [ -51.210999938496471, -30.081313196784162 ], [ -51.211563599999977, -30.081482499999925 ], [ -51.211805699999957, -30.081574899999975 ] ], [ [ -51.212584799999945, -30.08076149999993 ], [ -51.21320019999996, -30.080338599999941 ], [ -51.211563599999977, -30.081482499999925 ], [ -51.212584799999945, -30.08076149999993 ] ], [ [ -51.210928772612391, -30.081288272570696 ], [ -51.210699, -30.081207799999952 ], [ -51.210581403779216, -30.081141760512086 ], [ -51.210928772612391, -30.081288272570696 ] ], [ [ -51.206441156240906, -30.084053165134872 ], [ -51.206425699999954, -30.084066 ], [ -51.205789361681468, -30.084341862332565 ], [ -51.206441156240906, -30.084053165134872 ] ], [ [ -51.205175469838487, -30.084607993776888 ], [ -51.205142699999953, -30.084622199999956 ], [ -51.20372279999998, -30.084607299999952 ], [ -51.205175469838487, -30.084607993776888 ] ], [ [ -51.201435699999934, -30.085304199999932 ], [ -51.200563710642939, -30.085146104790507 ], [ -51.200668399999984, -30.085148 ], [ -51.201435699999934, -30.085304199999932 ] ], [ [ -51.198864399999934, -30.081903 ], [ -51.198978565565646, -30.08183179898257 ], [ -51.198385, -30.082347599999927 ], [ -51.198864399999934, -30.081903 ] ] ] } },
{ "type": "Feature", "properties": { "ltla_code": "Tristeza", "ltla_name": "Tristeza" }, "geometry": { "type": "MultiPolygon", "coordinates": [ [ [ [ -51.262109, -30.119812899999932 ], [ -51.261643899999967, -30.119152899999964 ], [ -51.261644299999944, -30.11882559999998 ], [ -51.261233299999958, -30.118784499999943 ], [ -51.26111869999994, -30.118688699999947 ], [ -51.26103059999997, -30.118448399999963 ], [ -51.26103059999997, -30.118172599999976 ], [ -51.260851599999967, -30.117727799999948 ], [ -51.260595899999942, -30.117576699999972 ], [ -51.260200699999984, -30.116843499999966 ], [ -51.260129799999959, -30.116176799999948 ], [ -51.259772899999973, -30.115289399999934 ], [ -51.259526599999958, -30.113726699999951 ], [ -51.25940449999996, -30.113491799999956 ], [ -51.259141199999931, -30.112536399999954 ], [ -51.25884549999995, -30.111878099999945 ], [ -51.258594099999982, -30.111477899999954 ], [ -51.25857289999994, -30.111444099999968 ], [ -51.258727799999974, -30.111119099999929 ], [ -51.258673299999941, -30.11071209999994 ], [ -51.259843499999931, -30.110542499999948 ], [ -51.260240299999971, -30.110689899999954 ], [ -51.260577399999931, -30.111005 ], [ -51.260656299999937, -30.111393399999937 ], [ -51.260857299999941, -30.111961699999924 ], [ -51.260813399999961, -30.112348799999946 ], [ -51.260875299999952, -30.112426499999966 ], [ -51.261239899999964, -30.112201499999969 ], [ -51.261892299999943, -30.111994599999942 ], [ -51.262707299999931, -30.111810899999952 ], [ -51.2628888, -30.111703399999953 ], [ -51.263383799999986, -30.111699699999971 ], [ -51.263481099999979, -30.111636899999958 ], [ -51.263766699999962, -30.111049899999941 ], [ -51.264879599999972, -30.10958 ], [ -51.26511869999996, -30.109488899999977 ], [ -51.264868799999931, -30.10936 ], [ -51.26300759999998, -30.108966399999922 ], [ -51.262576399999944, -30.10877459999994 ], [ -51.262382399999979, -30.108755 ], [ -51.262294499999946, -30.10881819999997 ], [ -51.262188399999957, -30.109304699999935 ], [ -51.261937599999953, -30.109310499999935 ], [ -51.261837599999978, -30.109570199999947 ], [ -51.261367899999982, -30.109539099999953 ], [ -51.261315099999933, -30.109545099999927 ], [ -51.26126789999995, -30.109663 ], [ -51.260852699999987, -30.10966089999993 ], [ -51.260764599999959, -30.109953099999988 ], [ -51.260217299999965, -30.109948599999939 ], [ -51.260111699999982, -30.110313099999928 ], [ -51.259860499999945, -30.110396799999929 ], [ -51.258671299999946, -30.110522899999967 ], [ -51.258628599999952, -30.110512899999943 ], [ -51.258638499999968, -30.110317799999962 ], [ -51.258562199999972, -30.110086 ], [ -51.258629699999979, -30.109494399999953 ], [ -51.258762199999978, -30.108928499999934 ], [ -51.25902949999994, -30.10855579999998 ], [ -51.259135299999969, -30.108168 ], [ -51.259412899999973, -30.10767369999996 ], [ -51.260113499999932, -30.107097599999967 ], [ -51.260287699999935, -30.106695299999956 ], [ -51.260811099999955, -30.106299699999965 ], [ -51.261358099999939, -30.106020699999931 ], [ -51.253621199999941, -30.104016899999969 ], [ -51.252633099999969, -30.103796 ], [ -51.25142249999994, -30.103179199999943 ], [ -51.25082969999994, -30.102590099999933 ], [ -51.250326199999961, -30.101820199999963 ], [ -51.249992299999974, -30.101469899999987 ], [ -51.24926279999994, -30.101033499999961 ], [ -51.248354799999959, -30.103765599999967 ], [ -51.247094299999958, -30.103458 ], [ -51.246532299999956, -30.104731499999946 ], [ -51.245496599999967, -30.106993399999958 ], [ -51.244249799999977, -30.109653499999983 ], [ -51.245267599999977, -30.11000589999998 ], [ -51.247083399999951, -30.110670299999974 ], [ -51.252177809458225, -30.112567877524455 ], [ -51.249702899999932, -30.111651099999953 ], [ -51.244335499999977, -30.109683199999942 ], [ -51.243853, -30.110812699999929 ], [ -51.243318399999964, -30.111965399999971 ], [ -51.242785399999946, -30.113091 ], [ -51.2421806, -30.114213799999966 ], [ -51.241290799999945, -30.116242499999942 ], [ -51.241813199999967, -30.116356399999976 ], [ -51.242963499999973, -30.116720199999975 ], [ -51.243863, -30.117067399999936 ], [ -51.246510199999932, -30.118124799999972 ], [ -51.248058699999945, -30.118673399999977 ], [ -51.248819499999968, -30.118651099999958 ], [ -51.249438299999952, -30.117865 ], [ -51.249731899999972, -30.11790179999997 ], [ -51.250788199999931, -30.115956799999932 ], [ -51.253452, -30.116933199999959 ], [ -51.258693699999981, -30.118937799999962 ], [ -51.262239399999942, -30.120196399999948 ], [ -51.262232099999949, -30.120036399999954 ], [ -51.262109, -30.119812899999932 ] ], [ [ -51.248660399999956, -30.113854899999975 ], [ -51.246039399999972, -30.112932599999962 ], [ -51.243318399999964, -30.111965399999971 ], [ -51.248660399999956, -30.113854899999975 ] ], [ [ -51.254016299999932, -30.115798899999952 ], [ -51.251316899999949, -30.114823399999956 ], [ -51.248660399999956, -30.113854899999975 ], [ -51.254016299999932, -30.115798899999952 ] ], [ [ -51.245803499999965, -30.108801199999952 ], [ -51.247232799999956, -30.109296299999976 ], [ -51.248373847653234, -30.109700642835985 ], [ -51.245803499999965, -30.108801199999952 ] ], [ [ -51.2523759111413, -30.112641260075886 ], [ -51.252375911141293, -30.112641260075886 ], [ -51.252201099999979, -30.111775799999968 ], [ -51.2523759111413, -30.112641260075886 ] ], [ [ -51.25408479999993, -30.109920499999923 ], [ -51.254171150781971, -30.109950323411084 ], [ -51.253533, -30.109789499999973 ], [ -51.25408479999993, -30.109920499999923 ] ], [ [ -51.253275298620231, -30.104265758072657 ], [ -51.253343299999983, -30.104315499999977 ], [ -51.253397992084771, -30.104401032288386 ], [ -51.253275298620231, -30.104265758072657 ] ], [ [ -51.253549644611574, -30.104638199836671 ], [ -51.253618, -30.104745099999942 ], [ -51.253739499999938, -30.105095599999967 ], [ -51.253549644611574, -30.104638199836671 ] ], [ [ -51.253909699999951, -30.107255499999948 ], [ -51.253843399999937, -30.106573 ], [ -51.253811699999972, -30.10606579999995 ], [ -51.253739499999938, -30.105095599999967 ], [ -51.253909699999951, -30.107255499999948 ] ], [ [ -51.251319899999942, -30.104508 ], [ -51.249599699999976, -30.104081799999953 ], [ -51.253739499999938, -30.105095599999967 ], [ -51.251319899999942, -30.104508 ] ] ], [ [ [ -51.248252699999966, -30.098505399999969 ], [ -51.248202099999958, -30.097672399999958 ], [ -51.248050299999932, -30.097453399999942 ], [ -51.24635909999995, -30.097681899999937 ], [ -51.245980799999984, -30.097625 ], [ -51.245078, -30.100417699999976 ], [ -51.245178429264108, -30.1004431724472 ], [ -51.24483429999998, -30.101624299999976 ], [ -51.244937199999981, -30.101935699999956 ], [ -51.244644599999958, -30.102846099999951 ], [ -51.248354799999959, -30.103765599999967 ], [ -51.248684699999956, -30.102745 ], [ -51.24926279999994, -30.101033499999961 ], [ -51.248805, -30.100589 ], [ -51.248252699999966, -30.098505399999969 ] ], [ [ -51.246396699999941, -30.10076109999995 ], [ -51.245340422103844, -30.100484259615328 ], [ -51.246872699999983, -30.10087289999996 ], [ -51.246396699999941, -30.10076109999995 ] ] ] ] } },
{ "type": "Feature", "properties": { "ltla_code": "Três Figueiras", "ltla_name": "Três Figueiras" }, "geometry": { "type": "Polygon", "coordinates": [ [ [ -51.166915599999982, -30.035382099999939 ], [ -51.167720799999984, -30.03775359999997 ], [ -51.168383199999937, -30.038203399999922 ], [ -51.167845899999975, -30.038828099999932 ], [ -51.168736899999942, -30.039318499999986 ], [ -51.169151, -30.039743799999947 ], [ -51.16933419999998, -30.04028519999996 ], [ -51.169294399999956, -30.040959799999936 ], [ -51.169872299999959, -30.04101269999995 ], [ -51.170184699999936, -30.040939399999953 ], [ -51.170384299999974, -30.040836299999967 ], [ -51.171334599999966, -30.039933799999968 ], [ -51.173150099999987, -30.038857099999966 ], [ -51.173781199999951, -30.038598899999954 ], [ -51.174126699999931, -30.037636899999935 ], [ -51.174356199999977, -30.037272899999934 ], [ -51.174666799999954, -30.036928 ], [ -51.175090699999942, -30.036624699999944 ], [ -51.176499899999961, -30.035846599999957 ], [ -51.177042599999936, -30.035401499999967 ], [ -51.177479099999971, -30.034932699999953 ], [ -51.179804099999956, -30.031912 ], [ -51.180075, -30.031397299999981 ], [ -51.180906799999946, -30.029485 ], [ -51.17437179999996, -30.027621599999978 ], [ -51.173642299999983, -30.027482199999945 ], [ -51.173313899999982, -30.027462 ], [ -51.172735799999941, -30.027510699999933 ], [ -51.172212699999932, -30.027630399999975 ], [ -51.171167199999957, -30.028012 ], [ -51.170416899999964, -30.028153099999937 ], [ -51.169424399999969, -30.028232699999929 ], [ -51.165847699999972, -30.028138599999973 ], [ -51.166046299999948, -30.03065139999994 ], [ -51.166189499999973, -30.030855599999949 ], [ -51.166534, -30.031751 ], [ -51.166697, -30.033628099999923 ], [ -51.16687289999993, -30.034154899999976 ], [ -51.16692519999998, -30.034525299999924 ], [ -51.166915599999982, -30.035382099999939 ] ], [ [ -51.172267, -30.036786799999959 ], [ -51.173274, -30.03724079999995 ], [ -51.174126699999931, -30.037636899999935 ], [ -51.172267, -30.036786799999959 ] ], [ [ -51.173425499999958, -30.036683699999969 ], [ -51.173434631339667, -30.036669763347206 ], [ -51.173274, -30.03724079999995 ], [ -51.173425499999958, -30.036683699999969 ] ], [ [ -51.173325899999952, -30.029801599999928 ], [ -51.173462099999938, -30.02945869999995 ], [ -51.17437179999996, -30.027621599999978 ], [ -51.173325899999952, -30.029801599999928 ] ], [ [ -51.167215831761254, -30.031618097523655 ], [ -51.167232199999944, -30.031615899999956 ], [ -51.170425899999941, -30.031680199999979 ], [ -51.16870229999995, -30.031649599999977 ], [ -51.167215831761254, -30.031618097523655 ] ], [ [ -51.171055899999942, -30.035679899999927 ], [ -51.171067753010469, -30.035712025473511 ], [ -51.171009421092748, -30.035630441899148 ], [ -51.171055899999942, -30.035679899999927 ] ] ] } },
{ "type": "Feature", "properties": { "ltla_code": "Vila Assunção", "ltla_name": "Vila Assunção" }, "geometry": { "type": "MultiPolygon", "coordinates": [ [ [ [ -51.262805499999956, -30.105187599999962 ], [ -51.263456, -30.105101099999949 ], [ -51.263781199999983, -30.105162699999937 ], [ -51.264218699999958, -30.105166599999961 ], [ -51.264373699999965, -30.105047899999921 ], [ -51.264434199999982, -30.104911499999954 ], [ -51.264592299999947, -30.104798599999974 ], [ -51.264818499999933, -30.104795199999952 ], [ -51.265146399999935, -30.104913099999962 ], [ -51.265300099999934, -30.105083299999933 ], [ -51.265395599999977, -30.105109899999945 ], [ -51.265622499999957, -30.104887299999966 ], [ -51.265816499999971, -30.10483609999994 ], [ -51.265894199999934, -30.104712499999941 ], [ -51.266143499999941, -30.10464549999994 ], [ -51.26635239999996, -30.104762 ], [ -51.266519399999943, -30.104777599999974 ], [ -51.266752899999972, -30.10467559999994 ], [ -51.266878799999972, -30.104565499999978 ], [ -51.266918199999964, -30.104452699999971 ], [ -51.266884199999936, -30.104246399999958 ], [ -51.266956599999958, -30.104100899999924 ], [ -51.267706899999951, -30.103674499999947 ], [ -51.267608899999971, -30.103629399999924 ], [ -51.26683909999997, -30.103867099999938 ], [ -51.266741799999977, -30.103817699999976 ], [ -51.266621099999952, -30.103202599999975 ], [ -51.266740699999957, -30.102853 ], [ -51.266719699999953, -30.102681699999948 ], [ -51.266543, -30.10239 ], [ -51.266381099999933, -30.101931699999966 ], [ -51.265909499999964, -30.101618 ], [ -51.265943799999945, -30.101496599999958 ], [ -51.266039199999966, -30.101125 ], [ -51.26619009999996, -30.101026599999951 ], [ -51.26616359999997, -30.10055889999996 ], [ -51.266392799999949, -30.100330199999977 ], [ -51.26647719999994, -30.099843199999945 ], [ -51.265832699999976, -30.09982 ], [ -51.265703199999962, -30.099760499999942 ], [ -51.265355499999941, -30.099785099999966 ], [ -51.264785199999949, -30.099114299999936 ], [ -51.265042, -30.098905399999978 ], [ -51.265154399999972, -30.098719 ], [ -51.265151799999956, -30.098561799999963 ], [ -51.265096599999936, -30.098496399999927 ], [ -51.26482539999995, -30.098551899999954 ], [ -51.264222399999944, -30.098559399999935 ], [ -51.26383009999995, -30.098109 ], [ -51.263457699999954, -30.097824399999979 ], [ -51.263047399999948, -30.097622099999963 ], [ -51.262723899999969, -30.097789499999973 ], [ -51.262545499999931, -30.097678899999952 ], [ -51.26126789999995, -30.096886599999948 ], [ -51.259832399999937, -30.096992299999947 ], [ -51.258652699999971, -30.097079099999977 ], [ -51.257465899999943, -30.096090599999965 ], [ -51.257462599999947, -30.097222 ], [ -51.256765799999982, -30.097129 ], [ -51.256357499999979, -30.095757299999939 ], [ -51.253181599999948, -30.096502699999967 ], [ -51.252907499999935, -30.096567 ], [ -51.252481599999953, -30.096342299999943 ], [ -51.252319099999966, -30.096016 ], [ -51.252242799999976, -30.096186899999974 ], [ -51.251610199999959, -30.095921799999928 ], [ -51.250837199999978, -30.097602299999942 ], [ -51.24926279999994, -30.101033499999961 ], [ -51.249992299999974, -30.101469899999987 ], [ -51.250326199999961, -30.101820199999963 ], [ -51.25082969999994, -30.102590099999933 ], [ -51.25142249999994, -30.103179199999943 ], [ -51.252633099999969, -30.103796 ], [ -51.258180099999947, -30.101926 ], [ -51.259954399999977, -30.101353699999944 ], [ -51.259292599999981, -30.102806899999955 ], [ -51.258199, -30.10520619999993 ], [ -51.261358099999939, -30.106020699999931 ], [ -51.262805499999956, -30.105187599999962 ] ], [ [ -51.261064799999986, -30.099715899999971 ], [ -51.261383289736479, -30.099572543132489 ], [ -51.261276299999963, -30.099641 ], [ -51.261064799999986, -30.099715899999971 ] ] ], [ [ [ -51.258199, -30.10520619999993 ], [ -51.259954399999977, -30.101353699999944 ], [ -51.25639979999994, -30.102540499999975 ], [ -51.252633099999969, -30.103796 ], [ -51.258199, -30.10520619999993 ] ] ] ] } },
{ "type": "Feature", "properties": { "ltla_code": "Vila Conceição", "ltla_name": "Vila Conceição" }, "geometry": { "type": "MultiPolygon", "coordinates": [ [ [ [ -51.287102299999958, -30.121885499999959 ], [ -51.287385199999967, -30.121641199999949 ], [ -51.287645399999974, -30.121536099999947 ], [ -51.288077699999974, -30.121532599999952 ], [ -51.288329299999987, -30.121440599999964 ], [ -51.288450799999964, -30.121266699999982 ], [ -51.288451499999958, -30.120928699999975 ], [ -51.288304799999935, -30.120537199999941 ], [ -51.287870199999986, -30.120223699999929 ], [ -51.287319699999955, -30.120063399999918 ], [ -51.286936699999956, -30.120204599999962 ], [ -51.286648699999944, -30.120519199999926 ], [ -51.286332, -30.12124759999994 ], [ -51.286280199999965, -30.121535899999959 ], [ -51.286371199999962, -30.121729299999956 ], [ -51.286518299999955, -30.121867 ], [ -51.286779899999942, -30.121929799999972 ], [ -51.287102299999958, -30.121885499999959 ] ] ], [ [ [ -51.2597507, -30.123250899999942 ], [ -51.260128299999963, -30.122957 ], [ -51.260950199999975, -30.122858399999977 ], [ -51.261149199999977, -30.122704099999961 ], [ -51.261247799999985, -30.122523199999925 ], [ -51.261334799999986, -30.122103399999958 ], [ -51.261358599999937, -30.121667099999957 ], [ -51.261635299999966, -30.121226 ], [ -51.261725699999943, -30.120754499999965 ], [ -51.261942799999986, -30.120453299999937 ], [ -51.262134199999934, -30.120362599999957 ], [ -51.262239399999942, -30.120196399999948 ], [ -51.258693699999981, -30.118937799999962 ], [ -51.254864399999974, -30.117475399999933 ], [ -51.253452, -30.116933199999959 ], [ -51.253223599999956, -30.117455299999953 ], [ -51.253264899999976, -30.118353699999933 ], [ -51.253592099999935, -30.119335699999965 ], [ -51.253613099999939, -30.119570099999969 ], [ -51.253515199999981, -30.120007199999968 ], [ -51.25297809999995, -30.121244099999952 ], [ -51.252805199999955, -30.122248199999937 ], [ -51.252630199999942, -30.122516699999949 ], [ -51.252326799999935, -30.122743299999971 ], [ -51.252775699999972, -30.122750599999954 ], [ -51.255975199999966, -30.12245049999996 ], [ -51.256724899999938, -30.122283 ], [ -51.2597507, -30.123250899999942 ] ], [ [ -51.255071, -30.117948699999936 ], [ -51.255076121412678, -30.117980968980707 ], [ -51.254864399999974, -30.117475399999933 ], [ -51.255071, -30.117948699999936 ] ], [ [ -51.255121199999962, -30.118265 ], [ -51.255097630905674, -30.118410808803542 ], [ -51.255094781162455, -30.11809854027268 ], [ -51.255121199999962, -30.118265 ] ], [ [ -51.25504449999994, -30.118739499999943 ], [ -51.254992215053989, -30.118859845981557 ], [ -51.255060747105922, -30.118638988242648 ], [ -51.25504449999994, -30.118739499999943 ] ], [ [ -51.254946399999938, -30.11896529999995 ], [ -51.254646299999933, -30.119415599999968 ], [ -51.254966148276125, -30.118919844742429 ], [ -51.254946399999938, -30.11896529999995 ] ], [ [ -51.254165326942207, -30.11940053734919 ], [ -51.254001, -30.119746099999926 ], [ -51.254099499999938, -30.119469399999957 ], [ -51.254165326942207, -30.11940053734919 ] ], [ [ -51.25479809999996, -30.118316199999967 ], [ -51.254766198647083, -30.118404481209168 ], [ -51.254825799999935, -30.118075499999975 ], [ -51.25479809999996, -30.118316199999967 ] ], [ [ -51.253753699999955, -30.119623099999949 ], [ -51.253776345116492, -30.119265471850156 ], [ -51.253790599999945, -30.11933579999992 ], [ -51.253753699999955, -30.119623099999949 ] ] ] ] } },
{ "type": "Feature", "properties": { "ltla_code": "Vila Ipiranga", "ltla_name": "Vila Ipiranga" }, "geometry": { "type": "Polygon", "coordinates": [ [ [ -51.155401, -30.021203599999968 ], [ -51.156061499999964, -30.02127379999995 ], [ -51.156864299999938, -30.021362199999945 ], [ -51.157677, -30.021305399999957 ], [ -51.159519599999953, -30.021186399999976 ], [ -51.160357, -30.021171099999943 ], [ -51.161403699999937, -30.021145699999973 ], [ -51.161490499999957, -30.020345499999951 ], [ -51.160825199999977, -30.019561199999934 ], [ -51.160950199999945, -30.018798 ], [ -51.161059399999942, -30.018089799999988 ], [ -51.159008399999948, -30.017881899999956 ], [ -51.157054099999982, -30.017714799999968 ], [ -51.152382358051014, -30.017286842725987 ], [ -51.152435699999955, -30.016918799999917 ], [ -51.150267227781782, -30.01699029249022 ], [ -51.150225899999953, -30.015570899999936 ], [ -51.15012859999996, -30.012674499999942 ], [ -51.150082499999947, -30.011607 ], [ -51.150043599999947, -30.010510599999979 ], [ -51.148505199999931, -30.010529099999925 ], [ -51.146136, -30.010527699999962 ], [ -51.145142899999946, -30.010395899999931 ], [ -51.143018099999949, -30.009907 ], [ -51.143205299999977, -30.011832899999938 ], [ -51.143282, -30.012632099999962 ], [ -51.14339149999995, -30.013760499999918 ], [ -51.143531399999972, -30.015118699999952 ], [ -51.143541899999946, -30.015228899999958 ], [ -51.143307499999935, -30.015244099999961 ], [ -51.142510399999935, -30.01611819999993 ], [ -51.142326899999951, -30.016401899999945 ], [ -51.142422299999964, -30.016419299999935 ], [ -51.142618199999959, -30.016582899999943 ], [ -51.142790299999945, -30.016800399999962 ], [ -51.143337899999949, -30.018030499999952 ], [ -51.143866499999945, -30.018083299999937 ], [ -51.143934099999967, -30.018819099999973 ], [ -51.143479699999943, -30.018785199999964 ], [ -51.143543799999975, -30.019494199999926 ], [ -51.144343225920835, -30.019549721677379 ], [ -51.144403399999931, -30.02021679999995 ], [ -51.14497769999997, -30.026639 ], [ -51.146387199999936, -30.02664039999997 ], [ -51.146340499999951, -30.027318499999971 ], [ -51.14713009999997, -30.027316899999949 ], [ -51.149358199999938, -30.027363399999956 ], [ -51.150726299999974, -30.027377599999969 ], [ -51.151618099999951, -30.027326599999977 ], [ -51.152946, -30.027396299999953 ], [ -51.152802599999973, -30.027306399999926 ], [ -51.152940799999953, -30.026353199999946 ], [ -51.153248, -30.026119799999933 ], [ -51.154066799999953, -30.026194199999949 ], [ -51.154517899999973, -30.022831599999957 ], [ -51.154759799999965, -30.021028899999976 ], [ -51.154864699999962, -30.020936099999968 ], [ -51.155401, -30.021203599999968 ] ], [ [ -51.160467199999971, -30.020256599999978 ], [ -51.160123121908342, -30.020224345296953 ], [ -51.161490499999957, -30.020345499999951 ], [ -51.160467199999971, -30.020256599999978 ] ], [ [ -51.158797599999957, -30.018598099999959 ], [ -51.158915499999978, -30.018607299999914 ], [ -51.160950199999945, -30.018798 ], [ -51.158797599999957, -30.018598099999959 ] ], [ [ -51.148590399999932, -30.011659 ], [ -51.14859569999993, -30.011730599999975 ], [ -51.148505199999931, -30.010529099999925 ], [ -51.148590399999932, -30.011659 ] ], [ [ -51.146212499999933, -30.011360099999933 ], [ -51.146286399999951, -30.012180299999947 ], [ -51.146396786047887, -30.013487827710033 ], [ -51.146396759591141, -30.013487830110478 ], [ -51.146136, -30.010527699999962 ], [ -51.146212499999933, -30.011360099999933 ] ], [ [ -51.152195970534159, -30.018471432958659 ], [ -51.151415499999985, -30.01903829999997 ], [ -51.152195970534159, -30.018471432958655 ], [ -51.152195970534159, -30.018471432958659 ] ], [ [ -51.148784199999966, -30.021464499999979 ], [ -51.147760799999958, -30.021350199999976 ], [ -51.149237810620178, -30.021505428140824 ], [ -51.148784199999966, -30.021464499999979 ] ], [ [ -51.147303020558084, -30.021112643509863 ], [ -51.147548599999936, -30.019450499999941 ], [ -51.14732719999995, -30.020966699999978 ], [ -51.147303020558084, -30.021112643509863 ] ], [ [ -51.151445291351415, -30.022947174526877 ], [ -51.151665799999932, -30.021588399999931 ], [ -51.15188085669508, -30.020368022093539 ], [ -51.151445291351415, -30.022947174526877 ] ], [ [ -51.157957799999963, -30.019272199999918 ], [ -51.155478199999948, -30.019042199999944 ], [ -51.156859299999951, -30.019163399999961 ], [ -51.158707399999976, -30.019340199999935 ], [ -51.159001866328516, -30.019370928613878 ], [ -51.157957799999963, -30.019272199999918 ] ], [ [ -51.154789, -30.019734 ], [ -51.154588226756076, -30.019686323401324 ], [ -51.154594599999939, -30.019687 ], [ -51.157861799999978, -30.020016699999925 ], [ -51.154789, -30.019734 ] ], [ [ -51.159564183390692, -30.020174821298784 ], [ -51.159223421319098, -30.020154869476215 ], [ -51.159238899999934, -30.020146 ], [ -51.159564183390692, -30.020174821298784 ] ], [ [ -51.158810210128358, -30.020391644617927 ], [ -51.158281099999954, -30.020721199999969 ], [ -51.158210208176449, -30.020735453184532 ], [ -51.158810210128358, -30.020391644617927 ] ], [ [ -51.15719222241372, -30.020676130352665 ], [ -51.158147776465093, -30.020748005417786 ], [ -51.158091599999985, -30.020759299999952 ], [ -51.157742499999983, -30.020725899999938 ], [ -51.15719222241372, -30.020676130352665 ] ], [ [ -51.156916104834558, -30.020651157003101 ], [ -51.156098399999962, -30.020577199999934 ], [ -51.155608399999949, -30.020497199999959 ], [ -51.156916104834558, -30.020651157003101 ] ], [ [ -51.155480499999953, -30.020428499999973 ], [ -51.155467766906717, -30.020415711665553 ], [ -51.155608399999949, -30.020497199999959 ], [ -51.155480499999953, -30.020428499999973 ] ], [ [ -51.157782075667797, -30.020144336052933 ], [ -51.157779099999971, -30.020149099999973 ], [ -51.157549154809566, -30.020303690818327 ], [ -51.157782075667797, -30.020144336052933 ] ], [ [ -51.152422399999978, -30.025778599999963 ], [ -51.152706, -30.023605399999941 ], [ -51.152749699999958, -30.023272099999929 ], [ -51.152422399999978, -30.025778599999963 ] ], [ [ -51.151361831094711, -30.023461456717566 ], [ -51.151361831094711, -30.023461456717563 ], [ -51.152706, -30.023605399999941 ], [ -51.151361831094711, -30.023461456717566 ] ], [ [ -51.147059499999955, -30.017720599999951 ], [ -51.147237699999948, -30.017109099999974 ], [ -51.147932599999933, -30.014843799999937 ], [ -51.14765749999998, -30.015827 ], [ -51.147059499999955, -30.017720599999951 ] ], [ [ -51.150440499999945, -30.021003499999949 ], [ -51.150272599999937, -30.017174799999967 ], [ -51.150267698294677, -30.017006452139729 ], [ -51.150440499999945, -30.021003499999949 ] ], [ [ -51.149067599999967, -30.018643199999918 ], [ -51.149010740962922, -30.01865838828974 ], [ -51.149155767310774, -30.018587649699821 ], [ -51.149067599999967, -30.018643199999918 ] ], [ [ -51.145521, -30.011896299999918 ], [ -51.145536025924983, -30.01207111969773 ], [ -51.145433599999933, -30.011149 ], [ -51.145521, -30.011896299999918 ] ], [ [ -51.145002199999965, -30.011154199999964 ], [ -51.146014, -30.011109299999916 ], [ -51.145433599999933, -30.011149 ], [ -51.145002199999965, -30.011154199999964 ] ], [ [ -51.145108899999968, -30.012138899999965 ], [ -51.145136264975712, -30.012478306002841 ], [ -51.145057399999985, -30.011664099999958 ], [ -51.145002199999965, -30.011154199999964 ], [ -51.145108899999968, -30.012138899999965 ] ], [ [ -51.145197499999938, -30.013237799999949 ], [ -51.145606699999973, -30.013208 ], [ -51.146186899999975, -30.013180199999958 ], [ -51.145197499999938, -30.013237799999949 ] ], [ [ -51.145543477626056, -30.012157816798197 ], [ -51.145570799999973, -30.012475699999985 ], [ -51.145606699999973, -30.013208 ], [ -51.145543477626056, -30.012157816798197 ] ] ] } },
{ "type": "Feature", "properties": { "ltla_code": "Vila Jardim", "ltla_name": "Vila Jardim" }, "geometry": { "type": "Polygon", "coordinates": [ [ [ -51.159431799999936, -30.040724 ], [ -51.158415699999978, -30.039510699999934 ], [ -51.158264499999973, -30.039030199999946 ], [ -51.158027, -30.037739699999978 ], [ -51.158370199999979, -30.036816099999953 ], [ -51.158826099999942, -30.03517979999998 ], [ -51.15949, -30.033707099999958 ], [ -51.159608399999968, -30.033159699999938 ], [ -51.159644, -30.03220239999996 ], [ -51.159611, -30.031919699999946 ], [ -51.158832799999978, -30.030881399999945 ], [ -51.158577599999944, -30.03047749999995 ], [ -51.158460799999943, -30.030112899999949 ], [ -51.15846259999995, -30.029788099999951 ], [ -51.158696699999958, -30.028431599999969 ], [ -51.156279499999982, -30.029921199999922 ], [ -51.155441199999984, -30.030524799999963 ], [ -51.155388799999969, -30.03023509999997 ], [ -51.155274499999962, -30.029674899999961 ], [ -51.154975299999933, -30.029097299999929 ], [ -51.154395299999976, -30.028338599999969 ], [ -51.154186699999968, -30.028116399999931 ], [ -51.154092099999957, -30.028139699999933 ], [ -51.152946, -30.027396299999953 ], [ -51.151618099999951, -30.027326599999977 ], [ -51.150726299999974, -30.027377599999969 ], [ -51.14713009999997, -30.027316899999949 ], [ -51.147378299999957, -30.028701099999971 ], [ -51.147621899999933, -30.030036299999942 ], [ -51.147687299999973, -30.031394499999969 ], [ -51.147855, -30.032734099999963 ], [ -51.147928699999966, -30.033364699999929 ], [ -51.148287599999946, -30.034152699999922 ], [ -51.148508499999934, -30.034639 ], [ -51.148675499999975, -30.035378199999965 ], [ -51.148707499999944, -30.035741299999987 ], [ -51.148925299999974, -30.036430599999957 ], [ -51.148791599999981, -30.036044 ], [ -51.148646199999973, -30.036082499999964 ], [ -51.149801899999943, -30.041713 ], [ -51.149961099999985, -30.041697799999952 ], [ -51.15098729999994, -30.041528299999975 ], [ -51.151582499999961, -30.041518599999954 ], [ -51.152595799999979, -30.041621699999951 ], [ -51.152755799999966, -30.041660699999966 ], [ -51.153999299999953, -30.041515199999925 ], [ -51.155723899999941, -30.041294799999942 ], [ -51.158662799999945, -30.040916899999953 ], [ -51.159431799999936, -30.040724 ] ], [ [ -51.148158599999931, -30.029177899999965 ], [ -51.149960199999953, -30.030301099999971 ], [ -51.147378299999957, -30.028701099999971 ], [ -51.148158599999931, -30.029177899999965 ] ], [ [ -51.154046899999976, -30.029501 ], [ -51.154300699999965, -30.029977799999983 ], [ -51.153844299999946, -30.029201499999935 ], [ -51.154046899999976, -30.029501 ] ], [ [ -51.155390599999976, -30.032889599999969 ], [ -51.154739545379073, -30.033814926582739 ], [ -51.15475969999995, -30.033782099999943 ], [ -51.155390599999976, -30.032889599999969 ] ], [ [ -51.157504199999948, -30.035835399999936 ], [ -51.157629799999938, -30.035881899999929 ], [ -51.157329624771059, -30.035829218424123 ], [ -51.157504199999948, -30.035835399999936 ] ], [ [ -51.155207799999971, -30.035924799999968 ], [ -51.15553, -30.035860399999933 ], [ -51.156298299999946, -30.035792699999945 ], [ -51.155808199999967, -30.035836699999933 ], [ -51.155207799999971, -30.035924799999968 ] ], [ [ -51.155323, -30.038436199999971 ], [ -51.155349157356731, -30.03893627201521 ], [ -51.155236599999967, -30.037696899999958 ], [ -51.155323, -30.038436199999971 ] ], [ [ -51.155561912515772, -30.031752695054081 ], [ -51.155449099999942, -30.031720599999964 ], [ -51.154667, -30.031296899999969 ], [ -51.155561912515772, -30.031752695054081 ] ], [ [ -51.156883199999982, -30.031855099999962 ], [ -51.155872299999942, -30.031841 ], [ -51.155779156460568, -30.031814500751015 ], [ -51.156883199999982, -30.031855099999962 ] ], [ [ -51.151060099999938, -30.032076699999944 ], [ -51.151223699999946, -30.033912199999971 ], [ -51.151238899999953, -30.034083299999956 ], [ -51.151228799999956, -30.033980499999977 ], [ -51.151060099999938, -30.032076699999944 ] ], [ [ -51.151916799999981, -30.03012729999994 ], [ -51.153414399999974, -30.028757299999935 ], [ -51.152707, -30.029417099999932 ], [ -51.151916799999981, -30.03012729999994 ] ], [ [ -51.149612, -30.035168799999955 ], [ -51.150295599999936, -30.035172599999942 ], [ -51.150018399999965, -30.035198799999929 ], [ -51.149612, -30.035168799999955 ] ] ] } },
{ "type": "Feature", "properties": { "ltla_code": "Vila João Pessoa", "ltla_name": "Vila João Pessoa" }, "geometry": { "type": "MultiPolygon", "coordinates": [ [ [ [ -51.173946799999953, -30.075748399999952 ], [ -51.174473599999942, -30.075553 ], [ -51.174531699999932, -30.075403499999922 ], [ -51.174226499999975, -30.074960099999949 ], [ -51.174216, -30.074568699999922 ], [ -51.174279199999944, -30.074324299999947 ], [ -51.174660899999935, -30.073683699999954 ], [ -51.174720326214441, -30.073639381144851 ], [ -51.174463899999978, -30.074044699999938 ], [ -51.174772399999938, -30.074444399999944 ], [ -51.17504, -30.074147499999974 ], [ -51.175382399999933, -30.073905 ], [ -51.176067299999943, -30.073596099999975 ], [ -51.176530499999956, -30.073242499999932 ], [ -51.1805945, -30.070785399999973 ], [ -51.180840399999965, -30.070534799999951 ], [ -51.180567599999961, -30.070381199999936 ], [ -51.180065699999943, -30.06997089999993 ], [ -51.17926639999996, -30.069279099999957 ], [ -51.179068299999983, -30.068985899999962 ], [ -51.180343799999946, -30.068418099999977 ], [ -51.179831699999966, -30.066928099999974 ], [ -51.179685099999972, -30.066253299999978 ], [ -51.178572802022472, -30.066737960244009 ], [ -51.179762199999971, -30.066193299999942 ], [ -51.180112899999983, -30.064321799999952 ], [ -51.179607299999986, -30.064148399999969 ], [ -51.179226799999981, -30.063941599999961 ], [ -51.1787, -30.06349989999995 ], [ -51.178198099999975, -30.062895499999961 ], [ -51.177867, -30.062607599999989 ], [ -51.177301399999976, -30.062367199999979 ], [ -51.176584399999967, -30.062277799999947 ], [ -51.174768, -30.062092099999969 ], [ -51.174253, -30.061990799999919 ], [ -51.173258899999951, -30.061689299999948 ], [ -51.172654099999932, -30.061679599999941 ], [ -51.171829899999977, -30.06177329999997 ], [ -51.17132909999998, -30.06444109999995 ], [ -51.170506499999931, -30.068812099999938 ], [ -51.170672199999963, -30.069286099999928 ], [ -51.170675699999947, -30.069588199999945 ], [ -51.170784199999957, -30.069603199999946 ], [ -51.17096289999995, -30.068785499999922 ], [ -51.171239, -30.068297399999942 ], [ -51.171538899999973, -30.068006699999952 ], [ -51.172088799999983, -30.067682099999949 ], [ -51.172474299999976, -30.067536899999926 ], [ -51.17184229999998, -30.068733299999959 ], [ -51.17159159999995, -30.070735 ], [ -51.171665099999984, -30.072816599999946 ], [ -51.171658599999944, -30.073111599999947 ], [ -51.171568, -30.073411199999946 ], [ -51.170887199999981, -30.074298499999937 ], [ -51.170767699999942, -30.075484799999963 ], [ -51.170340899999985, -30.076690099999944 ], [ -51.170213299999944, -30.076876799999976 ], [ -51.170031199999983, -30.077032599999932 ], [ -51.169786099999961, -30.077151799999971 ], [ -51.169529799999964, -30.077167699999954 ], [ -51.169349799999964, -30.077567199999969 ], [ -51.169585099999949, -30.077587899999962 ], [ -51.17048479999994, -30.077299599999943 ], [ -51.17064419999997, -30.077162799999936 ], [ -51.170907799999952, -30.076710199999983 ], [ -51.171026299999937, -30.076391699999924 ], [ -51.171050899999955, -30.075981099999971 ], [ -51.171222899999975, -30.075626899999968 ], [ -51.171223814496933, -30.075623304699423 ], [ -51.171449299999949, -30.075696399999963 ], [ -51.171662099999942, -30.075887 ], [ -51.172023599999932, -30.075498499999973 ], [ -51.173041, -30.074583799999967 ], [ -51.171950699999968, -30.075596299999969 ], [ -51.172159199999953, -30.075528499999958 ], [ -51.172403399999951, -30.075532799999955 ], [ -51.173946799999953, -30.075748399999952 ] ], [ [ -51.174514899999963, -30.065951299999924 ], [ -51.174396811570375, -30.066028877073077 ], [ -51.174568700181815, -30.065901230365512 ], [ -51.174514899999963, -30.065951299999924 ] ], [ [ -51.174161899999945, -30.066183199999948 ], [ -51.174053462088644, -30.066204355199698 ], [ -51.174217302580118, -30.066146803800674 ], [ -51.174161899999945, -30.066183199999948 ] ], [ [ -51.173852299999972, -30.06624359999994 ], [ -51.173374499999973, -30.066245099999939 ], [ -51.173574, -30.066222399999958 ], [ -51.173876082393186, -30.066238960282401 ], [ -51.173852299999972, -30.06624359999994 ] ], [ [ -51.173168799999985, -30.065729699999952 ], [ -51.173117449351253, -30.065643470295051 ], [ -51.173574, -30.066222399999958 ], [ -51.173168799999985, -30.065729699999952 ] ], [ [ -51.173795375341946, -30.066756763104152 ], [ -51.17377879999998, -30.066733899999981 ], [ -51.173783807830496, -30.066700494023092 ], [ -51.173795375341946, -30.066756763104152 ] ], [ [ -51.17341477003054, -30.067054473037935 ], [ -51.173438099999942, -30.066999199999941 ], [ -51.17346401996469, -30.066979016358481 ], [ -51.17341477003054, -30.067054473037935 ] ], [ [ -51.173340331244965, -30.067287817358611 ], [ -51.173334899999986, -30.067243699999956 ], [ -51.173350974565345, -30.067205616363982 ], [ -51.173340331244965, -30.067287817358611 ] ], [ [ -51.173389893113487, -30.067502543992546 ], [ -51.173358499999949, -30.067435399999958 ], [ -51.173355330949079, -30.067409658175688 ], [ -51.173389893113487, -30.067502543992546 ] ], [ [ -51.173478099999954, -30.067739599999978 ], [ -51.173467486764117, -30.067794008368253 ], [ -51.173467825138935, -30.067711986310993 ], [ -51.173478099999954, -30.067739599999978 ] ], [ [ -51.17343539999996, -30.067958499999968 ], [ -51.173398878481585, -30.067969532681278 ], [ -51.173440026894106, -30.067934780395063 ], [ -51.17343539999996, -30.067958499999968 ] ], [ [ -51.172595299999955, -30.068278199999948 ], [ -51.17238489999994, -30.068431099999938 ], [ -51.172460899999976, -30.068338799999932 ], [ -51.172844, -30.068141599999926 ], [ -51.172867224862465, -30.068135067042398 ], [ -51.172595299999955, -30.068278199999948 ] ], [ [ -51.175132599999984, -30.068891199999943 ], [ -51.17525269999993, -30.069123699999977 ], [ -51.175251061468273, -30.069171608336831 ], [ -51.175119657287297, -30.068888409670897 ], [ -51.175132599999984, -30.068891199999943 ] ], [ [ -51.176509399999986, -30.069699699999941 ], [ -51.175490199999956, -30.06970159999997 ], [ -51.175092, -30.069706399999966 ], [ -51.174065, -30.069743 ], [ -51.175233, -30.069699699999944 ], [ -51.176509399999986, -30.069699699999941 ] ], [ [ -51.177042223767153, -30.069640806390282 ], [ -51.176987299999951, -30.069651599999922 ], [ -51.176509399999986, -30.069699699999941 ], [ -51.177042223767153, -30.069640806390282 ] ], [ [ -51.173890699999959, -30.071205599999924 ], [ -51.174095499999964, -30.071388 ], [ -51.173860025744105, -30.071198460891381 ], [ -51.173890699999959, -30.071205599999924 ] ], [ [ -51.173861499999987, -30.071910299999949 ], [ -51.173821451151213, -30.072003496616688 ], [ -51.173967299999958, -30.071594699999931 ], [ -51.173861499999987, -30.071910299999949 ] ], [ [ -51.174492992843895, -30.072278767303107 ], [ -51.174492992843895, -30.072278767303111 ], [ -51.174452699999961, -30.072196199999951 ], [ -51.174492992843895, -30.072278767303107 ] ], [ [ -51.17405569999994, -30.072731 ], [ -51.174202899999962, -30.072493499999954 ], [ -51.174282001451687, -30.072436763300562 ], [ -51.17405569999994, -30.072731 ] ], [ [ -51.173360975976884, -30.073933597746056 ], [ -51.173734, -30.073638899999946 ], [ -51.174477676053272, -30.073115871793345 ], [ -51.173360975976884, -30.073933597746056 ] ], [ [ -51.172837799999968, -30.074367199999973 ], [ -51.17258529999998, -30.074546399999964 ], [ -51.172931719934702, -30.074272720108979 ], [ -51.172837799999968, -30.074367199999973 ] ], [ [ -51.172453, -30.074586299999972 ], [ -51.172296358086413, -30.074599323465012 ], [ -51.17258529999998, -30.074546399999964 ], [ -51.172453, -30.074586299999972 ] ], [ [ -51.177572153409287, -30.069536664704721 ], [ -51.17792693981503, -30.069442915410708 ], [ -51.177809099999934, -30.069490099999946 ], [ -51.177572153409287, -30.069536664704721 ] ], [ [ -51.177215799999942, -30.070824799999965 ], [ -51.177189699999985, -30.071047899999947 ], [ -51.17716010016138, -30.071110765889223 ], [ -51.177215799999942, -30.070824799999965 ] ], [ [ -51.177093205462704, -30.071252840809858 ], [ -51.177036299999941, -30.071373699999974 ], [ -51.176996167067273, -30.071412356778808 ], [ -51.177093205462704, -30.071252840809858 ] ], [ [ -51.176956913280584, -30.071450166748068 ], [ -51.176862299999982, -30.071541299999986 ], [ -51.17450700610614, -30.073096118674158 ], [ -51.176956913280584, -30.071450166748068 ] ], [ [ -51.174862299999972, -30.07353349999994 ], [ -51.175494899999933, -30.07325609999997 ], [ -51.174786517465677, -30.073590017063744 ], [ -51.174862299999972, -30.07353349999994 ] ], [ [ -51.177918499924829, -30.067023058500709 ], [ -51.177024499999959, -30.067412599999944 ], [ -51.176946334757226, -30.06742995092808 ], [ -51.177918499924829, -30.067023058500709 ] ], [ [ -51.176684382058276, -30.067488098543258 ], [ -51.176570399999953, -30.067513399999935 ], [ -51.176466701269881, -30.067517390151643 ], [ -51.176684382058276, -30.067488098543258 ] ], [ [ -51.172157099999936, -30.072321499999923 ], [ -51.171932499999969, -30.071048899999933 ], [ -51.172046099999932, -30.071595699999929 ], [ -51.172157099999936, -30.072321499999923 ] ], [ [ -51.172106935806333, -30.072889142463382 ], [ -51.172114699999952, -30.072745099999949 ], [ -51.172157099999936, -30.072321499999923 ], [ -51.172106935806333, -30.072889142463382 ] ], [ [ -51.172178214370412, -30.074609146126903 ], [ -51.172148699999987, -30.074611599999962 ], [ -51.171831899999972, -30.074556599999941 ], [ -51.172178214370412, -30.074609146126903 ] ], [ [ -51.172786199999962, -30.073049 ], [ -51.172757099999956, -30.073030799999966 ], [ -51.173173, -30.073204599999933 ], [ -51.172786199999962, -30.073049 ] ], [ [ -51.172098399999982, -30.073047499999969 ], [ -51.172104947140696, -30.072926036481245 ], [ -51.172166699999934, -30.073416699999949 ], [ -51.172098399999982, -30.073047499999969 ] ], [ [ -51.173797599999943, -30.072059 ], [ -51.173495699999933, -30.072416499999967 ], [ -51.173801614740157, -30.072049657404197 ], [ -51.173797599999943, -30.072059 ] ], [ [ -51.172421499999984, -30.063143199999956 ], [ -51.172431121703326, -30.063082656900153 ], [ -51.17242537200687, -30.063262661601925 ], [ -51.172421499999984, -30.063143199999956 ] ], [ [ -51.172861099999977, -30.065213 ], [ -51.172595799999954, -30.064624899999952 ], [ -51.173010033408268, -30.065463093896817 ], [ -51.172861099999977, -30.065213 ] ] ], [ [ [ -51.171194299999968, -30.061745199999951 ], [ -51.169890499999951, -30.068726099999921 ], [ -51.170506499999931, -30.068812099999938 ], [ -51.171829899999977, -30.06177329999997 ], [ -51.171194299999968, -30.061745199999951 ] ] ] ] } },
{ "type": "Feature", "properties": { "ltla_code": "Vila Nova", "ltla_name": "Vila Nova" }, "geometry": { "type": "Polygon", "coordinates": [ [ [ -51.220114899999942, -30.125316399999971 ], [ -51.220275599999979, -30.124840099999965 ], [ -51.221228199999985, -30.122988599999921 ], [ -51.221494599999971, -30.122664499999935 ], [ -51.22221449999995, -30.122027599999971 ], [ -51.223631599999976, -30.120645899999946 ], [ -51.224147799999969, -30.120064899999939 ], [ -51.224327599999981, -30.118554199999942 ], [ -51.224438, -30.117725799999953 ], [ -51.224554499999954, -30.117181099999975 ], [ -51.224777399999937, -30.116596399999931 ], [ -51.225011099999961, -30.116158499999983 ], [ -51.225528599999961, -30.115372799999925 ], [ -51.225946599999986, -30.114683299999964 ], [ -51.226174799999967, -30.114305199999936 ], [ -51.226355499999954, -30.113854299999957 ], [ -51.226501399999961, -30.11301079999998 ], [ -51.226919399999986, -30.11066639999995 ], [ -51.225425899999948, -30.110102199999965 ], [ -51.225217699999973, -30.109944699999971 ], [ -51.224901299999949, -30.1095 ], [ -51.224710899999934, -30.109358 ], [ -51.224472899999967, -30.109337099999951 ], [ -51.221639799999934, -30.109912599999973 ], [ -51.220711799999947, -30.109775899999935 ], [ -51.220223899999951, -30.109769799999977 ], [ -51.220058799999947, -30.109846599999962 ], [ -51.219586199999981, -30.110317399999939 ], [ -51.219218, -30.110464399999948 ], [ -51.219014199999947, -30.110441 ], [ -51.218308199999967, -30.11126709999996 ], [ -51.220461499999942, -30.108698 ], [ -51.222082199999932, -30.107303499999947 ], [ -51.222634899999946, -30.105482299999949 ], [ -51.222794299999975, -30.104694599999952 ], [ -51.22046359999996, -30.103452599999965 ], [ -51.220158599999934, -30.103361499999949 ], [ -51.213012099999958, -30.103145699999963 ], [ -51.212706299999979, -30.103067 ], [ -51.212663899999939, -30.103108599999921 ], [ -51.211677, -30.103239099999936 ], [ -51.211184899999985, -30.102985099999955 ], [ -51.210001899999952, -30.102905 ], [ -51.207422299999962, -30.102793799999976 ], [ -51.207446299999958, -30.101827599999975 ], [ -51.206112599999983, -30.101772199999971 ], [ -51.205137199999967, -30.103769099999955 ], [ -51.205691, -30.102611799999973 ], [ -51.195038, -30.101984699999939 ], [ -51.194847699999968, -30.102163799999971 ], [ -51.194710099999952, -30.102699099999931 ], [ -51.194874479719545, -30.102875369102005 ], [ -51.194853399999943, -30.102866699999929 ], [ -51.19443739999997, -30.102421 ], [ -51.193892, -30.102120099999976 ], [ -51.192416199999968, -30.101650099999979 ], [ -51.191378, -30.101533799999967 ], [ -51.190399199999945, -30.101458899999948 ], [ -51.18789449999997, -30.101674799999959 ], [ -51.18699989999994, -30.10165 ], [ -51.186899799999935, -30.101605199999927 ], [ -51.186841899999934, -30.101515499999941 ], [ -51.18653009999997, -30.100888899999973 ], [ -51.185153799999966, -30.099927899999951 ], [ -51.184209399999986, -30.099140099999929 ], [ -51.183415599999933, -30.098971 ], [ -51.182086799999979, -30.098261 ], [ -51.180934199999967, -30.097720099999943 ], [ -51.179994399999941, -30.097547 ], [ -51.178039, -30.0967 ], [ -51.184347799999955, -30.111787 ], [ -51.18516029999995, -30.111835199999973 ], [ -51.185036399999944, -30.113094699999969 ], [ -51.185222, -30.113879399999984 ], [ -51.184269499999971, -30.117547399999971 ], [ -51.18562529999997, -30.11778929999997 ], [ -51.187477099999967, -30.118033299999979 ], [ -51.189141, -30.118477399999954 ], [ -51.189555799999937, -30.118484699999954 ], [ -51.189900499999965, -30.118430499999924 ], [ -51.190539899999976, -30.118340799999942 ], [ -51.191293299999984, -30.118434599999937 ], [ -51.192005599999959, -30.118329 ], [ -51.192598199999964, -30.118165399999953 ], [ -51.192007199999978, -30.11832869999995 ], [ -51.192687, -30.119455099999978 ], [ -51.19320289999996, -30.120554399999939 ], [ -51.193700499999977, -30.121389 ], [ -51.19399087706288, -30.122156586641665 ], [ -51.192906899999969, -30.122309 ], [ -51.192498799999953, -30.122438399999957 ], [ -51.191978099999972, -30.122697499999958 ], [ -51.189823399999966, -30.124146799999949 ], [ -51.188743799999941, -30.124692899999943 ], [ -51.188234899999941, -30.125012899999948 ], [ -51.187651599999981, -30.125518799999949 ], [ -51.186770199999955, -30.126530299999946 ], [ -51.186180399999955, -30.126951799999965 ], [ -51.185515199999941, -30.127221899999931 ], [ -51.184911599999964, -30.12736139999998 ], [ -51.184312, -30.127394899999945 ], [ -51.183313, -30.127321299999945 ], [ -51.18242829999997, -30.127435499999919 ], [ -51.181800599999974, -30.127663599999941 ], [ -51.181303899999932, -30.127950399999975 ], [ -51.180801, -30.128405199999975 ], [ -51.180044099999975, -30.128952199999944 ], [ -51.178014599999983, -30.130666 ], [ -51.176713299999967, -30.131950899999932 ], [ -51.175807099999986, -30.133425299999946 ], [ -51.175310899999943, -30.135044799999935 ], [ -51.174529899999989, -30.13599529999993 ], [ -51.174014399999976, -30.136438799999951 ], [ -51.174630899999954, -30.136771899999932 ], [ -51.175245699999948, -30.136982699999969 ], [ -51.176064799999949, -30.13695539999997 ], [ -51.17764029999995, -30.137053499999972 ], [ -51.177862399999981, -30.137153299999966 ], [ -51.178502899999955, -30.137615199999971 ], [ -51.179753299999959, -30.13811729999998 ], [ -51.182986399999947, -30.137919299999954 ], [ -51.183250299999941, -30.137945099999964 ], [ -51.183720199999982, -30.138088299999936 ], [ -51.183865, -30.138083499999929 ], [ -51.184343, -30.137859799999941 ], [ -51.185770399999967, -30.136998799999951 ], [ -51.186402099999952, -30.136697799999979 ], [ -51.186847299999954, -30.135475099999944 ], [ -51.187160099999971, -30.13504279999994 ], [ -51.188583899999969, -30.133806099999955 ], [ -51.188772299999982, -30.133560099999954 ], [ -51.188987099999963, -30.133054399999931 ], [ -51.189363399999934, -30.132725799999946 ], [ -51.189836199999945, -30.132401799999961 ], [ -51.190343799999937, -30.132163799999937 ], [ -51.196197, -30.130074499999971 ], [ -51.196693399999958, -30.129808599999937 ], [ -51.199651, -30.127786 ], [ -51.199951799999951, -30.127698799999965 ], [ -51.201950832582, -30.127448009187702 ], [ -51.201827899999955, -30.128471 ], [ -51.202195699999955, -30.128522799999931 ], [ -51.202401899999984, -30.128607299999935 ], [ -51.202931299999932, -30.129249399999946 ], [ -51.203188899999986, -30.129448299999975 ], [ -51.204468299999974, -30.129852699999955 ], [ -51.206079299999942, -30.130317899999966 ], [ -51.206260399999962, -30.130481199999959 ], [ -51.206254199999933, -30.130619899999942 ], [ -51.206405199999949, -30.130638199999972 ], [ -51.206645799999933, -30.130890399999924 ], [ -51.20686749999993, -30.130952799999925 ], [ -51.207364699999971, -30.130704499999968 ], [ -51.208112899999946, -30.13047569999997 ], [ -51.208819699999935, -30.130499499999928 ], [ -51.209276299999942, -30.130580799999958 ], [ -51.209871099999987, -30.130498799999938 ], [ -51.210226699999964, -30.130538 ], [ -51.210563299999933, -30.13037949999994 ], [ -51.210879, -30.130382699999984 ], [ -51.211225499999955, -30.130520699999984 ], [ -51.21224159999997, -30.131297799999967 ], [ -51.21215159999997, -30.131019399999964 ], [ -51.212688199999945, -30.13039329999998 ], [ -51.213140299999964, -30.129202299999971 ], [ -51.213289, -30.12666489999998 ], [ -51.212977799999976, -30.126613599999924 ], [ -51.215867099999969, -30.127053699999976 ], [ -51.216657699999985, -30.126990899999946 ], [ -51.217607799999939, -30.126832499999978 ], [ -51.22000369999995, -30.126903099999929 ], [ -51.22007149999996, -30.126587099999927 ], [ -51.220064299999933, -30.125817699999967 ], [ -51.220114899999942, -30.125316399999971 ] ], [ [ -51.219442299999969, -30.122216799999933 ], [ -51.218351423078076, -30.121721335268479 ], [ -51.219109899999978, -30.122062599999943 ], [ -51.221228199999985, -30.122988599999921 ], [ -51.219442299999969, -30.122216799999933 ] ], [ [ -51.222100599999976, -30.116293399999961 ], [ -51.22389389999995, -30.115811799999953 ], [ -51.225528599999961, -30.115372799999925 ], [ -51.222100599999976, -30.116293399999961 ] ], [ [ -51.223418, -30.115147499999981 ], [ -51.223416583783845, -30.115147698023062 ], [ -51.225946599999986, -30.114683299999964 ], [ -51.223418, -30.115147499999981 ] ], [ [ -51.212756099999979, -30.12652329999997 ], [ -51.212734926360113, -30.126494107205964 ], [ -51.212977799999976, -30.126613599999924 ], [ -51.212756099999979, -30.12652329999997 ] ], [ [ -51.216983840562783, -30.126427018369746 ], [ -51.216973499999938, -30.126453199999954 ], [ -51.216657699999985, -30.126990899999946 ], [ -51.216983840562783, -30.126427018369746 ] ], [ [ -51.215736599999957, -30.108654399999971 ], [ -51.2156119843727, -30.108679980469358 ], [ -51.216543199999933, -30.10844719999994 ], [ -51.218261799999937, -30.10803119999996 ], [ -51.215736599999957, -30.108654399999971 ] ], [ [ -51.21417432175911, -30.11255399108892 ], [ -51.214016969080092, -30.112621844077182 ], [ -51.214076299999931, -30.112580599999944 ], [ -51.21417432175911, -30.11255399108892 ] ], [ [ -51.213448494291804, -30.115299180179438 ], [ -51.213167899999974, -30.115370299999935 ], [ -51.211855899999932, -30.115642899999948 ], [ -51.210382799999934, -30.115955599999936 ], [ -51.212456599999939, -30.115505 ], [ -51.213448494291804, -30.115299180179438 ] ], [ [ -51.209149086510216, -30.116324924240462 ], [ -51.20945, -30.116208099999938 ], [ -51.210382799999934, -30.115955599999936 ], [ -51.209149086510216, -30.116324924240462 ] ], [ [ -51.214059377343389, -30.115099518873382 ], [ -51.213969599999984, -30.115167099999955 ], [ -51.21392682857838, -30.115177940904118 ], [ -51.214059377343389, -30.115099518873382 ] ], [ [ -51.214749799999936, -30.114549699999941 ], [ -51.214862860849252, -30.114494685644338 ], [ -51.214439784863586, -30.114813161895157 ], [ -51.214749799999936, -30.114549699999941 ] ], [ [ -51.215861416421809, -30.118849108014704 ], [ -51.215759599999956, -30.118576899999937 ], [ -51.215706271506839, -30.118308447699846 ], [ -51.215861416421809, -30.118849108014704 ] ], [ [ -51.21589119999993, -30.118952899999954 ], [ -51.215894699419202, -30.119255949707323 ], [ -51.215886653978465, -30.118937057692801 ], [ -51.21589119999993, -30.118952899999954 ] ], [ [ -51.215899699999966, -30.119689 ], [ -51.215625287929726, -30.120626857712644 ], [ -51.215625285222323, -30.120626856853836 ], [ -51.215899533563523, -30.119674586603775 ], [ -51.215899699999966, -30.119689 ] ], [ [ -51.215529899999979, -30.120596599999935 ], [ -51.215363230070032, -30.120516869597878 ], [ -51.215618431512517, -30.120624682809563 ], [ -51.215529899999979, -30.120596599999935 ] ], [ [ -51.214871, -30.120281399999953 ], [ -51.213882399999939, -30.119757 ], [ -51.214888372512029, -30.120289710541467 ], [ -51.214871, -30.120281399999953 ] ], [ [ -51.21301666917352, -30.119431044797192 ], [ -51.213083099999949, -30.119451399999949 ], [ -51.213882399999939, -30.119757 ], [ -51.21301666917352, -30.119431044797192 ] ], [ [ -51.211719599999981, -30.118979199999945 ], [ -51.210746599999936, -30.118574099999929 ], [ -51.211765788351876, -30.118995260287289 ], [ -51.211719599999981, -30.118979199999945 ] ], [ [ -51.207375299999967, -30.117743399999924 ], [ -51.206385357945486, -30.117591754832137 ], [ -51.206586499999958, -30.117595599999952 ], [ -51.207237899999939, -30.117709199999968 ], [ -51.210746599999936, -30.118574099999929 ], [ -51.207375299999967, -30.117743399999924 ] ], [ [ -51.206342099999972, -30.127007099999947 ], [ -51.207395299999973, -30.127173799999976 ], [ -51.206286083857357, -30.127005707333417 ], [ -51.206342099999972, -30.127007099999947 ] ], [ [ -51.207824699999946, -30.126081799999948 ], [ -51.208726299999974, -30.123848199999934 ], [ -51.207395299999973, -30.127173799999976 ], [ -51.207824699999946, -30.126081799999948 ] ], [ [ -51.207061299999964, -30.128015899999973 ], [ -51.206604899999945, -30.129160099999979 ], [ -51.207395299999973, -30.127173799999976 ], [ -51.207061299999964, -30.128015899999973 ] ], [ [ -51.221912199999963, -30.112773499999946 ], [ -51.221994155711286, -30.11277420547751 ], [ -51.220223593605958, -30.113155646918965 ], [ -51.221912199999963, -30.112773499999946 ] ], [ [ -51.220634199999949, -30.114899099999946 ], [ -51.220120614128454, -30.113178952107308 ], [ -51.220120615408604, -30.113178951817599 ], [ -51.221043599999973, -30.116256899999932 ], [ -51.220634199999949, -30.114899099999946 ] ], [ [ -51.220156, -30.116034599999971 ], [ -51.219362, -30.113352 ], [ -51.219873499999956, -30.115073599999949 ], [ -51.220197601616512, -30.116175300274318 ], [ -51.220156, -30.116034599999971 ] ], [ [ -51.217999199999952, -30.113665599999926 ], [ -51.217379984740468, -30.113799181357006 ], [ -51.219778221925779, -30.113256438563486 ], [ -51.219362, -30.113352 ], [ -51.217999199999952, -30.113665599999926 ] ], [ [ -51.218493453295103, -30.115381518783597 ], [ -51.218770599999971, -30.116343699999955 ], [ -51.218949399999985, -30.117064499999966 ], [ -51.218493453295103, -30.115381518783597 ] ], [ [ -51.216262236324589, -30.114052137945873 ], [ -51.216646599999933, -30.11563069999994 ], [ -51.216262236324582, -30.114052137945873 ], [ -51.216262236324589, -30.114052137945873 ] ], [ [ -51.219915317320854, -30.119196737894885 ], [ -51.219907099999944, -30.119163699999941 ], [ -51.219918985626535, -30.119134407785612 ], [ -51.219915317320854, -30.119196737894885 ] ], [ [ -51.220284791120214, -30.118232877450509 ], [ -51.220394359538993, -30.117962845274924 ], [ -51.220387699999947, -30.117997099999958 ], [ -51.220284791120214, -30.118232877450509 ] ], [ [ -51.22050349999995, -30.117077199999979 ], [ -51.220365899999933, -30.116744499999982 ], [ -51.2202721657696, -30.116427482705429 ], [ -51.22050349999995, -30.117077199999979 ] ], [ [ -51.217934199999945, -30.126062799999943 ], [ -51.217916099999968, -30.12632619999993 ], [ -51.217927012638597, -30.126061329201125 ], [ -51.217934199999945, -30.126062799999943 ] ], [ [ -51.217322199999956, -30.125547 ], [ -51.217188, -30.125910099999942 ], [ -51.217107659148951, -30.126113517790994 ], [ -51.217322199999956, -30.125547 ] ], [ [ -51.217053600147672, -30.121137400304807 ], [ -51.216612965779646, -30.120947241728061 ], [ -51.21667709999997, -30.120968 ], [ -51.217053600147672, -30.121137400304807 ] ], [ [ -51.222283499999946, -30.116965399999959 ], [ -51.222293764158501, -30.117019412137878 ], [ -51.222140599999932, -30.116595199999949 ], [ -51.222283499999946, -30.116965399999959 ] ], [ [ -51.217052958900013, -30.112318398396006 ], [ -51.216968899999983, -30.112388799999955 ], [ -51.216811636584538, -30.112431228950289 ], [ -51.217052958900013, -30.112318398396006 ] ], [ [ -51.216627775437061, -30.112480833847098 ], [ -51.216553399999952, -30.112500899999919 ], [ -51.216197839773223, -30.112480467449142 ], [ -51.216627775437061, -30.112480833847098 ] ], [ [ -51.214355899999987, -30.112504699999921 ], [ -51.214710599999933, -30.112479199999942 ], [ -51.215185294741204, -30.11247960454229 ], [ -51.214277109545826, -30.112526088395743 ], [ -51.214355899999987, -30.112504699999921 ] ], [ [ -51.212316756783608, -30.12595835023264 ], [ -51.212242770711846, -30.125893578684654 ], [ -51.212274899999954, -30.125901399999975 ], [ -51.212316756783608, -30.12595835023264 ] ], [ [ -51.209859799999947, -30.125098499999972 ], [ -51.209793599999962, -30.125439 ], [ -51.20966889999994, -30.12603329999996 ], [ -51.209214299999985, -30.128258 ], [ -51.209368499999982, -30.127479099999956 ], [ -51.209859799999947, -30.125098499999972 ] ], [ [ -51.212792476042061, -30.109137845156749 ], [ -51.213063599999941, -30.109203099999956 ], [ -51.212826299999961, -30.109155099999956 ], [ -51.212792476042061, -30.109137845156749 ] ], [ [ -51.207432941568001, -30.122667075384076 ], [ -51.207017749300931, -30.122615740470614 ], [ -51.207067499999937, -30.122613899999973 ], [ -51.207432941568001, -30.122667075384076 ] ], [ [ -51.205813737080852, -30.119895348565944 ], [ -51.206966, -30.120104 ], [ -51.205861899999945, -30.119924 ], [ -51.205813737080852, -30.119895348565944 ] ], [ [ -51.205094, -30.119452599999921 ], [ -51.205469537617653, -30.119690589211711 ], [ -51.205010921883982, -30.119417765249132 ], [ -51.205094, -30.119452599999921 ] ], [ [ -51.204853599999979, -30.119351799999951 ], [ -51.204864861727764, -30.119356522055526 ], [ -51.202911, -30.118836299999934 ], [ -51.204853599999979, -30.119351799999951 ] ], [ [ -51.206188299999951, -30.109023599999944 ], [ -51.206535599999938, -30.108766899999971 ], [ -51.206623785757373, -30.108737771357035 ], [ -51.206188299999951, -30.109023599999944 ] ], [ [ -51.206750099999965, -30.11359589999995 ], [ -51.207002914717371, -30.113064979585488 ], [ -51.207010799999978, -30.11310149999996 ], [ -51.206750099999965, -30.11359589999995 ] ], [ [ -51.205754734553771, -30.114266025636393 ], [ -51.205754734553771, -30.11426602563639 ], [ -51.206750099999965, -30.11359589999995 ], [ -51.205754734553771, -30.114266025636393 ] ], [ [ -51.206014899999957, -30.114516299999934 ], [ -51.205915214109204, -30.114420404010563 ], [ -51.206055173620896, -30.114532036436483 ], [ -51.206014899999957, -30.114516299999934 ] ], [ [ -51.206775, -30.11481329999997 ], [ -51.206440710215141, -30.114682680257697 ], [ -51.207402071407571, -30.115032324644176 ], [ -51.206775, -30.11481329999997 ] ], [ [ -51.207251, -30.117355299999925 ], [ -51.208739599999944, -30.116483899999938 ], [ -51.208936298704749, -30.116407535271918 ], [ -51.207251, -30.117355299999925 ] ], [ [ -51.209847099999934, -30.11479619999993 ], [ -51.210429899999951, -30.114357499999976 ], [ -51.209340699999984, -30.115181899999968 ], [ -51.209187359808041, -30.115255415698922 ], [ -51.209847099999934, -30.11479619999993 ] ], [ [ -51.20743162547879, -30.110119704469867 ], [ -51.207416899999942, -30.110123 ], [ -51.20740783086795, -30.110096498663076 ], [ -51.20743162547879, -30.110119704469867 ] ], [ [ -51.207210099999941, -30.109518699999953 ], [ -51.210125799999958, -30.108792499999936 ], [ -51.21014907010214, -30.108793218934789 ], [ -51.207210099999941, -30.109518699999953 ] ], [ [ -51.212402099999963, -30.10893869999995 ], [ -51.211823616660439, -30.108617277182312 ], [ -51.212642544771668, -30.109061359709045 ], [ -51.212402099999963, -30.10893869999995 ] ], [ [ -51.211753006661041, -30.108578044133733 ], [ -51.211657899999977, -30.108525199999967 ], [ -51.211394199999972, -30.10832969999996 ], [ -51.211753006661041, -30.108578044133733 ] ], [ [ -51.208871699999975, -30.115337 ], [ -51.208812760442754, -30.115327724284136 ], [ -51.20908952738943, -30.115302319374621 ], [ -51.209046599999965, -30.115322899999967 ], [ -51.208871699999975, -30.115337 ] ], [ [ -51.208263585269052, -30.115241296881436 ], [ -51.207784499999946, -30.115165899999962 ], [ -51.207748487129074, -30.115153321358783 ], [ -51.208263585269052, -30.115241296881436 ] ], [ [ -51.215283699999986, -30.106663799999971 ], [ -51.215326341177146, -30.10669593015184 ], [ -51.215044200228704, -30.106571717373839 ], [ -51.215283699999986, -30.106663799999971 ] ], [ [ -51.202098864728761, -30.126178092974225 ], [ -51.202045899999973, -30.126656899999936 ], [ -51.201991171810086, -30.12711232389568 ], [ -51.202098864728761, -30.126178092974225 ] ], [ [ -51.198942599999953, -30.122741299999976 ], [ -51.197736299999974, -30.125548899999956 ], [ -51.199136116409093, -30.122278273459077 ], [ -51.198942599999953, -30.122741299999976 ] ], [ [ -51.200320050185923, -30.119523278709281 ], [ -51.200028599999939, -30.120239899999937 ], [ -51.199731777188887, -30.120886530982656 ], [ -51.200309499999946, -30.119536699999966 ], [ -51.200320050185923, -30.119523278709281 ] ], [ [ -51.20078239999998, -30.118956 ], [ -51.200585288369815, -30.119185859181904 ], [ -51.200825899527956, -30.118879768625604 ], [ -51.20078239999998, -30.118956 ] ], [ [ -51.200873699999931, -30.118796 ], [ -51.200851844027632, -30.118834301813433 ], [ -51.200887399999942, -30.118614899999955 ], [ -51.200873699999931, -30.118796 ] ], [ [ -51.199399299999989, -30.118765299999936 ], [ -51.19938844715395, -30.118763752993374 ], [ -51.200451921529869, -30.118730192948266 ], [ -51.20042129999996, -30.118738299999951 ], [ -51.199399299999989, -30.118765299999936 ] ], [ [ -51.196943931703046, -30.12036759536171 ], [ -51.197464899999943, -30.119335 ], [ -51.196986099999947, -30.120309399999933 ], [ -51.196943931703046, -30.12036759536171 ] ], [ [ -51.196510799999942, -30.120895699999952 ], [ -51.196403263974879, -30.120987784440857 ], [ -51.196895549000025, -30.120434367062565 ], [ -51.196823499999937, -30.120533799999961 ], [ -51.196510799999942, -30.120895699999952 ] ], [ [ -51.194231671147342, -30.122122729619843 ], [ -51.194670083512968, -30.122035611909819 ], [ -51.194607399999938, -30.122069899999921 ], [ -51.194231671147342, -30.122122729619843 ] ], [ [ -51.202637799999934, -30.118065699999924 ], [ -51.201898763685818, -30.118048722786742 ], [ -51.201920899999948, -30.118041399999978 ], [ -51.202637799999934, -30.118065699999924 ] ], [ [ -51.201581294880569, -30.121710500853165 ], [ -51.201565099999989, -30.121709099999972 ], [ -51.200757099999976, -30.121566199999965 ], [ -51.200614867806642, -30.12152539716207 ], [ -51.201581294880569, -30.121710500853165 ] ], [ [ -51.20604259999994, -30.117691099999941 ], [ -51.205969356567195, -30.117688155305459 ], [ -51.206072665162658, -30.117678436378391 ], [ -51.20604259999994, -30.117691099999941 ] ], [ [ -51.205885899999942, -30.11768479999995 ], [ -51.205011499999955, -30.117370699999977 ], [ -51.205906322353407, -30.117685621064574 ], [ -51.205885899999942, -30.11768479999995 ] ], [ [ -51.205700640969681, -30.117255168310475 ], [ -51.206283099999951, -30.117589799999955 ], [ -51.205723399999961, -30.117275799999955 ], [ -51.205700640969681, -30.117255168310475 ] ], [ [ -51.204462660384102, -30.113411569685976 ], [ -51.205233699999951, -30.113764799999952 ], [ -51.204497899999978, -30.113433699999977 ], [ -51.204462660384102, -30.113411569685976 ] ], [ [ -51.204062494057986, -30.11313137511701 ], [ -51.204318469709463, -30.113321018616485 ], [ -51.204155699999944, -30.113218799999963 ], [ -51.204062494057986, -30.11313137511701 ] ], [ [ -51.197366899999963, -30.110062699999947 ], [ -51.197386459054087, -30.110070014506185 ], [ -51.197337599930144, -30.110064376914959 ], [ -51.197366899999963, -30.110062699999947 ] ], [ [ -51.197111799999959, -30.110077299999951 ], [ -51.197232168346886, -30.110070411023607 ], [ -51.196115799999973, -30.110361099999974 ], [ -51.197111799999959, -30.110077299999951 ] ], [ [ -51.194975399999976, -30.110527 ], [ -51.195019398372494, -30.11052059932473 ], [ -51.19488980282388, -30.110574703870284 ], [ -51.194975399999976, -30.110527 ] ], [ [ -51.194766, -30.110643699999969 ], [ -51.194806816197506, -30.110620952864082 ], [ -51.194564399999933, -30.110877699999932 ], [ -51.194766, -30.110643699999969 ] ], [ [ -51.205574977664753, -30.117141251054136 ], [ -51.205464499999948, -30.117041099999941 ], [ -51.205429497359738, -30.116980567823351 ], [ -51.205574977664753, -30.117141251054136 ] ], [ [ -51.201263299999937, -30.112517199999953 ], [ -51.20098323765712, -30.112385125145082 ], [ -51.201021599999933, -30.112391799999955 ], [ -51.201263299999937, -30.112517199999953 ] ], [ [ -51.200066399999969, -30.112225599999928 ], [ -51.199852899999939, -30.112143 ], [ -51.199834685494878, -30.112120557307833 ], [ -51.200066399999969, -30.112225599999928 ] ], [ [ -51.195354799999961, -30.103128499999968 ], [ -51.195721532693298, -30.104239317213029 ], [ -51.195678599999951, -30.104180699999979 ], [ -51.195354799999961, -30.103128499999968 ] ], [ [ -51.196121037145694, -30.104548075348973 ], [ -51.196961299999941, -30.104573 ], [ -51.196155799999985, -30.104561 ], [ -51.196121037145694, -30.104548075348973 ] ], [ [ -51.197216799999978, -30.104703099999941 ], [ -51.197227328605265, -30.104723322418184 ], [ -51.196961299999941, -30.104573 ], [ -51.197216799999978, -30.104703099999941 ] ], [ [ -51.197839, -30.106591899999952 ], [ -51.198630001352647, -30.107584252424058 ], [ -51.198612299999979, -30.107573399999978 ], [ -51.197839, -30.106591899999952 ] ], [ [ -51.198811006517367, -30.107695223876064 ], [ -51.199013699999966, -30.107796399999977 ], [ -51.199089367712915, -30.107865882796766 ], [ -51.198811006517367, -30.107695223876064 ] ], [ [ -51.199378783895362, -30.108131642722746 ], [ -51.199556899999948, -30.108295199999922 ], [ -51.199566980879112, -30.108324449719078 ], [ -51.199378783895362, -30.108131642722746 ] ] ] } },
{ "type": "Feature", "properties": { "ltla_code": "Vila São José", "ltla_name": "Vila São José" }, "geometry": { "type": "Polygon", "coordinates": [ [ [ -51.164798, -30.079552699999969 ], [ -51.164901499999985, -30.079416199999969 ], [ -51.165117, -30.079353 ], [ -51.165316799999971, -30.079161799999952 ], [ -51.165390099999968, -30.07900229999996 ], [ -51.165394399999968, -30.078790299999973 ], [ -51.165625, -30.078662099999974 ], [ -51.165753, -30.078425699999965 ], [ -51.165943499999969, -30.078335399999958 ], [ -51.166110199999935, -30.078164 ], [ -51.166242699999948, -30.078002399999939 ], [ -51.166539899999975, -30.07779539999995 ], [ -51.166720499999947, -30.077773499999967 ], [ -51.166974399999958, -30.078000099999933 ], [ -51.167059799999947, -30.077932799999928 ], [ -51.167410599999982, -30.077882399999961 ], [ -51.167663399999981, -30.078037799999947 ], [ -51.16803989999994, -30.077914199999945 ], [ -51.168209199999978, -30.077569599999947 ], [ -51.168326099999945, -30.077448499999942 ], [ -51.168493599999977, -30.077455 ], [ -51.168638099999953, -30.077372899999943 ], [ -51.169061599999964, -30.077406899999964 ], [ -51.169349799999964, -30.077567199999969 ], [ -51.169585199999972, -30.076996499999943 ], [ -51.169529799999964, -30.077167699999954 ], [ -51.169786099999961, -30.077151799999971 ], [ -51.170031199999983, -30.077032599999932 ], [ -51.170213299999944, -30.076876799999976 ], [ -51.170340899999985, -30.076690099999944 ], [ -51.170740399999943, -30.075579 ], [ -51.170887199999981, -30.074298499999937 ], [ -51.171524, -30.073495 ], [ -51.171624599999973, -30.073259599999979 ], [ -51.171666899999934, -30.073036799999951 ], [ -51.17164269999995, -30.072255899999966 ], [ -51.17159159999995, -30.070735 ], [ -51.17184229999998, -30.068733299999959 ], [ -51.172474299999976, -30.067536899999926 ], [ -51.172008399999982, -30.067726699999977 ], [ -51.171324299999981, -30.068184499999965 ], [ -51.17096289999995, -30.068785499999922 ], [ -51.170784199999957, -30.069603199999946 ], [ -51.170675699999947, -30.069588199999945 ], [ -51.170672199999963, -30.069286099999928 ], [ -51.170506499999931, -30.068812099999938 ], [ -51.169890700269249, -30.068726127959597 ], [ -51.170304299999941, -30.066507599999955 ], [ -51.170777699999974, -30.064018199999953 ], [ -51.171194299999968, -30.061745199999951 ], [ -51.169864799999971, -30.061600799999937 ], [ -51.168780899999945, -30.061643499999942 ], [ -51.167770599999983, -30.061754 ], [ -51.164602199999933, -30.062142299999934 ], [ -51.163900099999978, -30.062206499999935 ], [ -51.163091799999961, -30.06217219999996 ], [ -51.162642799999958, -30.062206099999955 ], [ -51.16193, -30.062390499999928 ], [ -51.161493299999961, -30.062563099999981 ], [ -51.161026599999957, -30.065206899999961 ], [ -51.160456799999963, -30.06846819999998 ], [ -51.16042589999995, -30.069047 ], [ -51.160290199999963, -30.069458799999946 ], [ -51.160320599999977, -30.070015899999927 ], [ -51.160077399999977, -30.070014399999931 ], [ -51.159977, -30.070193 ], [ -51.159929799999986, -30.071133799999984 ], [ -51.15989449999995, -30.071877 ], [ -51.160203363961308, -30.071897067432495 ], [ -51.160089099999936, -30.071900399999954 ], [ -51.159916499999952, -30.071887 ], [ -51.159692699999937, -30.071793699999944 ], [ -51.159492499999942, -30.07297309999996 ], [ -51.159735699999942, -30.073056299999958 ], [ -51.159403699999984, -30.072943599999984 ], [ -51.159188199999967, -30.072930599999943 ], [ -51.158157099999983, -30.073058899999978 ], [ -51.158703799999955, -30.07371859999995 ], [ -51.158965199999955, -30.073837199999947 ], [ -51.159111799999955, -30.074704299999937 ], [ -51.15903609999998, -30.075056399999937 ], [ -51.158847, -30.074999 ], [ -51.15843289999998, -30.075062499999941 ], [ -51.158269699999948, -30.075177299999936 ], [ -51.158024899999987, -30.075691099999968 ], [ -51.15788589999994, -30.075872499999946 ], [ -51.157514099999958, -30.076283499999928 ], [ -51.157161699999961, -30.076542 ], [ -51.156991299999959, -30.077271799999949 ], [ -51.156692099999987, -30.077957799999975 ], [ -51.156604399999935, -30.078027299999963 ], [ -51.15639589999995, -30.078018299999929 ], [ -51.15596069999998, -30.078707299999955 ], [ -51.156308299999978, -30.078837299999968 ], [ -51.156456299999945, -30.079109299999963 ], [ -51.156471499999952, -30.079245299999972 ], [ -51.156238, -30.07991689999994 ], [ -51.153665099999955, -30.087856299999938 ], [ -51.152228099999945, -30.092567899999953 ], [ -51.163444299999981, -30.087538299999945 ], [ -51.163597699999968, -30.085891099999962 ], [ -51.163491499999964, -30.085092 ], [ -51.163743599999975, -30.084821099999949 ], [ -51.16381789999997, -30.084598099999948 ], [ -51.163655699999936, -30.084327699999957 ], [ -51.16364219999997, -30.083198799999931 ], [ -51.163571199999978, -30.082580299999947 ], [ -51.163791199999935, -30.082265 ], [ -51.163961399999955, -30.080989499999916 ], [ -51.164381399999975, -30.080255899999937 ], [ -51.164184799999987, -30.080637699999951 ], [ -51.16438839999995, -30.080360299999928 ], [ -51.164662899999939, -30.080213499999953 ], [ -51.164739099999963, -30.08010169999994 ], [ -51.164762099999962, -30.079689199999954 ], [ -51.164798, -30.079552699999969 ] ], [ [ -51.167947699999957, -30.066181 ], [ -51.165474, -30.065806499999951 ], [ -51.166993599999955, -30.066027599999984 ], [ -51.170304299999941, -30.066507599999955 ], [ -51.167947699999957, -30.066181 ] ], [ [ -51.164477899999952, -30.070784 ], [ -51.164341418225391, -30.071551721643061 ], [ -51.164454099999944, -30.070874599999968 ], [ -51.164991099999952, -30.068301 ], [ -51.164477899999952, -30.070784 ] ], [ [ -51.167007099999978, -30.071148199999975 ], [ -51.165339199999949, -30.070918799999969 ], [ -51.164477899999952, -30.070784 ], [ -51.167007099999978, -30.071148199999975 ] ], [ [ -51.164865099999986, -30.072802599999935 ], [ -51.16474089999997, -30.07308149999994 ], [ -51.164874558192658, -30.072765018596538 ], [ -51.164865099999986, -30.072802599999935 ] ], [ [ -51.164363099999946, -30.074007899999966 ], [ -51.164320114159068, -30.074098637503223 ], [ -51.164441699999941, -30.073784599999957 ], [ -51.164363099999946, -30.074007899999966 ] ], [ [ -51.164271099999951, -30.074202099999972 ], [ -51.164240109503595, -30.074230255034522 ], [ -51.164273949194623, -30.074196085721656 ], [ -51.164271099999951, -30.074202099999972 ] ], [ [ -51.163336199999947, -30.075386899999948 ], [ -51.163329253168207, -30.075389297654155 ], [ -51.163528099999951, -30.074949199999928 ], [ -51.163336199999947, -30.075386899999948 ] ], [ [ -51.163094699999931, -30.075659399999942 ], [ -51.16317907014389, -30.075346816811745 ], [ -51.163172499999973, -30.075443399999987 ], [ -51.163094699999931, -30.075659399999942 ] ], [ [ -51.16614949999996, -30.076055699999984 ], [ -51.166156815378656, -30.076056566855101 ], [ -51.165611899999931, -30.075999699999951 ], [ -51.163094699999931, -30.075659399999942 ], [ -51.16614949999996, -30.076055699999984 ] ], [ [ -51.162716399999965, -30.076041499999977 ], [ -51.162383599999941, -30.07632829999994 ], [ -51.163094699999931, -30.075659399999942 ], [ -51.162716399999965, -30.076041499999977 ] ], [ [ -51.160617799999955, -30.075314399999961 ], [ -51.162086399999964, -30.075510399999921 ], [ -51.163094699999931, -30.075659399999942 ], [ -51.160617799999955, -30.075314399999961 ] ], [ [ -51.164607599999961, -30.078601299999946 ], [ -51.164425399999971, -30.079488899999934 ], [ -51.164629243185537, -30.078342998211919 ], [ -51.164607599999961, -30.078601299999946 ] ], [ [ -51.164440699999943, -30.080024899999959 ], [ -51.164438957258191, -30.080031688757877 ], [ -51.164425399999971, -30.079488899999934 ], [ -51.164440699999943, -30.080024899999959 ] ], [ [ -51.166765033183161, -30.073542701350721 ], [ -51.166776029725405, -30.073545483949289 ], [ -51.166767599999957, -30.073623899999969 ], [ -51.166765033183161, -30.073542701350721 ] ], [ [ -51.167781599999955, -30.076249099999981 ], [ -51.168434954018075, -30.07639494144145 ], [ -51.168434843857632, -30.076395514635696 ], [ -51.167377759156125, -30.076201245812616 ], [ -51.167781599999955, -30.076249099999981 ] ], [ [ -51.165730099999962, -30.07814019999995 ], [ -51.165379099999946, -30.077981099999928 ], [ -51.165118599999971, -30.077825499999957 ], [ -51.165730099999962, -30.07814019999995 ] ], [ [ -51.16652339999996, -30.0736 ], [ -51.166323599999942, -30.073493699999968 ], [ -51.166542422216942, -30.07360186171568 ], [ -51.16652339999996, -30.0736 ] ], [ [ -51.169865375180308, -30.068861970451088 ], [ -51.169836891975571, -30.069016002437486 ], [ -51.169839399999944, -30.069001299999954 ], [ -51.169865375180308, -30.068861970451088 ] ], [ [ -51.169569632267368, -30.070582721329728 ], [ -51.169569632267368, -30.070582721329725 ], [ -51.170530299999939, -30.070706299999987 ], [ -51.169569632267368, -30.070582721329728 ] ], [ [ -51.169052599999986, -30.073104499999928 ], [ -51.169191778550243, -30.072701921429942 ], [ -51.169186699999955, -30.072732199999965 ], [ -51.169035808794774, -30.073194090521568 ], [ -51.169052599999986, -30.073104499999928 ] ], [ [ -51.163977579556871, -30.065604413777638 ], [ -51.163977579361763, -30.065604413751288 ], [ -51.16414089999995, -30.06469519999996 ], [ -51.164282899999932, -30.063904699999963 ], [ -51.164284903636585, -30.06389364077906 ], [ -51.163977579556871, -30.065604413777638 ] ], [ [ -51.162410399999942, -30.070492399999971 ], [ -51.163002279139995, -30.070549701050901 ], [ -51.163002252536451, -30.070549836406315 ], [ -51.162266583032725, -30.070503080652724 ], [ -51.162410399999942, -30.070492399999971 ] ], [ [ -51.161522642962218, -30.070431404149673 ], [ -51.161501499999986, -30.070559899999964 ], [ -51.161469836883079, -30.070668412840451 ], [ -51.161522642962218, -30.070431404149673 ] ], [ [ -51.16125059999996, -30.071384099999928 ], [ -51.161324901194114, -30.071165122729838 ], [ -51.16123897985274, -30.071459584227039 ], [ -51.16125059999996, -30.071384099999928 ] ], [ [ -51.16012939999996, -30.073335 ], [ -51.160893047771935, -30.073580764889748 ], [ -51.160893047771935, -30.073580764889751 ], [ -51.16012939999996, -30.073335 ] ], [ [ -51.161742647236956, -30.077143739122221 ], [ -51.161524699999973, -30.078018099999944 ], [ -51.161703, -30.077219299999964 ], [ -51.161742647236956, -30.077143739122221 ] ], [ [ -51.161048599999958, -30.077926199999975 ], [ -51.160082699999975, -30.077732799999978 ], [ -51.161524699999973, -30.078018099999944 ], [ -51.161048599999958, -30.077926199999975 ] ], [ [ -51.16006189999996, -30.077686499999974 ], [ -51.160209201784738, -30.077040760824538 ], [ -51.160082699999975, -30.077732799999978 ], [ -51.16006189999996, -30.077686499999974 ] ], [ [ -51.162229, -30.085916399999974 ], [ -51.16232856342031, -30.085811797671742 ], [ -51.162109499999985, -30.086120499999932 ], [ -51.162229, -30.085916399999974 ] ], [ [ -51.162466825616107, -30.085600932932117 ], [ -51.162470699999972, -30.085611499999974 ], [ -51.162462387678872, -30.085623213652912 ], [ -51.162466825616107, -30.085600932932117 ] ], [ [ -51.162046046711204, -30.081828793651724 ], [ -51.162056099999973, -30.081841899999983 ], [ -51.162023399999953, -30.082401899999976 ], [ -51.162046046711204, -30.081828793651724 ] ], [ [ -51.161244699999941, -30.081347499999932 ], [ -51.161218913043108, -30.081289788790539 ], [ -51.161376399999938, -30.081454699999945 ], [ -51.161244699999941, -30.081347499999932 ] ], [ [ -51.161194699999953, -30.081235599999953 ], [ -51.161195379949454, -30.081093309234216 ], [ -51.161205660327965, -30.081260129214041 ], [ -51.161194699999953, -30.081235599999953 ] ], [ [ -51.161196199999949, -30.080921699999976 ], [ -51.161332099999981, -30.08047259999995 ], [ -51.16119606844353, -30.080949230373541 ], [ -51.161196199999949, -30.080921699999976 ] ], [ [ -51.161376499999967, -30.079994499999938 ], [ -51.16128219999996, -30.079807499999951 ], [ -51.160990899999945, -30.079090699999934 ], [ -51.160992032345355, -30.079067847032277 ], [ -51.161376499999967, -30.079994499999938 ] ], [ [ -51.163168731486664, -30.074518333345466 ], [ -51.162723699999958, -30.073440299999955 ], [ -51.163167399999963, -30.074501099999956 ], [ -51.163168731486664, -30.074518333345466 ] ], [ [ -51.163196182568512, -30.075095258771213 ], [ -51.163177378042562, -30.074630245154665 ], [ -51.163204199999939, -30.074977399999955 ], [ -51.163196182568512, -30.075095258771213 ] ], [ [ -51.163473250943426, -30.068087885012996 ], [ -51.161932599999943, -30.067939899999942 ], [ -51.163429199999939, -30.068081699999929 ], [ -51.163473250943426, -30.068087885012996 ] ], [ [ -51.163454699999932, -30.064580199999956 ], [ -51.163272895454668, -30.065509248713035 ], [ -51.163272894184423, -30.065509248541492 ], [ -51.163612899999976, -30.06377109999994 ], [ -51.163454699999932, -30.064580199999956 ] ] ] } }
]
}
