msoa21cd,msoa21nm,ltla22cd,ltla22nm
431490205000001,431490205000001,Centro Histórico,Centro Histórico
431490205000002,431490205000002,Centro Histórico,Centro Histórico
431490205000003,431490205000003,Centro Histórico,Centro Histórico
431490205000004,431490205000004,Centro Histórico,Centro Histórico
431490205000005,431490205000005,Centro Histórico,Centro Histórico
431490205000006,431490205000006,Centro Histórico,Centro Histórico
431490205000007,431490205000007,Centro Histórico,Centro Histórico
431490205000008,431490205000008,Centro Histórico,Centro Histórico
431490205000009,431490205000009,Centro Histórico,Centro Histórico
431490205000010,431490205000010,Centro Histórico,Centro Histórico
431490205000011,431490205000011,Centro Histórico,Centro Histórico
431490205000012,431490205000012,Centro Histórico,Centro Histórico
431490205000013,431490205000013,Centro Histórico,Centro Histórico
431490205000014,431490205000014,Centro Histórico,Centro Histórico
431490205000015,431490205000015,Centro Histórico,Centro Histórico
431490205000016,431490205000016,Centro Histórico,Centro Histórico
431490205000017,431490205000017,Centro Histórico,Centro Histórico
431490205000018,431490205000018,Centro Histórico,Centro Histórico
431490205000019,431490205000019,Centro Histórico,Centro Histórico
431490205000020,431490205000020,Centro Histórico,Centro Histórico
431490205000021,431490205000021,Centro Histórico,Centro Histórico
431490205000022,431490205000022,Centro Histórico,Centro Histórico
431490205000023,431490205000023,Centro Histórico,Centro Histórico
431490205000024,431490205000024,Centro Histórico,Centro Histórico
431490205000025,431490205000025,Centro Histórico,Centro Histórico
431490205000026,431490205000026,Centro Histórico,Centro Histórico
431490205000030,431490205000030,Centro Histórico,Centro Histórico
431490205000031,431490205000031,Centro Histórico,Centro Histórico
431490205000032,431490205000032,Centro Histórico,Centro Histórico
431490205000033,431490205000033,Centro Histórico,Centro Histórico
431490205000034,431490205000034,Centro Histórico,Centro Histórico
431490205000035,431490205000035,Centro Histórico,Centro Histórico
431490205000036,431490205000036,Centro Histórico,Centro Histórico
431490205000037,431490205000037,Centro Histórico,Centro Histórico
431490205000038,431490205000038,Centro Histórico,Centro Histórico
431490205000039,431490205000039,Centro Histórico,Centro Histórico
431490205000040,431490205000040,Centro Histórico,Centro Histórico
431490205000041,431490205000041,Centro Histórico,Centro Histórico
431490205000042,431490205000042,Centro Histórico,Centro Histórico
431490205000043,431490205000043,Centro Histórico,Centro Histórico
431490205000044,431490205000044,Centro Histórico,Centro Histórico
431490205000045,431490205000045,Centro Histórico,Centro Histórico
431490205000046,431490205000046,Centro Histórico,Centro Histórico
431490205000047,431490205000047,Centro Histórico,Centro Histórico
431490205000048,431490205000048,Centro Histórico,Centro Histórico
431490205000049,431490205000049,Centro Histórico,Centro Histórico
431490205000050,431490205000050,Centro Histórico,Centro Histórico
431490205000051,431490205000051,Centro Histórico,Centro Histórico
431490205000052,431490205000052,Centro Histórico,Centro Histórico
431490205000053,431490205000053,Centro Histórico,Centro Histórico
431490205000054,431490205000054,Centro Histórico,Centro Histórico
431490205000055,431490205000055,Centro Histórico,Centro Histórico
431490205000057,431490205000057,Centro Histórico,Centro Histórico
431490205000058,431490205000058,Centro Histórico,Centro Histórico
431490205000059,431490205000059,Centro Histórico,Centro Histórico
431490205000060,431490205000060,Centro Histórico,Centro Histórico
431490205000061,431490205000061,Centro Histórico,Centro Histórico
431490205000062,431490205000062,Centro Histórico,Centro Histórico
431490205000063,431490205000063,Centro Histórico,Centro Histórico
431490205000064,431490205000064,Centro Histórico,Centro Histórico
431490205000065,431490205000065,Centro Histórico,Centro Histórico
431490205000066,431490205000066,Centro Histórico,Centro Histórico
431490205000067,431490205000067,Centro Histórico,Centro Histórico
431490205000068,431490205000068,Centro Histórico,Centro Histórico
431490205000069,431490205000069,Centro Histórico,Centro Histórico
431490205000070,431490205000070,Centro Histórico,Centro Histórico
431490205000071,431490205000071,Centro Histórico,Centro Histórico
431490205000072,431490205000072,Centro Histórico,Centro Histórico
431490205000073,431490205000073,Centro Histórico,Centro Histórico
431490205000074,431490205000074,Centro Histórico,Centro Histórico
431490205000075,431490205000075,Centro Histórico,Centro Histórico
431490205000076,431490205000076,Centro Histórico,Centro Histórico
431490205000077,431490205000077,Centro Histórico,Centro Histórico
431490205000078,431490205000078,Centro Histórico,Centro Histórico
431490205000079,431490205000079,Centro Histórico,Centro Histórico
431490205000080,431490205000080,Centro Histórico,Centro Histórico
431490205000081,431490205000081,Centro Histórico,Centro Histórico
431490205000082,431490205000082,Centro Histórico,Centro Histórico
431490205000083,431490205000083,Centro Histórico,Centro Histórico
431490205000084,431490205000084,Centro Histórico,Centro Histórico
431490205000085,431490205000085,Centro Histórico,Centro Histórico
431490205000086,431490205000086,Centro Histórico,Centro Histórico
431490205000087,431490205000087,Centro Histórico,Centro Histórico
431490205000088,431490205000088,Centro Histórico,Centro Histórico
431490205000089,431490205000089,Centro Histórico,Centro Histórico
431490205000090,431490205000090,Centro Histórico,Centro Histórico
431490205000091,431490205000091,Centro Histórico,Centro Histórico
431490205000092,431490205000092,Centro Histórico,Centro Histórico
431490205000093,431490205000093,Centro Histórico,Centro Histórico
431490205000095,431490205000095,Praia de Belas,Praia de Belas
431490205000096,431490205000096,Praia de Belas,Praia de Belas
431490205000097,431490205000097,Praia de Belas,Praia de Belas
431490205000098,431490205000098,Praia de Belas,Praia de Belas
431490205000099,431490205000099,Menino-Deus,Menino-Deus
431490205000100,431490205000100,Menino-Deus,Menino-Deus
431490205000101,431490205000101,Cidade Baixa,Cidade Baixa
431490205000102,431490205000102,Cidade Baixa,Cidade Baixa
431490205000103,431490205000103,Cidade Baixa,Cidade Baixa
431490205000104,431490205000104,Cidade Baixa,Cidade Baixa
431490205000105,431490205000105,Cidade Baixa,Cidade Baixa
431490205000106,431490205000106,Cidade Baixa,Cidade Baixa
431490205000107,431490205000107,Cidade Baixa,Cidade Baixa
431490205000108,431490205000108,Cidade Baixa,Cidade Baixa
431490205000109,431490205000109,Cidade Baixa,Cidade Baixa
431490205000110,431490205000110,Cidade Baixa,Cidade Baixa
431490205000111,431490205000111,Cidade Baixa,Cidade Baixa
431490205000112,431490205000112,Cidade Baixa,Cidade Baixa
431490205000113,431490205000113,Cidade Baixa,Cidade Baixa
431490205000114,431490205000114,Cidade Baixa,Cidade Baixa
431490205000115,431490205000115,Menino-Deus,Menino-Deus
431490205000116,431490205000116,Cidade Baixa,Cidade Baixa
431490205000117,431490205000117,Cidade Baixa,Cidade Baixa
431490205000118,431490205000118,Cidade Baixa,Cidade Baixa
431490205000119,431490205000119,Cidade Baixa,Cidade Baixa
431490205000120,431490205000120,Cidade Baixa,Cidade Baixa
431490205000121,431490205000121,Cidade Baixa,Cidade Baixa
431490205000122,431490205000122,Cidade Baixa,Cidade Baixa
431490205000123,431490205000123,Cidade Baixa,Cidade Baixa
431490205000124,431490205000124,Cidade Baixa,Cidade Baixa
431490205000125,431490205000125,Cidade Baixa,Cidade Baixa
431490205000126,431490205000126,Cidade Baixa,Cidade Baixa
431490205000127,431490205000127,Cidade Baixa,Cidade Baixa
431490205000128,431490205000128,Cidade Baixa,Cidade Baixa
431490205000129,431490205000129,Cidade Baixa,Cidade Baixa
431490205000130,431490205000130,Cidade Baixa,Cidade Baixa
431490205000131,431490205000131,Cidade Baixa,Cidade Baixa
431490205000132,431490205000132,Cidade Baixa,Cidade Baixa
431490205000133,431490205000133,Cidade Baixa,Cidade Baixa
431490205000134,431490205000134,Cidade Baixa,Cidade Baixa
431490205000135,431490205000135,Cidade Baixa,Cidade Baixa
431490205000136,431490205000136,Cidade Baixa,Cidade Baixa
431490205000137,431490205000137,Cidade Baixa,Cidade Baixa
431490205000138,431490205000138,Cidade Baixa,Cidade Baixa
431490205000139,431490205000139,Farroupilha,Farroupilha
431490205000141,431490205000141,Santana,Santana
431490205000142,431490205000142,Santana,Santana
431490205000143,431490205000143,Santana,Santana
431490205000144,431490205000144,Santana,Santana
431490205000145,431490205000145,Santana,Santana
431490205000146,431490205000146,Santana,Santana
431490205000147,431490205000147,Santana,Santana
431490205000148,431490205000148,Santana,Santana
431490205000149,431490205000149,Santana,Santana
431490205000150,431490205000150,Santana,Santana
431490205000151,431490205000151,Santana,Santana
431490205000152,431490205000152,Santana,Santana
431490205000153,431490205000153,Santana,Santana
431490205000154,431490205000154,Santana,Santana
431490205000155,431490205000155,Santana,Santana
431490205000156,431490205000156,Santana,Santana
431490205000157,431490205000157,Santana,Santana
431490205000158,431490205000158,Santana,Santana
431490205000159,431490205000159,Santana,Santana
431490205000160,431490205000160,Santana,Santana
431490205000161,431490205000161,Santana,Santana
431490205000162,431490205000162,Santana,Santana
431490205000163,431490205000163,Santana,Santana
431490205000164,431490205000164,Santana,Santana
431490205000165,431490205000165,Santana,Santana
431490205000166,431490205000166,Santana,Santana
431490205000167,431490205000167,Santana,Santana
431490205000168,431490205000168,Santana,Santana
431490205000169,431490205000169,Santana,Santana
431490205000170,431490205000170,Santana,Santana
431490205000171,431490205000171,Santana,Santana
431490205000172,431490205000172,Santana,Santana
431490205000174,431490205000174,Santana,Santana
431490205000175,431490205000175,Santana,Santana
431490205000176,431490205000176,Santana,Santana
431490205000177,431490205000177,Santana,Santana
431490205000178,431490205000178,Santana,Santana
431490205000179,431490205000179,Santana,Santana
431490205000180,431490205000180,Santana,Santana
431490205000181,431490205000181,Santana,Santana
431490205000182,431490205000182,Santana,Santana
431490205000183,431490205000183,Santana,Santana
431490205000184,431490205000184,Santa Cecília,Santa Cecília
431490205000185,431490205000185,Santa Cecília,Santa Cecília
431490205000186,431490205000186,Santa Cecília,Santa Cecília
431490205000187,431490205000187,Santa Cecília,Santa Cecília
431490205000188,431490205000188,Santa Cecília,Santa Cecília
431490205000189,431490205000189,Santa Cecília,Santa Cecília
431490205000190,431490205000190,Santa Cecília,Santa Cecília
431490205000191,431490205000191,Santa Cecília,Santa Cecília
431490205000192,431490205000192,Santa Cecília,Santa Cecília
431490205000193,431490205000193,Santa Cecília,Santa Cecília
431490205000194,431490205000194,Petrópolis,Petrópolis
431490205000195,431490205000195,Bela Vista,Bela Vista
431490205000196,431490205000196,Petrópolis,Petrópolis
431490205000197,431490205000197,Petrópolis,Petrópolis
431490205000198,431490205000198,Petrópolis,Petrópolis
431490205000199,431490205000199,Petrópolis,Petrópolis
431490205000200,431490205000200,Petrópolis,Petrópolis
431490205000202,431490205000202,Petrópolis,Petrópolis
431490205000203,431490205000203,Petrópolis,Petrópolis
431490205000204,431490205000204,Petrópolis,Petrópolis
431490205000205,431490205000205,Petrópolis,Petrópolis
431490205000206,431490205000206,Petrópolis,Petrópolis
431490205000207,431490205000207,Petrópolis,Petrópolis
431490205000209,431490205000209,Petrópolis,Petrópolis
431490205000211,431490205000211,Petrópolis,Petrópolis
431490205000212,431490205000212,Petrópolis,Petrópolis
431490205000213,431490205000213,Petrópolis,Petrópolis
431490205000214,431490205000214,Petrópolis,Petrópolis
431490205000215,431490205000215,Petrópolis,Petrópolis
431490205000216,431490205000216,Petrópolis,Petrópolis
431490205000217,431490205000217,Petrópolis,Petrópolis
431490205000218,431490205000218,Petrópolis,Petrópolis
431490205000219,431490205000219,Petrópolis,Petrópolis
431490205000220,431490205000220,Petrópolis,Petrópolis
431490205000221,431490205000221,Petrópolis,Petrópolis
431490205000222,431490205000222,Petrópolis,Petrópolis
431490205000223,431490205000223,Petrópolis,Petrópolis
431490205000224,431490205000224,Petrópolis,Petrópolis
431490205000225,431490205000225,Petrópolis,Petrópolis
431490205000226,431490205000226,Petrópolis,Petrópolis
431490205000227,431490205000227,Petrópolis,Petrópolis
431490205000228,431490205000228,Petrópolis,Petrópolis
431490205000229,431490205000229,Petrópolis,Petrópolis
431490205000230,431490205000230,Petrópolis,Petrópolis
431490205000231,431490205000231,Petrópolis,Petrópolis
431490205000232,431490205000232,Petrópolis,Petrópolis
431490205000233,431490205000233,Petrópolis,Petrópolis
431490205000234,431490205000234,Petrópolis,Petrópolis
431490205000235,431490205000235,Petrópolis,Petrópolis
431490205000236,431490205000236,Petrópolis,Petrópolis
431490205000237,431490205000237,Petrópolis,Petrópolis
431490205000238,431490205000238,Petrópolis,Petrópolis
431490205000239,431490205000239,Petrópolis,Petrópolis
431490205000240,431490205000240,Petrópolis,Petrópolis
431490205000241,431490205000241,Petrópolis,Petrópolis
431490205000242,431490205000242,Petrópolis,Petrópolis
431490205000243,431490205000243,Petrópolis,Petrópolis
431490205000244,431490205000244,Petrópolis,Petrópolis
431490205000245,431490205000245,Petrópolis,Petrópolis
431490205000246,431490205000246,Petrópolis,Petrópolis
431490205000247,431490205000247,Petrópolis,Petrópolis
431490205000248,431490205000248,Petrópolis,Petrópolis
431490205000249,431490205000249,Petrópolis,Petrópolis
431490205000250,431490205000250,Petrópolis,Petrópolis
431490205000251,431490205000251,Petrópolis,Petrópolis
431490205000252,431490205000252,Petrópolis,Petrópolis
431490205000253,431490205000253,Petrópolis,Petrópolis
431490205000255,431490205000255,Petrópolis,Petrópolis
431490205000256,431490205000256,Petrópolis,Petrópolis
431490205000257,431490205000257,Jardim Botânico,Jardim Botânico
431490205000258,431490205000258,Jardim Botânico,Jardim Botânico
431490205000259,431490205000259,Jardim Botânico,Jardim Botânico
431490205000260,431490205000260,Jardim Botânico,Jardim Botânico
431490205000261,431490205000261,Jardim Botânico,Jardim Botânico
431490205000262,431490205000262,Jardim Botânico,Jardim Botânico
431490205000263,431490205000263,Jardim Botânico,Jardim Botânico
431490205000264,431490205000264,Jardim Botânico,Jardim Botânico
431490205000265,431490205000265,Jardim Botânico,Jardim Botânico
431490205000266,431490205000266,Jardim Botânico,Jardim Botânico
431490205000267,431490205000267,Jardim Botânico,Jardim Botânico
431490205000268,431490205000268,Jardim Botânico,Jardim Botânico
431490205000269,431490205000269,Jardim Botânico,Jardim Botânico
431490205000270,431490205000270,Jardim Botânico,Jardim Botânico
431490205000271,431490205000271,Jardim Botânico,Jardim Botânico
431490205000272,431490205000272,Jardim Botânico,Jardim Botânico
431490205000273,431490205000273,Jardim Botânico,Jardim Botânico
431490205000276,431490205000276,Bom Jesus,Bom Jesus
431490205000277,431490205000277,Bom Jesus,Bom Jesus
431490205000278,431490205000278,Bom Jesus,Bom Jesus
431490205000279,431490205000279,Bom Jesus,Bom Jesus
431490205000280,431490205000280,Bom Jesus,Bom Jesus
431490205000281,431490205000281,Bom Jesus,Bom Jesus
431490205000282,431490205000282,Bom Jesus,Bom Jesus
431490205000283,431490205000283,Bom Jesus,Bom Jesus
431490205000284,431490205000284,Bom Jesus,Bom Jesus
431490205000285,431490205000285,Bom Jesus,Bom Jesus
431490205000286,431490205000286,Bom Jesus,Bom Jesus
431490205000287,431490205000287,Bom Jesus,Bom Jesus
431490205000288,431490205000288,Bom Jesus,Bom Jesus
431490205000289,431490205000289,Bom Jesus,Bom Jesus
431490205000290,431490205000290,Bom Jesus,Bom Jesus
431490205000291,431490205000291,Bom Jesus,Bom Jesus
431490205000292,431490205000292,Bom Jesus,Bom Jesus
431490205000293,431490205000293,Bom Jesus,Bom Jesus
431490205000294,431490205000294,Bom Jesus,Bom Jesus
431490205000295,431490205000295,Bom Jesus,Bom Jesus
431490205000296,431490205000296,Bom Jesus,Bom Jesus
431490205000297,431490205000297,Bom Jesus,Bom Jesus
431490205000298,431490205000298,Bom Jesus,Bom Jesus
431490205000299,431490205000299,Bom Jesus,Bom Jesus
431490205000300,431490205000300,Bom Jesus,Bom Jesus
431490205000301,431490205000301,Bom Jesus,Bom Jesus
431490205000302,431490205000302,Bom Jesus,Bom Jesus
431490205000303,431490205000303,Bom Jesus,Bom Jesus
431490205000304,431490205000304,Bom Jesus,Bom Jesus
431490205000305,431490205000305,Bom Jesus,Bom Jesus
431490205000306,431490205000306,Bom Jesus,Bom Jesus
431490205000308,431490205000308,Bom Jesus,Bom Jesus
431490205000309,431490205000309,Bom Jesus,Bom Jesus
431490205000311,431490205000311,Bom Jesus,Bom Jesus
431490205000312,431490205000312,Bom Jesus,Bom Jesus
431490205000313,431490205000313,Jardim do Salso,Jardim do Salso
431490205000314,431490205000314,Jardim do Salso,Jardim do Salso
431490205000315,431490205000315,Jardim do Salso,Jardim do Salso
431490205000316,431490205000316,Jardim do Salso,Jardim do Salso
431490205000317,431490205000317,Jardim do Salso,Jardim do Salso
431490205000318,431490205000318,Jardim do Salso,Jardim do Salso
431490205000319,431490205000319,Jardim do Salso,Jardim do Salso
431490205000320,431490205000320,Jardim do Salso,Jardim do Salso
431490205000321,431490205000321,Jardim do Salso,Jardim do Salso
431490205000324,431490205000324,Jardim Carvalho,Jardim Carvalho
431490205000325,431490205000325,Jardim Carvalho,Jardim Carvalho
431490205000326,431490205000326,Jardim Carvalho,Jardim Carvalho
431490205000327,431490205000327,Jardim Carvalho,Jardim Carvalho
431490205000328,431490205000328,Jardim Carvalho,Jardim Carvalho
431490205000329,431490205000329,Jardim Carvalho,Jardim Carvalho
431490205000331,431490205000331,Bom Jesus,Bom Jesus
431490205000333,431490205000333,Jardim Carvalho,Jardim Carvalho
431490205000334,431490205000334,Jardim Carvalho,Jardim Carvalho
431490205000335,431490205000335,Jardim Carvalho,Jardim Carvalho
431490205000336,431490205000336,Jardim Carvalho,Jardim Carvalho
431490205000337,431490205000337,Jardim Carvalho,Jardim Carvalho
431490205000338,431490205000338,Jardim Carvalho,Jardim Carvalho
431490205000339,431490205000339,Jardim Carvalho,Jardim Carvalho
431490205000340,431490205000340,Jardim Carvalho,Jardim Carvalho
431490205000343,431490205000343,Jardim Carvalho,Jardim Carvalho
431490205000344,431490205000344,Jardim Carvalho,Jardim Carvalho
431490205000345,431490205000345,Jardim Carvalho,Jardim Carvalho
431490205000346,431490205000346,Jardim Carvalho,Jardim Carvalho
431490205000347,431490205000347,Jardim Carvalho,Jardim Carvalho
431490205000348,431490205000348,Jardim Carvalho,Jardim Carvalho
431490205000349,431490205000349,Jardim Carvalho,Jardim Carvalho
431490205000350,431490205000350,Jardim Carvalho,Jardim Carvalho
431490205000354,431490205000354,Jardim Carvalho,Jardim Carvalho
431490205000355,431490205000355,Jardim Carvalho,Jardim Carvalho
431490205000356,431490205000356,Morro Santana,Morro Santana
431490205000357,431490205000357,Morro Santana,Morro Santana
431490205000358,431490205000358,Morro Santana,Morro Santana
431490205000359,431490205000359,Jardim Carvalho,Jardim Carvalho
431490205000360,431490205000360,Morro Santana,Morro Santana
431490205000362,431490205000362,Morro Santana,Morro Santana
431490205000363,431490205000363,Morro Santana,Morro Santana
431490205000365,431490205000365,Morro Santana,Morro Santana
431490205000366,431490205000366,Morro Santana,Morro Santana
431490205000367,431490205000367,Morro Santana,Morro Santana
431490205000368,431490205000368,Morro Santana,Morro Santana
431490205000369,431490205000369,Morro Santana,Morro Santana
431490205000370,431490205000370,Morro Santana,Morro Santana
431490205000371,431490205000371,Morro Santana,Morro Santana
431490205000372,431490205000372,Morro Santana,Morro Santana
431490205000373,431490205000373,Morro Santana,Morro Santana
431490205000375,431490205000375,Mário Quintana,Mário Quintana
431490205000376,431490205000376,Mário Quintana,Mário Quintana
431490205000377,431490205000377,Mário Quintana,Mário Quintana
431490205000380,431490205000380,Lomba do Pinheiro,Lomba do Pinheiro
431490205000381,431490205000381,Lomba do Pinheiro,Lomba do Pinheiro
431490205000382,431490205000382,Lomba do Pinheiro,Lomba do Pinheiro
431490205000383,431490205000383,Lomba do Pinheiro,Lomba do Pinheiro
431490205000384,431490205000384,Lomba do Pinheiro,Lomba do Pinheiro
431490205000386,431490205000386,Lomba do Pinheiro,Lomba do Pinheiro
431490205000387,431490205000387,Lomba do Pinheiro,Lomba do Pinheiro
431490205000388,431490205000388,Lomba do Pinheiro,Lomba do Pinheiro
431490205000389,431490205000389,Lomba do Pinheiro,Lomba do Pinheiro
431490205000390,431490205000390,Lomba do Pinheiro,Lomba do Pinheiro
431490205000391,431490205000391,Lomba do Pinheiro,Lomba do Pinheiro
431490205000393,431490205000393,Vila São José,Vila São José
431490205000394,431490205000394,Vila São José,Vila São José
431490205000395,431490205000395,Vila São José,Vila São José
431490205000396,431490205000396,Vila São José,Vila São José
431490205000398,431490205000398,Vila São José,Vila São José
431490205000399,431490205000399,Vila São José,Vila São José
431490205000400,431490205000400,Vila São José,Vila São José
431490205000401,431490205000401,Vila São José,Vila São José
431490205000402,431490205000402,Vila São José,Vila São José
431490205000403,431490205000403,Vila São José,Vila São José
431490205000404,431490205000404,Vila João Pessoa,Vila João Pessoa
431490205000405,431490205000405,Vila São José,Vila São José
431490205000406,431490205000406,Vila São José,Vila São José
431490205000407,431490205000407,Vila São José,Vila São José
431490205000408,431490205000408,Vila São José,Vila São José
431490205000409,431490205000409,Vila São José,Vila São José
431490205000410,431490205000410,Vila São José,Vila São José
431490205000411,431490205000411,Vila São José,Vila São José
431490205000412,431490205000412,Vila São José,Vila São José
431490205000413,431490205000413,Vila São José,Vila São José
431490205000414,431490205000414,Vila São José,Vila São José
431490205000415,431490205000415,Vila São José,Vila São José
431490205000416,431490205000416,Vila São José,Vila São José
431490205000417,431490205000417,Vila João Pessoa,Vila João Pessoa
431490205000418,431490205000418,Vila São José,Vila São José
431490205000419,431490205000419,Vila São José,Vila São José
431490205000420,431490205000420,Vila São José,Vila São José
431490205000421,431490205000421,Vila São José,Vila São José
431490205000422,431490205000422,Vila São José,Vila São José
431490205000423,431490205000423,Vila São José,Vila São José
431490205000424,431490205000424,Vila São José,Vila São José
431490205000427,431490205000427,Vila São José,Vila São José
431490205000428,431490205000428,Vila São José,Vila São José
431490205000429,431490205000429,Coronel Aparício Borges,Coronel Aparício Borges
431490205000430,431490205000430,Vila João Pessoa,Vila João Pessoa
431490205000431,431490205000431,Vila João Pessoa,Vila João Pessoa
431490205000432,431490205000432,Vila João Pessoa,Vila João Pessoa
431490205000433,431490205000433,Vila João Pessoa,Vila João Pessoa
431490205000434,431490205000434,Vila João Pessoa,Vila João Pessoa
431490205000435,431490205000435,Vila João Pessoa,Vila João Pessoa
431490205000436,431490205000436,Vila João Pessoa,Vila João Pessoa
431490205000437,431490205000437,Vila João Pessoa,Vila João Pessoa
431490205000438,431490205000438,Vila João Pessoa,Vila João Pessoa
431490205000439,431490205000439,Vila João Pessoa,Vila João Pessoa
431490205000440,431490205000440,Vila João Pessoa,Vila João Pessoa
431490205000441,431490205000441,Vila João Pessoa,Vila João Pessoa
431490205000442,431490205000442,Vila João Pessoa,Vila João Pessoa
431490205000443,431490205000443,Vila João Pessoa,Vila João Pessoa
431490205000444,431490205000444,Vila João Pessoa,Vila João Pessoa
431490205000445,431490205000445,Vila João Pessoa,Vila João Pessoa
431490205000446,431490205000446,Vila João Pessoa,Vila João Pessoa
431490205000447,431490205000447,Coronel Aparício Borges,Coronel Aparício Borges
431490205000448,431490205000448,Coronel Aparício Borges,Coronel Aparício Borges
431490205000449,431490205000449,Coronel Aparício Borges,Coronel Aparício Borges
431490205000450,431490205000450,Coronel Aparício Borges,Coronel Aparício Borges
431490205000451,431490205000451,Coronel Aparício Borges,Coronel Aparício Borges
431490205000452,431490205000452,Coronel Aparício Borges,Coronel Aparício Borges
431490205000453,431490205000453,Partenon,Partenon
431490205000454,431490205000454,Partenon,Partenon
431490205000455,431490205000455,Partenon,Partenon
431490205000456,431490205000456,Partenon,Partenon
431490205000457,431490205000457,Partenon,Partenon
431490205000459,431490205000459,Glória,Glória
431490205000460,431490205000460,Glória,Glória
431490205000461,431490205000461,Coronel Aparício Borges,Coronel Aparício Borges
431490205000462,431490205000462,Coronel Aparício Borges,Coronel Aparício Borges
431490205000463,431490205000463,Coronel Aparício Borges,Coronel Aparício Borges
431490205000465,431490205000465,Coronel Aparício Borges,Coronel Aparício Borges
431490205000466,431490205000466,Coronel Aparício Borges,Coronel Aparício Borges
431490205000468,431490205000468,Vila João Pessoa,Vila João Pessoa
431490205000469,431490205000469,Coronel Aparício Borges,Coronel Aparício Borges
431490205000471,431490205000471,Coronel Aparício Borges,Coronel Aparício Borges
431490205000472,431490205000472,Coronel Aparício Borges,Coronel Aparício Borges
431490205000473,431490205000473,Coronel Aparício Borges,Coronel Aparício Borges
431490205000474,431490205000474,Coronel Aparício Borges,Coronel Aparício Borges
431490205000475,431490205000475,Coronel Aparício Borges,Coronel Aparício Borges
431490205000476,431490205000476,Coronel Aparício Borges,Coronel Aparício Borges
431490205000479,431490205000479,Teresópolis,Teresópolis
431490205000480,431490205000480,Teresópolis,Teresópolis
431490205000481,431490205000481,Teresópolis,Teresópolis
431490205000482,431490205000482,Glória,Glória
431490205000483,431490205000483,Glória,Glória
431490205000484,431490205000484,Glória,Glória
431490205000485,431490205000485,Partenon,Partenon
431490205000486,431490205000486,Partenon,Partenon
431490205000487,431490205000487,Glória,Glória
431490205000488,431490205000488,Glória,Glória
431490205000489,431490205000489,Glória,Glória
431490205000490,431490205000490,Glória,Glória
431490205000491,431490205000491,Partenon,Partenon
431490205000492,431490205000492,Partenon,Partenon
431490205000493,431490205000493,Partenon,Partenon
431490205000494,431490205000494,Partenon,Partenon
431490205000496,431490205000496,Partenon,Partenon
431490205000497,431490205000497,Partenon,Partenon
431490205000498,431490205000498,Partenon,Partenon
431490205000499,431490205000499,Partenon,Partenon
431490205000500,431490205000500,Partenon,Partenon
431490205000501,431490205000501,Partenon,Partenon
431490205000502,431490205000502,Partenon,Partenon
431490205000503,431490205000503,Partenon,Partenon
431490205000504,431490205000504,Partenon,Partenon
431490205000505,431490205000505,Partenon,Partenon
431490205000506,431490205000506,Partenon,Partenon
431490205000507,431490205000507,Partenon,Partenon
431490205000508,431490205000508,Partenon,Partenon
431490205000509,431490205000509,Partenon,Partenon
431490205000510,431490205000510,Partenon,Partenon
431490205000512,431490205000512,Partenon,Partenon
431490205000513,431490205000513,Partenon,Partenon
431490205000514,431490205000514,Partenon,Partenon
431490205000515,431490205000515,Partenon,Partenon
431490205000516,431490205000516,Partenon,Partenon
431490205000517,431490205000517,Partenon,Partenon
431490205000518,431490205000518,Partenon,Partenon
431490205000519,431490205000519,Partenon,Partenon
431490205000520,431490205000520,Partenon,Partenon
431490205000521,431490205000521,Partenon,Partenon
431490205000522,431490205000522,Partenon,Partenon
431490205000523,431490205000523,Partenon,Partenon
431490205000524,431490205000524,Partenon,Partenon
431490205000525,431490205000525,Partenon,Partenon
431490205000526,431490205000526,Partenon,Partenon
431490205000527,431490205000527,Partenon,Partenon
431490205000528,431490205000528,Partenon,Partenon
431490205000529,431490205000529,Partenon,Partenon
431490205000530,431490205000530,Partenon,Partenon
431490205000531,431490205000531,Partenon,Partenon
431490205000532,431490205000532,Partenon,Partenon
431490205000533,431490205000533,Partenon,Partenon
431490205000534,431490205000534,Partenon,Partenon
431490205000536,431490205000536,Partenon,Partenon
431490205000537,431490205000537,Partenon,Partenon
431490205000538,431490205000538,Partenon,Partenon
431490205000539,431490205000539,Partenon,Partenon
431490205000542,431490205000542,Partenon,Partenon
431490205000543,431490205000543,Partenon,Partenon
431490205000544,431490205000544,Partenon,Partenon
431490205000545,431490205000545,Partenon,Partenon
431490205000546,431490205000546,Partenon,Partenon
431490205000548,431490205000548,Partenon,Partenon
431490205000549,431490205000549,Partenon,Partenon
431490205000550,431490205000550,Partenon,Partenon
431490205000551,431490205000551,Partenon,Partenon
431490205000552,431490205000552,Partenon,Partenon
431490205000553,431490205000553,Partenon,Partenon
431490205000554,431490205000554,Partenon,Partenon
431490205000555,431490205000555,Partenon,Partenon
431490205000556,431490205000556,Partenon,Partenon
431490205000557,431490205000557,Partenon,Partenon
431490205000558,431490205000558,Partenon,Partenon
431490205000559,431490205000559,Partenon,Partenon
431490205000561,431490205000561,Partenon,Partenon
431490205000562,431490205000562,Partenon,Partenon
431490205000563,431490205000563,Partenon,Partenon
431490205000565,431490205000565,Agronomia,Agronomia
431490205000566,431490205000566,Agronomia,Agronomia
431490205000567,431490205000567,Santo Antônio,Santo Antônio
431490205000568,431490205000568,Santo Antônio,Santo Antônio
431490205000569,431490205000569,Santo Antônio,Santo Antônio
431490205000570,431490205000570,Santo Antônio,Santo Antônio
431490205000571,431490205000571,Santo Antônio,Santo Antônio
431490205000572,431490205000572,Santo Antônio,Santo Antônio
431490205000573,431490205000573,Santo Antônio,Santo Antônio
431490205000574,431490205000574,Santo Antônio,Santo Antônio
431490205000575,431490205000575,Santo Antônio,Santo Antônio
431490205000576,431490205000576,Santo Antônio,Santo Antônio
431490205000577,431490205000577,Santo Antônio,Santo Antônio
431490205000578,431490205000578,Santo Antônio,Santo Antônio
431490205000579,431490205000579,Santo Antônio,Santo Antônio
431490205000580,431490205000580,Santo Antônio,Santo Antônio
431490205000581,431490205000581,Santo Antônio,Santo Antônio
431490205000582,431490205000582,Santo Antônio,Santo Antônio
431490205000583,431490205000583,Santo Antônio,Santo Antônio
431490205000584,431490205000584,Santo Antônio,Santo Antônio
431490205000585,431490205000585,Santo Antônio,Santo Antônio
431490205000586,431490205000586,Santo Antônio,Santo Antônio
431490205000587,431490205000587,Santo Antônio,Santo Antônio
431490205000588,431490205000588,Santo Antônio,Santo Antônio
431490205000589,431490205000589,Santo Antônio,Santo Antônio
431490205000590,431490205000590,Santo Antônio,Santo Antônio
431490205000591,431490205000591,Santo Antônio,Santo Antônio
431490205000592,431490205000592,Azenha,Azenha
431490205000593,431490205000593,Azenha,Azenha
431490205000594,431490205000594,Azenha,Azenha
431490205000595,431490205000595,Azenha,Azenha
431490205000596,431490205000596,Azenha,Azenha
431490205000597,431490205000597,Azenha,Azenha
431490205000598,431490205000598,Azenha,Azenha
431490205000600,431490205000600,Azenha,Azenha
431490205000601,431490205000601,Azenha,Azenha
431490205000602,431490205000602,Azenha,Azenha
431490205000605,431490205000605,Azenha,Azenha
431490205000606,431490205000606,Azenha,Azenha
431490205000607,431490205000607,Azenha,Azenha
431490205000608,431490205000608,Azenha,Azenha
431490205000610,431490205000610,Azenha,Azenha
431490205000611,431490205000611,Azenha,Azenha
431490205000614,431490205000614,Azenha,Azenha
431490205000615,431490205000615,Azenha,Azenha
431490205000616,431490205000616,Azenha,Azenha
431490205000617,431490205000617,Azenha,Azenha
431490205000618,431490205000618,Azenha,Azenha
431490205000620,431490205000620,Menino-Deus,Menino-Deus
431490205000621,431490205000621,Menino-Deus,Menino-Deus
431490205000622,431490205000622,Menino-Deus,Menino-Deus
431490205000623,431490205000623,Menino-Deus,Menino-Deus
431490205000624,431490205000624,Menino-Deus,Menino-Deus
431490205000625,431490205000625,Menino-Deus,Menino-Deus
431490205000626,431490205000626,Menino-Deus,Menino-Deus
431490205000627,431490205000627,Menino-Deus,Menino-Deus
431490205000628,431490205000628,Menino-Deus,Menino-Deus
431490205000629,431490205000629,Menino-Deus,Menino-Deus
431490205000630,431490205000630,Menino-Deus,Menino-Deus
431490205000631,431490205000631,Menino-Deus,Menino-Deus
431490205000632,431490205000632,Menino-Deus,Menino-Deus
431490205000633,431490205000633,Menino-Deus,Menino-Deus
431490205000634,431490205000634,Menino-Deus,Menino-Deus
431490205000635,431490205000635,Menino-Deus,Menino-Deus
431490205000636,431490205000636,Menino-Deus,Menino-Deus
431490205000637,431490205000637,Menino-Deus,Menino-Deus
431490205000638,431490205000638,Menino-Deus,Menino-Deus
431490205000639,431490205000639,Menino-Deus,Menino-Deus
431490205000640,431490205000640,Menino-Deus,Menino-Deus
431490205000641,431490205000641,Menino-Deus,Menino-Deus
431490205000642,431490205000642,Menino-Deus,Menino-Deus
431490205000643,431490205000643,Menino-Deus,Menino-Deus
431490205000644,431490205000644,Menino-Deus,Menino-Deus
431490205000645,431490205000645,Menino-Deus,Menino-Deus
431490205000646,431490205000646,Menino-Deus,Menino-Deus
431490205000647,431490205000647,Menino-Deus,Menino-Deus
431490205000648,431490205000648,Menino-Deus,Menino-Deus
431490205000649,431490205000649,Menino-Deus,Menino-Deus
431490205000650,431490205000650,Menino-Deus,Menino-Deus
431490205000651,431490205000651,Menino-Deus,Menino-Deus
431490205000652,431490205000652,Menino-Deus,Menino-Deus
431490205000653,431490205000653,Menino-Deus,Menino-Deus
431490205000654,431490205000654,Menino-Deus,Menino-Deus
431490205000655,431490205000655,Menino-Deus,Menino-Deus
431490205000656,431490205000656,Menino-Deus,Menino-Deus
431490205000657,431490205000657,Menino-Deus,Menino-Deus
431490205000658,431490205000658,Menino-Deus,Menino-Deus
431490205000659,431490205000659,Menino-Deus,Menino-Deus
431490205000660,431490205000660,Menino-Deus,Menino-Deus
431490205000661,431490205000661,Menino-Deus,Menino-Deus
431490205000662,431490205000662,Menino-Deus,Menino-Deus
431490205000663,431490205000663,Menino-Deus,Menino-Deus
431490205000664,431490205000664,Menino-Deus,Menino-Deus
431490205000665,431490205000665,Menino-Deus,Menino-Deus
431490205000666,431490205000666,Menino-Deus,Menino-Deus
431490205000668,431490205000668,Menino-Deus,Menino-Deus
431490205000669,431490205000669,Menino-Deus,Menino-Deus
431490205000670,431490205000670,Menino-Deus,Menino-Deus
431490205000671,431490205000671,Menino-Deus,Menino-Deus
431490205000672,431490205000672,Menino-Deus,Menino-Deus
431490205000673,431490205000673,Menino-Deus,Menino-Deus
431490205000674,431490205000674,Medianeira,Medianeira
431490205000675,431490205000675,Medianeira,Medianeira
431490205000676,431490205000676,Medianeira,Medianeira
431490205000677,431490205000677,Medianeira,Medianeira
431490205000678,431490205000678,Medianeira,Medianeira
431490205000679,431490205000679,Azenha,Azenha
431490205000680,431490205000680,Medianeira,Medianeira
431490205000681,431490205000681,Medianeira,Medianeira
431490205000682,431490205000682,Medianeira,Medianeira
431490205000683,431490205000683,Medianeira,Medianeira
431490205000684,431490205000684,Medianeira,Medianeira
431490205000685,431490205000685,Medianeira,Medianeira
431490205000686,431490205000686,Medianeira,Medianeira
431490205000687,431490205000687,Medianeira,Medianeira
431490205000688,431490205000688,Medianeira,Medianeira
431490205000689,431490205000689,Medianeira,Medianeira
431490205000690,431490205000690,Medianeira,Medianeira
431490205000691,431490205000691,Medianeira,Medianeira
431490205000692,431490205000692,Medianeira,Medianeira
431490205000693,431490205000693,Santa Tereza,Santa Tereza
431490205000694,431490205000694,Santa Tereza,Santa Tereza
431490205000695,431490205000695,Santa Tereza,Santa Tereza
431490205000696,431490205000696,Santa Tereza,Santa Tereza
431490205000697,431490205000697,Santa Tereza,Santa Tereza
431490205000698,431490205000698,Santa Tereza,Santa Tereza
431490205000699,431490205000699,Santa Tereza,Santa Tereza
431490205000700,431490205000700,Santa Tereza,Santa Tereza
431490205000701,431490205000701,Santa Tereza,Santa Tereza
431490205000702,431490205000702,Santa Tereza,Santa Tereza
431490205000703,431490205000703,Santa Tereza,Santa Tereza
431490205000704,431490205000704,Santa Tereza,Santa Tereza
431490205000705,431490205000705,Santa Tereza,Santa Tereza
431490205000706,431490205000706,Santa Tereza,Santa Tereza
431490205000707,431490205000707,Santa Tereza,Santa Tereza
431490205000708,431490205000708,Santa Tereza,Santa Tereza
431490205000709,431490205000709,Santa Tereza,Santa Tereza
431490205000711,431490205000711,Santa Tereza,Santa Tereza
431490205000712,431490205000712,Santa Tereza,Santa Tereza
431490205000713,431490205000713,Santa Tereza,Santa Tereza
431490205000714,431490205000714,Santa Tereza,Santa Tereza
431490205000715,431490205000715,Santa Tereza,Santa Tereza
431490205000717,431490205000717,Santa Tereza,Santa Tereza
431490205000718,431490205000718,Santa Tereza,Santa Tereza
431490205000719,431490205000719,Santa Tereza,Santa Tereza
431490205000720,431490205000720,Santa Tereza,Santa Tereza
431490205000721,431490205000721,Santa Tereza,Santa Tereza
431490205000722,431490205000722,Santa Tereza,Santa Tereza
431490205000723,431490205000723,Santa Tereza,Santa Tereza
431490205000724,431490205000724,Santa Tereza,Santa Tereza
431490205000725,431490205000725,Santa Tereza,Santa Tereza
431490205000726,431490205000726,Santa Tereza,Santa Tereza
431490205000727,431490205000727,Santa Tereza,Santa Tereza
431490205000728,431490205000728,Santa Tereza,Santa Tereza
431490205000729,431490205000729,Santa Tereza,Santa Tereza
431490205000730,431490205000730,Santa Tereza,Santa Tereza
431490205000731,431490205000731,Santa Tereza,Santa Tereza
431490205000732,431490205000732,Santa Tereza,Santa Tereza
431490205000733,431490205000733,Santa Tereza,Santa Tereza
431490205000734,431490205000734,Santa Tereza,Santa Tereza
431490205000735,431490205000735,Santa Tereza,Santa Tereza
431490205000736,431490205000736,Santa Tereza,Santa Tereza
431490205000738,431490205000738,Santa Tereza,Santa Tereza
431490205000739,431490205000739,Santa Tereza,Santa Tereza
431490205000740,431490205000740,Santa Tereza,Santa Tereza
431490205000742,431490205000742,Santa Tereza,Santa Tereza
431490205000743,431490205000743,Santa Tereza,Santa Tereza
431490205000744,431490205000744,Santa Tereza,Santa Tereza
431490205000746,431490205000746,Cristal,Cristal
431490205000748,431490205000748,Santa Tereza,Santa Tereza
431490205000749,431490205000749,Cristal,Cristal
431490205000750,431490205000750,Cristal,Cristal
431490205000751,431490205000751,Cristal,Cristal
431490205000752,431490205000752,Cristal,Cristal
431490205000753,431490205000753,Cristal,Cristal
431490205000754,431490205000754,Cristal,Cristal
431490205000755,431490205000755,Cristal,Cristal
431490205000756,431490205000756,Cristal,Cristal
431490205000757,431490205000757,Cristal,Cristal
431490205000759,431490205000759,Cristal,Cristal
431490205000761,431490205000761,Cristal,Cristal
431490205000762,431490205000762,Cristal,Cristal
431490205000763,431490205000763,Cristal,Cristal
431490205000765,431490205000765,Cristal,Cristal
431490205000766,431490205000766,Cristal,Cristal
431490205000767,431490205000767,Cristal,Cristal
431490205000768,431490205000768,Cristal,Cristal
431490205000769,431490205000769,Cristal,Cristal
431490205000770,431490205000770,Cristal,Cristal
431490205000771,431490205000771,Cristal,Cristal
431490205000772,431490205000772,Cristal,Cristal
431490205000774,431490205000774,Cristal,Cristal
431490205000775,431490205000775,Cristal,Cristal
431490205000776,431490205000776,Cristal,Cristal
431490205000777,431490205000777,Cristal,Cristal
431490205000778,431490205000778,Cristal,Cristal
431490205000779,431490205000779,Cristal,Cristal
431490205000780,431490205000780,Cristal,Cristal
431490205000781,431490205000781,Cristal,Cristal
431490205000782,431490205000782,Tristeza,Tristeza
431490205000783,431490205000783,Tristeza,Tristeza
431490205000784,431490205000784,Cristal,Cristal
431490205000785,431490205000785,Cristal,Cristal
431490205000786,431490205000786,Cristal,Cristal
431490205000788,431490205000788,Cristal,Cristal
431490205000789,431490205000789,Cristal,Cristal
431490205000790,431490205000790,Cristal,Cristal
431490205000791,431490205000791,Cristal,Cristal
431490205000792,431490205000792,Cristal,Cristal
431490205000793,431490205000793,Nonoai,Nonoai
431490205000794,431490205000794,Nonoai,Nonoai
431490205000795,431490205000795,Nonoai,Nonoai
431490205000796,431490205000796,Nonoai,Nonoai
431490205000797,431490205000797,Nonoai,Nonoai
431490205000798,431490205000798,Nonoai,Nonoai
431490205000799,431490205000799,Nonoai,Nonoai
431490205000800,431490205000800,Nonoai,Nonoai
431490205000801,431490205000801,Nonoai,Nonoai
431490205000802,431490205000802,Nonoai,Nonoai
431490205000803,431490205000803,Nonoai,Nonoai
431490205000805,431490205000805,Nonoai,Nonoai
431490205000806,431490205000806,Nonoai,Nonoai
431490205000807,431490205000807,Nonoai,Nonoai
431490205000808,431490205000808,Nonoai,Nonoai
431490205000809,431490205000809,Nonoai,Nonoai
431490205000810,431490205000810,Nonoai,Nonoai
431490205000811,431490205000811,Nonoai,Nonoai
431490205000812,431490205000812,Nonoai,Nonoai
431490205000813,431490205000813,Cristal,Cristal
431490205000814,431490205000814,Cristal,Cristal
431490205000815,431490205000815,Cristal,Cristal
431490205000816,431490205000816,Nonoai,Nonoai
431490205000818,431490205000818,Nonoai,Nonoai
431490205000819,431490205000819,Nonoai,Nonoai
431490205000820,431490205000820,Nonoai,Nonoai
431490205000821,431490205000821,Nonoai,Nonoai
431490205000822,431490205000822,Nonoai,Nonoai
431490205000823,431490205000823,Nonoai,Nonoai
431490205000824,431490205000824,Nonoai,Nonoai
431490205000825,431490205000825,Nonoai,Nonoai
431490205000827,431490205000827,Nonoai,Nonoai
431490205000828,431490205000828,Nonoai,Nonoai
431490205000829,431490205000829,Nonoai,Nonoai
431490205000830,431490205000830,Nonoai,Nonoai
431490205000831,431490205000831,Nonoai,Nonoai
431490205000832,431490205000832,Nonoai,Nonoai
431490205000833,431490205000833,Nonoai,Nonoai
431490205000834,431490205000834,Nonoai,Nonoai
431490205000835,431490205000835,Nonoai,Nonoai
431490205000836,431490205000836,Nonoai,Nonoai
431490205000837,431490205000837,Nonoai,Nonoai
431490205000838,431490205000838,Nonoai,Nonoai
431490205000839,431490205000839,Nonoai,Nonoai
431490205000840,431490205000840,Nonoai,Nonoai
431490205000841,431490205000841,Teresópolis,Teresópolis
431490205000842,431490205000842,Teresópolis,Teresópolis
431490205000843,431490205000843,Teresópolis,Teresópolis
431490205000844,431490205000844,Teresópolis,Teresópolis
431490205000845,431490205000845,Teresópolis,Teresópolis
431490205000846,431490205000846,Teresópolis,Teresópolis
431490205000847,431490205000847,Teresópolis,Teresópolis
431490205000848,431490205000848,Teresópolis,Teresópolis
431490205000850,431490205000850,Teresópolis,Teresópolis
431490205000851,431490205000851,Teresópolis,Teresópolis
431490205000852,431490205000852,Teresópolis,Teresópolis
431490205000854,431490205000854,Teresópolis,Teresópolis
431490205000856,431490205000856,Teresópolis,Teresópolis
431490205000857,431490205000857,Teresópolis,Teresópolis
431490205000859,431490205000859,Teresópolis,Teresópolis
431490205000860,431490205000860,Cascata,Cascata
431490205000861,431490205000861,Glória,Glória
431490205000862,431490205000862,Glória,Glória
431490205000863,431490205000863,Glória,Glória
431490205000864,431490205000864,Glória,Glória
431490205000865,431490205000865,Glória,Glória
431490205000866,431490205000866,Glória,Glória
431490205000867,431490205000867,Glória,Glória
431490205000868,431490205000868,Glória,Glória
431490205000869,431490205000869,Glória,Glória
431490205000870,431490205000870,Glória,Glória
431490205000871,431490205000871,Glória,Glória
431490205000872,431490205000872,Glória,Glória
431490205000873,431490205000873,Glória,Glória
431490205000874,431490205000874,Glória,Glória
431490205000877,431490205000877,Cascata,Cascata
431490205000883,431490205000883,Cascata,Cascata
431490205000884,431490205000884,Cascata,Cascata
431490205000885,431490205000885,Cascata,Cascata
431490205000886,431490205000886,Cascata,Cascata
431490205000888,431490205000888,Coronel Aparício Borges,Coronel Aparício Borges
431490205000889,431490205000889,Cascata,Cascata
431490205000890,431490205000890,Lomba do Pinheiro,Lomba do Pinheiro
431490205000891,431490205000891,Lomba do Pinheiro,Lomba do Pinheiro
431490205000892,431490205000892,Lomba do Pinheiro,Lomba do Pinheiro
431490205000893,431490205000893,Lomba do Pinheiro,Lomba do Pinheiro
431490205000894,431490205000894,Lomba do Pinheiro,Lomba do Pinheiro
431490205000895,431490205000895,Lomba do Pinheiro,Lomba do Pinheiro
431490205000897,431490205000897,Lomba do Pinheiro,Lomba do Pinheiro
431490205000898,431490205000898,Lomba do Pinheiro,Lomba do Pinheiro
431490205000899,431490205000899,Lomba do Pinheiro,Lomba do Pinheiro
431490205000900,431490205000900,Lomba do Pinheiro,Lomba do Pinheiro
431490205000901,431490205000901,Lomba do Pinheiro,Lomba do Pinheiro
431490205000902,431490205000902,Lomba do Pinheiro,Lomba do Pinheiro
431490205000907,431490205000907,Lomba do Pinheiro,Lomba do Pinheiro
431490205000908,431490205000908,Lomba do Pinheiro,Lomba do Pinheiro
431490205000909,431490205000909,Lomba do Pinheiro,Lomba do Pinheiro
431490205000910,431490205000910,Lomba do Pinheiro,Lomba do Pinheiro
431490205000911,431490205000911,Lomba do Pinheiro,Lomba do Pinheiro
431490205000912,431490205000912,Lomba do Pinheiro,Lomba do Pinheiro
431490205000913,431490205000913,Lomba do Pinheiro,Lomba do Pinheiro
431490205000914,431490205000914,Lomba do Pinheiro,Lomba do Pinheiro
431490205000915,431490205000915,Lomba do Pinheiro,Lomba do Pinheiro
431490205000916,431490205000916,Lomba do Pinheiro,Lomba do Pinheiro
431490205000917,431490205000917,Lomba do Pinheiro,Lomba do Pinheiro
431490205000918,431490205000918,Lomba do Pinheiro,Lomba do Pinheiro
431490205000919,431490205000919,Lomba do Pinheiro,Lomba do Pinheiro
431490205000920,431490205000920,Lomba do Pinheiro,Lomba do Pinheiro
431490205000921,431490205000921,Lomba do Pinheiro,Lomba do Pinheiro
431490205000924,431490205000924,Lomba do Pinheiro,Lomba do Pinheiro
431490205000925,431490205000925,Lomba do Pinheiro,Lomba do Pinheiro
431490205000926,431490205000926,Lomba do Pinheiro,Lomba do Pinheiro
431490205000927,431490205000927,Lomba do Pinheiro,Lomba do Pinheiro
431490205000928,431490205000928,Lomba do Pinheiro,Lomba do Pinheiro
431490205000929,431490205000929,Lomba do Pinheiro,Lomba do Pinheiro
431490205000930,431490205000930,Lomba do Pinheiro,Lomba do Pinheiro
431490205000931,431490205000931,Lomba do Pinheiro,Lomba do Pinheiro
431490205000932,431490205000932,Lomba do Pinheiro,Lomba do Pinheiro
431490205000933,431490205000933,Lomba do Pinheiro,Lomba do Pinheiro
431490205000934,431490205000934,Lomba do Pinheiro,Lomba do Pinheiro
431490205000935,431490205000935,Lomba do Pinheiro,Lomba do Pinheiro
431490205000937,431490205000937,Lomba do Pinheiro,Lomba do Pinheiro
431490205000938,431490205000938,Lomba do Pinheiro,Lomba do Pinheiro
431490205000940,431490205000940,Lomba do Pinheiro,Lomba do Pinheiro
431490205000941,431490205000941,Restinga,Restinga
431490205000944,431490205000944,Restinga,Restinga
431490205000945,431490205000945,Restinga,Restinga
431490205000946,431490205000946,Restinga,Restinga
431490205000947,431490205000947,Restinga,Restinga
431490205000948,431490205000948,Restinga,Restinga
431490205000949,431490205000949,Restinga,Restinga
431490205000950,431490205000950,Restinga,Restinga
431490205000951,431490205000951,Restinga,Restinga
431490205000952,431490205000952,Restinga,Restinga
431490205000953,431490205000953,Restinga,Restinga
431490205000954,431490205000954,Restinga,Restinga
431490205000955,431490205000955,Restinga,Restinga
431490205000956,431490205000956,Restinga,Restinga
431490205000957,431490205000957,Restinga,Restinga
431490205000958,431490205000958,Restinga,Restinga
431490205000959,431490205000959,Restinga,Restinga
431490205000960,431490205000960,Restinga,Restinga
431490205000961,431490205000961,Restinga,Restinga
431490205000962,431490205000962,Restinga,Restinga
431490205000963,431490205000963,Restinga,Restinga
431490205000964,431490205000964,Restinga,Restinga
431490205000965,431490205000965,Restinga,Restinga
431490205000966,431490205000966,Restinga,Restinga
431490205000967,431490205000967,Restinga,Restinga
431490205000968,431490205000968,Restinga,Restinga
431490205000969,431490205000969,Restinga,Restinga
431490205000971,431490205000971,Restinga,Restinga
431490205000972,431490205000972,Restinga,Restinga
431490205000973,431490205000973,Restinga,Restinga
431490205000974,431490205000974,Restinga,Restinga
431490205000975,431490205000975,Restinga,Restinga
431490205000976,431490205000976,Restinga,Restinga
431490205000977,431490205000977,Restinga,Restinga
431490205000978,431490205000978,Restinga,Restinga
431490205000979,431490205000979,Restinga,Restinga
431490205000980,431490205000980,Restinga,Restinga
431490205000982,431490205000982,Restinga,Restinga
431490205000983,431490205000983,Restinga,Restinga
431490205000984,431490205000984,Restinga,Restinga
431490205000985,431490205000985,Restinga,Restinga
431490205000986,431490205000986,Restinga,Restinga
431490205000987,431490205000987,Restinga,Restinga
431490205000988,431490205000988,Restinga,Restinga
431490205000989,431490205000989,Restinga,Restinga
431490205000990,431490205000990,Restinga,Restinga
431490205000991,431490205000991,Restinga,Restinga
431490205000992,431490205000992,Restinga,Restinga
431490205000995,431490205000995,Belém Velho,Belém Velho
431490205000996,431490205000996,Belém Velho,Belém Velho
431490205000997,431490205000997,Belém Velho,Belém Velho
431490205000998,431490205000998,Belém Velho,Belém Velho
431490205000999,431490205000999,Vila Nova,Vila Nova
431490205001000,431490205001000,Vila Nova,Vila Nova
431490205001001,431490205001001,Vila Nova,Vila Nova
431490205001003,431490205001003,Vila Nova,Vila Nova
431490205001004,431490205001004,Vila Nova,Vila Nova
431490205001005,431490205001005,Vila Nova,Vila Nova
431490205001006,431490205001006,Vila Nova,Vila Nova
431490205001007,431490205001007,Vila Nova,Vila Nova
431490205001009,431490205001009,Vila Nova,Vila Nova
431490205001010,431490205001010,Vila Nova,Vila Nova
431490205001011,431490205001011,Vila Nova,Vila Nova
431490205001012,431490205001012,Vila Nova,Vila Nova
431490205001013,431490205001013,Vila Nova,Vila Nova
431490205001014,431490205001014,Vila Nova,Vila Nova
431490205001015,431490205001015,Vila Nova,Vila Nova
431490205001016,431490205001016,Vila Nova,Vila Nova
431490205001017,431490205001017,Vila Nova,Vila Nova
431490205001018,431490205001018,Vila Nova,Vila Nova
431490205001019,431490205001019,Vila Nova,Vila Nova
431490205001020,431490205001020,Vila Nova,Vila Nova
431490205001021,431490205001021,Cavalhada,Cavalhada
431490205001022,431490205001022,Cavalhada,Cavalhada
431490205001023,431490205001023,Cavalhada,Cavalhada
431490205001024,431490205001024,Cavalhada,Cavalhada
431490205001025,431490205001025,Cavalhada,Cavalhada
431490205001027,431490205001027,Vila Nova,Vila Nova
431490205001028,431490205001028,Vila Nova,Vila Nova
431490205001029,431490205001029,Vila Nova,Vila Nova
431490205001030,431490205001030,Vila Nova,Vila Nova
431490205001031,431490205001031,Vila Nova,Vila Nova
431490205001032,431490205001032,Vila Nova,Vila Nova
431490205001033,431490205001033,Vila Nova,Vila Nova
431490205001034,431490205001034,Vila Nova,Vila Nova
431490205001035,431490205001035,Campo Novo,Campo Novo
431490205001036,431490205001036,Campo Novo,Campo Novo
431490205001037,431490205001037,Campo Novo,Campo Novo
431490205001038,431490205001038,Cristal,Cristal
431490205001039,431490205001039,Cristal,Cristal
431490205001040,431490205001040,Cristal,Cristal
431490205001041,431490205001041,Cavalhada,Cavalhada
431490205001042,431490205001042,Cavalhada,Cavalhada
431490205001043,431490205001043,Cavalhada,Cavalhada
431490205001044,431490205001044,Cavalhada,Cavalhada
431490205001045,431490205001045,Cavalhada,Cavalhada
431490205001046,431490205001046,Cavalhada,Cavalhada
431490205001047,431490205001047,Cavalhada,Cavalhada
431490205001048,431490205001048,Cavalhada,Cavalhada
431490205001049,431490205001049,Cavalhada,Cavalhada
431490205001050,431490205001050,Cavalhada,Cavalhada
431490205001051,431490205001051,Cavalhada,Cavalhada
431490205001052,431490205001052,Cavalhada,Cavalhada
431490205001053,431490205001053,Cavalhada,Cavalhada
431490205001054,431490205001054,Cavalhada,Cavalhada
431490205001055,431490205001055,Cavalhada,Cavalhada
431490205001056,431490205001056,Cavalhada,Cavalhada
431490205001057,431490205001057,Cavalhada,Cavalhada
431490205001058,431490205001058,Cavalhada,Cavalhada
431490205001059,431490205001059,Cavalhada,Cavalhada
431490205001060,431490205001060,Cavalhada,Cavalhada
431490205001061,431490205001061,Cavalhada,Cavalhada
431490205001062,431490205001062,Cavalhada,Cavalhada
431490205001063,431490205001063,Cavalhada,Cavalhada
431490205001064,431490205001064,Cavalhada,Cavalhada
431490205001065,431490205001065,Cavalhada,Cavalhada
431490205001067,431490205001067,Cavalhada,Cavalhada
431490205001068,431490205001068,Cristal,Cristal
431490205001069,431490205001069,Cristal,Cristal
431490205001070,431490205001070,Cristal,Cristal
431490205001071,431490205001071,Cristal,Cristal
431490205001073,431490205001073,Camaquã,Camaquã
431490205001074,431490205001074,Camaquã,Camaquã
431490205001075,431490205001075,Camaquã,Camaquã
431490205001076,431490205001076,Camaquã,Camaquã
431490205001078,431490205001078,Camaquã,Camaquã
431490205001081,431490205001081,Camaquã,Camaquã
431490205001082,431490205001082,Camaquã,Camaquã
431490205001083,431490205001083,Camaquã,Camaquã
431490205001084,431490205001084,Camaquã,Camaquã
431490205001085,431490205001085,Camaquã,Camaquã
431490205001086,431490205001086,Camaquã,Camaquã
431490205001087,431490205001087,Camaquã,Camaquã
431490205001088,431490205001088,Camaquã,Camaquã
431490205001089,431490205001089,Camaquã,Camaquã
431490205001090,431490205001090,Camaquã,Camaquã
431490205001091,431490205001091,Camaquã,Camaquã
431490205001092,431490205001092,Camaquã,Camaquã
431490205001093,431490205001093,Camaquã,Camaquã
431490205001094,431490205001094,Camaquã,Camaquã
431490205001095,431490205001095,Camaquã,Camaquã
431490205001096,431490205001096,Camaquã,Camaquã
431490205001097,431490205001097,Vila Assunção,Vila Assunção
431490205001098,431490205001098,Vila Assunção,Vila Assunção
431490205001099,431490205001099,Vila Assunção,Vila Assunção
431490205001100,431490205001100,Vila Assunção,Vila Assunção
431490205001101,431490205001101,Vila Assunção,Vila Assunção
431490205001102,431490205001102,Vila Assunção,Vila Assunção
431490205001103,431490205001103,Vila Assunção,Vila Assunção
431490205001104,431490205001104,Vila Assunção,Vila Assunção
431490205001105,431490205001105,Tristeza,Tristeza
431490205001106,431490205001106,Tristeza,Tristeza
431490205001107,431490205001107,Tristeza,Tristeza
431490205001108,431490205001108,Tristeza,Tristeza
431490205001109,431490205001109,Tristeza,Tristeza
431490205001110,431490205001110,Tristeza,Tristeza
431490205001111,431490205001111,Tristeza,Tristeza
431490205001112,431490205001112,Tristeza,Tristeza
431490205001113,431490205001113,Tristeza,Tristeza
431490205001114,431490205001114,Tristeza,Tristeza
431490205001115,431490205001115,Tristeza,Tristeza
431490205001116,431490205001116,Tristeza,Tristeza
431490205001117,431490205001117,Tristeza,Tristeza
431490205001118,431490205001118,Tristeza,Tristeza
431490205001119,431490205001119,Tristeza,Tristeza
431490205001120,431490205001120,Tristeza,Tristeza
431490205001121,431490205001121,Tristeza,Tristeza
431490205001123,431490205001123,Tristeza,Tristeza
431490205001124,431490205001124,Tristeza,Tristeza
431490205001125,431490205001125,Tristeza,Tristeza
431490205001126,431490205001126,Tristeza,Tristeza
431490205001127,431490205001127,Tristeza,Tristeza
431490205001128,431490205001128,Tristeza,Tristeza
431490205001129,431490205001129,Vila Conceição,Vila Conceição
431490205001130,431490205001130,Vila Conceição,Vila Conceição
431490205001131,431490205001131,Vila Conceição,Vila Conceição
431490205001132,431490205001132,Pedra Redonda,Pedra Redonda
431490205001136,431490205001136,Cavalhada,Cavalhada
431490205001137,431490205001137,Cavalhada,Cavalhada
431490205001138,431490205001138,Cavalhada,Cavalhada
431490205001139,431490205001139,Cavalhada,Cavalhada
431490205001142,431490205001142,Ipanema,Ipanema
431490205001143,431490205001143,Ipanema,Ipanema
431490205001144,431490205001144,Jardim Isabel,Jardim Isabel
431490205001145,431490205001145,Jardim Isabel,Jardim Isabel
431490205001146,431490205001146,Ipanema,Ipanema
431490205001147,431490205001147,Ipanema,Ipanema
431490205001148,431490205001148,Ipanema,Ipanema
431490205001149,431490205001149,Ipanema,Ipanema
431490205001150,431490205001150,Ipanema,Ipanema
431490205001151,431490205001151,Ipanema,Ipanema
431490205001152,431490205001152,Cavalhada,Cavalhada
431490205001153,431490205001153,Ipanema,Ipanema
431490205001155,431490205001155,Ipanema,Ipanema
431490205001156,431490205001156,Ipanema,Ipanema
431490205001157,431490205001157,Ipanema,Ipanema
431490205001159,431490205001159,Espírito Santo,Espírito Santo
431490205001160,431490205001160,Espírito Santo,Espírito Santo
431490205001161,431490205001161,Espírito Santo,Espírito Santo
431490205001162,431490205001162,Espírito Santo,Espírito Santo
431490205001163,431490205001163,Espírito Santo,Espírito Santo
431490205001164,431490205001164,Espírito Santo,Espírito Santo
431490205001165,431490205001165,Espírito Santo,Espírito Santo
431490205001166,431490205001166,Espírito Santo,Espírito Santo
431490205001167,431490205001167,Guarujá,Guarujá
431490205001168,431490205001168,Guarujá,Guarujá
431490205001169,431490205001169,Guarujá,Guarujá
431490205001170,431490205001170,Guarujá,Guarujá
431490205001171,431490205001171,Serraria,Serraria
431490205001172,431490205001172,Serraria,Serraria
431490205001173,431490205001173,Serraria,Serraria
431490205001174,431490205001174,Serraria,Serraria
431490205001175,431490205001175,Serraria,Serraria
431490205001176,431490205001176,Serraria,Serraria
431490205001177,431490205001177,Serraria,Serraria
431490205001180,431490205001180,Guarujá,Guarujá
431490205001181,431490205001181,Aberta dos Morros,Aberta dos Morros
431490205001182,431490205001182,Aberta dos Morros,Aberta dos Morros
431490205001183,431490205001183,Aberta dos Morros,Aberta dos Morros
431490205001184,431490205001184,Aberta dos Morros,Aberta dos Morros
431490205001185,431490205001185,Aberta dos Morros,Aberta dos Morros
431490205001186,431490205001186,Aberta dos Morros,Aberta dos Morros
431490205001187,431490205001187,Aberta dos Morros,Aberta dos Morros
431490205001188,431490205001188,Aberta dos Morros,Aberta dos Morros
431490205001189,431490205001189,Aberta dos Morros,Aberta dos Morros
431490205001191,431490205001191,Ponta Grossa,Ponta Grossa
431490205001192,431490205001192,Ponta Grossa,Ponta Grossa
431490205001193,431490205001193,Ponta Grossa,Ponta Grossa
431490205001194,431490205001194,Ponta Grossa,Ponta Grossa
431490205001195,431490205001195,Ponta Grossa,Ponta Grossa
431490205001196,431490205001196,Ponta Grossa,Ponta Grossa
431490205001197,431490205001197,Ipanema,Ipanema
431490205001198,431490205001198,Ipanema,Ipanema
431490205001200,431490205001200,Ipanema,Ipanema
431490205001202,431490205001202,Ipanema,Ipanema
431490205001203,431490205001203,Campo Novo,Campo Novo
431490205001204,431490205001204,Campo Novo,Campo Novo
431490205001205,431490205001205,Ipanema,Ipanema
431490205001207,431490205001207,Campo Novo,Campo Novo
431490205001208,431490205001208,Campo Novo,Campo Novo
431490205001209,431490205001209,Campo Novo,Campo Novo
431490205001211,431490205001211,Vila Nova,Vila Nova
431490205001212,431490205001212,Vila Nova,Vila Nova
431490205001216,431490205001216,Hípica,Hípica
431490205001217,431490205001217,Hípica,Hípica
431490205001218,431490205001218,Hípica,Hípica
431490205001219,431490205001219,Hípica,Hípica
431490205001220,431490205001220,Hípica,Hípica
431490205001221,431490205001221,Hípica,Hípica
431490205001222,431490205001222,Hípica,Hípica
431490205001223,431490205001223,Hípica,Hípica
431490205001224,431490205001224,Hípica,Hípica
431490205001225,431490205001225,Hípica,Hípica
431490205001226,431490205001226,Hípica,Hípica
431490205001227,431490205001227,Hípica,Hípica
431490205001228,431490205001228,Hípica,Hípica
431490205001229,431490205001229,Hípica,Hípica
431490205001230,431490205001230,Hípica,Hípica
431490205001231,431490205001231,Hípica,Hípica
431490205001234,431490205001234,Chapéu do Sol,Chapéu do Sol
431490205001235,431490205001235,Chapéu do Sol,Chapéu do Sol
431490205001236,431490205001236,Chapéu do Sol,Chapéu do Sol
431490205001237,431490205001237,Chapéu do Sol,Chapéu do Sol
431490205001238,431490205001238,Ponta Grossa,Ponta Grossa
431490205001239,431490205001239,Ponta Grossa,Ponta Grossa
431490205001240,431490205001240,Ponta Grossa,Ponta Grossa
431490205001241,431490205001241,Chapéu do Sol,Chapéu do Sol
431490205001242,431490205001242,Belém Novo,Belém Novo
431490205001243,431490205001243,Chapéu do Sol,Chapéu do Sol
431490205001244,431490205001244,Belém Novo,Belém Novo
431490205001245,431490205001245,Belém Novo,Belém Novo
431490205001248,431490205001248,Belém Novo,Belém Novo
431490205001249,431490205001249,Belém Novo,Belém Novo
431490205001250,431490205001250,Belém Novo,Belém Novo
431490205001251,431490205001251,Belém Novo,Belém Novo
431490205001252,431490205001252,Belém Novo,Belém Novo
431490205001253,431490205001253,Belém Novo,Belém Novo
431490205001254,431490205001254,Belém Novo,Belém Novo
431490205001255,431490205001255,Belém Novo,Belém Novo
431490205001256,431490205001256,Belém Novo,Belém Novo
431490205001257,431490205001257,Belém Novo,Belém Novo
431490205001258,431490205001258,Belém Novo,Belém Novo
431490205001259,431490205001259,Belém Novo,Belém Novo
431490205001262,431490205001262,Lami,Lami
431490205001265,431490205001265,Lami,Lami
431490205001266,431490205001266,Lami,Lami
431490205001267,431490205001267,Lami,Lami
431490205001270,431490205001270,Restinga,Restinga
431490205001272,431490205001272,Lageado,Lageado
431490205001273,431490205001273,Lageado,Lageado
431490205001274,431490205001274,Boa Vista do Sul,Boa Vista do Sul
431490205001275,431490205001275,Boa Vista do Sul,Boa Vista do Sul
431490205001276,431490205001276,Lageado,Lageado
431490205001277,431490205001277,Lageado,Lageado
431490205001278,431490205001278,Lageado,Lageado
431490205001279,431490205001279,Lageado,Lageado
431490205001280,431490205001280,Pitinga,Pitinga
431490205001281,431490205001281,Pitinga,Pitinga
431490205001289,431490205001289,Extrema,Extrema
431490205001292,431490205001292,Arquipélago,Arquipélago
431490205001293,431490205001293,Arquipélago,Arquipélago
431490205001294,431490205001294,Arquipélago,Arquipélago
431490205001304,431490205001304,Floresta,Floresta
431490205001305,431490205001305,Floresta,Floresta
431490205001307,431490205001307,Farrapos,Farrapos
431490205001308,431490205001308,Farrapos,Farrapos
431490205001309,431490205001309,Farrapos,Farrapos
431490205001310,431490205001310,Farrapos,Farrapos
431490205001311,431490205001311,Farrapos,Farrapos
431490205001312,431490205001312,Farrapos,Farrapos
431490205001313,431490205001313,Farrapos,Farrapos
431490205001314,431490205001314,Farrapos,Farrapos
431490205001315,431490205001315,Farrapos,Farrapos
431490205001316,431490205001316,Farrapos,Farrapos
431490205001317,431490205001317,Farrapos,Farrapos
431490205001318,431490205001318,Farrapos,Farrapos
431490205001319,431490205001319,Farrapos,Farrapos
431490205001320,431490205001320,Farrapos,Farrapos
431490205001321,431490205001321,Farrapos,Farrapos
431490205001322,431490205001322,Farrapos,Farrapos
431490205001323,431490205001323,Farrapos,Farrapos
431490205001324,431490205001324,Farrapos,Farrapos
431490205001325,431490205001325,Farrapos,Farrapos
431490205001327,431490205001327,Farrapos,Farrapos
431490205001328,431490205001328,Farrapos,Farrapos
431490205001329,431490205001329,Farrapos,Farrapos
431490205001330,431490205001330,Farrapos,Farrapos
431490205001333,431490205001333,Humaitá,Humaitá
431490205001334,431490205001334,Humaitá,Humaitá
431490205001335,431490205001335,Humaitá,Humaitá
431490205001336,431490205001336,Humaitá,Humaitá
431490205001337,431490205001337,Humaitá,Humaitá
431490205001338,431490205001338,Humaitá,Humaitá
431490205001339,431490205001339,Humaitá,Humaitá
431490205001340,431490205001340,Humaitá,Humaitá
431490205001341,431490205001341,Humaitá,Humaitá
431490205001343,431490205001343,Humaitá,Humaitá
431490205001344,431490205001344,Humaitá,Humaitá
431490205001346,431490205001346,Humaitá,Humaitá
431490205001347,431490205001347,Humaitá,Humaitá
431490205001348,431490205001348,Humaitá,Humaitá
431490205001349,431490205001349,Humaitá,Humaitá
431490205001351,431490205001351,Navegantes,Navegantes
431490205001352,431490205001352,Navegantes,Navegantes
431490205001353,431490205001353,Navegantes,Navegantes
431490205001354,431490205001354,Navegantes,Navegantes
431490205001355,431490205001355,Navegantes,Navegantes
431490205001356,431490205001356,Navegantes,Navegantes
431490205001357,431490205001357,Navegantes,Navegantes
431490205001358,431490205001358,Navegantes,Navegantes
431490205001359,431490205001359,Navegantes,Navegantes
431490205001360,431490205001360,Navegantes,Navegantes
431490205001361,431490205001361,Navegantes,Navegantes
431490205001362,431490205001362,Navegantes,Navegantes
431490205001363,431490205001363,Navegantes,Navegantes
431490205001364,431490205001364,São Geraldo,São Geraldo
431490205001365,431490205001365,São Geraldo,São Geraldo
431490205001366,431490205001366,São Geraldo,São Geraldo
431490205001367,431490205001367,São Geraldo,São Geraldo
431490205001368,431490205001368,São Geraldo,São Geraldo
431490205001369,431490205001369,São Geraldo,São Geraldo
431490205001370,431490205001370,São Geraldo,São Geraldo
431490205001371,431490205001371,São Geraldo,São Geraldo
431490205001372,431490205001372,São Geraldo,São Geraldo
431490205001373,431490205001373,São Geraldo,São Geraldo
431490205001375,431490205001375,São Geraldo,São Geraldo
431490205001376,431490205001376,São Geraldo,São Geraldo
431490205001377,431490205001377,São Geraldo,São Geraldo
431490205001378,431490205001378,São Geraldo,São Geraldo
431490205001379,431490205001379,São Geraldo,São Geraldo
431490205001380,431490205001380,São Geraldo,São Geraldo
431490205001381,431490205001381,São Geraldo,São Geraldo
431490205001382,431490205001382,Floresta,Floresta
431490205001383,431490205001383,Floresta,Floresta
431490205001384,431490205001384,Floresta,Floresta
431490205001385,431490205001385,Floresta,Floresta
431490205001386,431490205001386,Floresta,Floresta
431490205001387,431490205001387,Floresta,Floresta
431490205001388,431490205001388,São Geraldo,São Geraldo
431490205001389,431490205001389,Floresta,Floresta
431490205001390,431490205001390,Floresta,Floresta
431490205001391,431490205001391,Floresta,Floresta
431490205001392,431490205001392,Floresta,Floresta
431490205001393,431490205001393,Moinhos de Vento,Moinhos de Vento
431490205001394,431490205001394,Moinhos de Vento,Moinhos de Vento
431490205001395,431490205001395,Moinhos de Vento,Moinhos de Vento
431490205001396,431490205001396,Moinhos de Vento,Moinhos de Vento
431490205001397,431490205001397,Moinhos de Vento,Moinhos de Vento
431490205001398,431490205001398,Moinhos de Vento,Moinhos de Vento
431490205001399,431490205001399,Floresta,Floresta
431490205001400,431490205001400,Floresta,Floresta
431490205001401,431490205001401,Floresta,Floresta
431490205001402,431490205001402,Floresta,Floresta
431490205001403,431490205001403,Floresta,Floresta
431490205001404,431490205001404,Floresta,Floresta
431490205001405,431490205001405,Moinhos de Vento,Moinhos de Vento
431490205001406,431490205001406,Moinhos de Vento,Moinhos de Vento
431490205001407,431490205001407,Independência,Independência
431490205001408,431490205001408,Floresta,Floresta
431490205001409,431490205001409,Floresta,Floresta
431490205001410,431490205001410,Floresta,Floresta
431490205001411,431490205001411,Floresta,Floresta
431490205001412,431490205001412,Floresta,Floresta
431490205001413,431490205001413,Independência,Independência
431490205001414,431490205001414,Independência,Independência
431490205001415,431490205001415,Independência,Independência
431490205001416,431490205001416,Independência,Independência
431490205001417,431490205001417,Independência,Independência
431490205001418,431490205001418,Independência,Independência
431490205001419,431490205001419,Independência,Independência
431490205001420,431490205001420,Independência,Independência
431490205001421,431490205001421,Independência,Independência
431490205001422,431490205001422,Independência,Independência
431490205001423,431490205001423,Independência,Independência
431490205001424,431490205001424,Independência,Independência
431490205001425,431490205001425,Independência,Independência
431490205001426,431490205001426,Moinhos de Vento,Moinhos de Vento
431490205001427,431490205001427,Moinhos de Vento,Moinhos de Vento
431490205001428,431490205001428,Moinhos de Vento,Moinhos de Vento
431490205001429,431490205001429,Independência,Independência
431490205001430,431490205001430,Bom Fim,Bom Fim
431490205001431,431490205001431,Bom Fim,Bom Fim
431490205001432,431490205001432,Bom Fim,Bom Fim
431490205001433,431490205001433,Independência,Independência
431490205001434,431490205001434,Bom Fim,Bom Fim
431490205001435,431490205001435,Bom Fim,Bom Fim
431490205001436,431490205001436,Bom Fim,Bom Fim
431490205001437,431490205001437,Independência,Independência
431490205001438,431490205001438,Independência,Independência
431490205001439,431490205001439,Bom Fim,Bom Fim
431490205001440,431490205001440,Bom Fim,Bom Fim
431490205001441,431490205001441,Bom Fim,Bom Fim
431490205001442,431490205001442,Bom Fim,Bom Fim
431490205001443,431490205001443,Bom Fim,Bom Fim
431490205001444,431490205001444,Independência,Independência
431490205001445,431490205001445,Bom Fim,Bom Fim
431490205001446,431490205001446,Bom Fim,Bom Fim
431490205001447,431490205001447,Independência,Independência
431490205001448,431490205001448,Bom Fim,Bom Fim
431490205001449,431490205001449,Bom Fim,Bom Fim
431490205001450,431490205001450,Bom Fim,Bom Fim
431490205001451,431490205001451,Bom Fim,Bom Fim
431490205001452,431490205001452,Bom Fim,Bom Fim
431490205001453,431490205001453,Bom Fim,Bom Fim
431490205001454,431490205001454,Bom Fim,Bom Fim
431490205001455,431490205001455,Independência,Independência
431490205001456,431490205001456,Independência,Independência
431490205001457,431490205001457,Bom Fim,Bom Fim
431490205001458,431490205001458,Bom Fim,Bom Fim
431490205001459,431490205001459,Bom Fim,Bom Fim
431490205001460,431490205001460,Bom Fim,Bom Fim
431490205001461,431490205001461,Rio Branco,Rio Branco
431490205001462,431490205001462,Rio Branco,Rio Branco
431490205001463,431490205001463,Rio Branco,Rio Branco
431490205001464,431490205001464,Rio Branco,Rio Branco
431490205001465,431490205001465,Rio Branco,Rio Branco
431490205001466,431490205001466,Rio Branco,Rio Branco
431490205001467,431490205001467,Rio Branco,Rio Branco
431490205001468,431490205001468,Rio Branco,Rio Branco
431490205001469,431490205001469,Rio Branco,Rio Branco
431490205001470,431490205001470,Rio Branco,Rio Branco
431490205001471,431490205001471,Rio Branco,Rio Branco
431490205001472,431490205001472,Rio Branco,Rio Branco
431490205001473,431490205001473,Rio Branco,Rio Branco
431490205001474,431490205001474,Rio Branco,Rio Branco
431490205001475,431490205001475,Rio Branco,Rio Branco
431490205001476,431490205001476,Rio Branco,Rio Branco
431490205001477,431490205001477,Rio Branco,Rio Branco
431490205001478,431490205001478,Rio Branco,Rio Branco
431490205001479,431490205001479,Rio Branco,Rio Branco
431490205001480,431490205001480,Rio Branco,Rio Branco
431490205001481,431490205001481,Rio Branco,Rio Branco
431490205001482,431490205001482,Rio Branco,Rio Branco
431490205001483,431490205001483,Rio Branco,Rio Branco
431490205001484,431490205001484,Rio Branco,Rio Branco
431490205001486,431490205001486,Rio Branco,Rio Branco
431490205001487,431490205001487,Rio Branco,Rio Branco
431490205001488,431490205001488,Rio Branco,Rio Branco
431490205001489,431490205001489,Rio Branco,Rio Branco
431490205001490,431490205001490,Rio Branco,Rio Branco
431490205001491,431490205001491,Rio Branco,Rio Branco
431490205001492,431490205001492,Rio Branco,Rio Branco
431490205001493,431490205001493,Bela Vista,Bela Vista
431490205001494,431490205001494,Bela Vista,Bela Vista
431490205001495,431490205001495,Bela Vista,Bela Vista
431490205001496,431490205001496,Bela Vista,Bela Vista
431490205001497,431490205001497,Bela Vista,Bela Vista
431490205001498,431490205001498,Bela Vista,Bela Vista
431490205001499,431490205001499,Bela Vista,Bela Vista
431490205001500,431490205001500,Bela Vista,Bela Vista
431490205001501,431490205001501,Bela Vista,Bela Vista
431490205001502,431490205001502,Bela Vista,Bela Vista
431490205001503,431490205001503,Bela Vista,Bela Vista
431490205001504,431490205001504,Bela Vista,Bela Vista
431490205001505,431490205001505,Bela Vista,Bela Vista
431490205001506,431490205001506,Bela Vista,Bela Vista
431490205001507,431490205001507,Bela Vista,Bela Vista
431490205001508,431490205001508,Mont’Serrat,Mont’Serrat
431490205001509,431490205001509,Mont’Serrat,Mont’Serrat
431490205001510,431490205001510,Mont’Serrat,Mont’Serrat
431490205001511,431490205001511,Mont’Serrat,Mont’Serrat
431490205001512,431490205001512,Mont’Serrat,Mont’Serrat
431490205001513,431490205001513,Mont’Serrat,Mont’Serrat
431490205001514,431490205001514,Mont’Serrat,Mont’Serrat
431490205001515,431490205001515,Mont’Serrat,Mont’Serrat
431490205001516,431490205001516,Mont’Serrat,Mont’Serrat
431490205001517,431490205001517,Mont’Serrat,Mont’Serrat
431490205001518,431490205001518,Mont’Serrat,Mont’Serrat
431490205001519,431490205001519,Mont’Serrat,Mont’Serrat
431490205001520,431490205001520,Mont’Serrat,Mont’Serrat
431490205001521,431490205001521,Mont’Serrat,Mont’Serrat
431490205001522,431490205001522,Mont’Serrat,Mont’Serrat
431490205001523,431490205001523,Mont’Serrat,Mont’Serrat
431490205001524,431490205001524,Mont’Serrat,Mont’Serrat
431490205001525,431490205001525,Mont’Serrat,Mont’Serrat
431490205001526,431490205001526,Moinhos de Vento,Moinhos de Vento
431490205001527,431490205001527,Moinhos de Vento,Moinhos de Vento
431490205001528,431490205001528,Moinhos de Vento,Moinhos de Vento
431490205001529,431490205001529,Moinhos de Vento,Moinhos de Vento
431490205001530,431490205001530,Moinhos de Vento,Moinhos de Vento
431490205001531,431490205001531,Moinhos de Vento,Moinhos de Vento
431490205001532,431490205001532,Moinhos de Vento,Moinhos de Vento
431490205001533,431490205001533,Moinhos de Vento,Moinhos de Vento
431490205001534,431490205001534,Moinhos de Vento,Moinhos de Vento
431490205001535,431490205001535,Moinhos de Vento,Moinhos de Vento
431490205001537,431490205001537,Moinhos de Vento,Moinhos de Vento
431490205001538,431490205001538,Moinhos de Vento,Moinhos de Vento
431490205001539,431490205001539,Moinhos de Vento,Moinhos de Vento
431490205001540,431490205001540,Moinhos de Vento,Moinhos de Vento
431490205001541,431490205001541,Auxiliadora,Auxiliadora
431490205001542,431490205001542,Auxiliadora,Auxiliadora
431490205001543,431490205001543,Auxiliadora,Auxiliadora
431490205001544,431490205001544,Auxiliadora,Auxiliadora
431490205001545,431490205001545,Auxiliadora,Auxiliadora
431490205001546,431490205001546,Auxiliadora,Auxiliadora
431490205001547,431490205001547,Auxiliadora,Auxiliadora
431490205001548,431490205001548,Auxiliadora,Auxiliadora
431490205001550,431490205001550,Auxiliadora,Auxiliadora
431490205001551,431490205001551,Auxiliadora,Auxiliadora
431490205001552,431490205001552,Auxiliadora,Auxiliadora
431490205001553,431490205001553,Auxiliadora,Auxiliadora
431490205001554,431490205001554,Auxiliadora,Auxiliadora
431490205001555,431490205001555,Auxiliadora,Auxiliadora
431490205001556,431490205001556,Auxiliadora,Auxiliadora
431490205001557,431490205001557,Auxiliadora,Auxiliadora
431490205001558,431490205001558,Higienópolis,Higienópolis
431490205001559,431490205001559,Higienópolis,Higienópolis
431490205001560,431490205001560,Higienópolis,Higienópolis
431490205001561,431490205001561,Higienópolis,Higienópolis
431490205001562,431490205001562,Higienópolis,Higienópolis
431490205001563,431490205001563,Higienópolis,Higienópolis
431490205001564,431490205001564,Higienópolis,Higienópolis
431490205001565,431490205001565,Higienópolis,Higienópolis
431490205001566,431490205001566,Higienópolis,Higienópolis
431490205001568,431490205001568,Higienópolis,Higienópolis
431490205001569,431490205001569,Higienópolis,Higienópolis
431490205001570,431490205001570,Higienópolis,Higienópolis
431490205001571,431490205001571,Higienópolis,Higienópolis
431490205001572,431490205001572,Higienópolis,Higienópolis
431490205001573,431490205001573,São João,São João
431490205001574,431490205001574,São João,São João
431490205001575,431490205001575,São João,São João
431490205001576,431490205001576,São João,São João
431490205001577,431490205001577,São João,São João
431490205001578,431490205001578,São João,São João
431490205001579,431490205001579,São João,São João
431490205001580,431490205001580,São João,São João
431490205001582,431490205001582,São João,São João
431490205001583,431490205001583,São João,São João
431490205001584,431490205001584,São João,São João
431490205001585,431490205001585,São João,São João
431490205001586,431490205001586,São João,São João
431490205001587,431490205001587,São João,São João
431490205001588,431490205001588,São João,São João
431490205001589,431490205001589,São João,São João
431490205001590,431490205001590,São João,São João
431490205001591,431490205001591,São João,São João
431490205001592,431490205001592,São João,São João
431490205001593,431490205001593,São João,São João
431490205001594,431490205001594,São João,São João
431490205001595,431490205001595,São João,São João
431490205001596,431490205001596,São João,São João
431490205001597,431490205001597,Jardim São Pedro,Jardim São Pedro
431490205001599,431490205001599,Anchieta,Anchieta
431490205001601,431490205001601,Santa Maria Goretti,Santa Maria Goretti
431490205001602,431490205001602,Santa Maria Goretti,Santa Maria Goretti
431490205001603,431490205001603,Santa Maria Goretti,Santa Maria Goretti
431490205001604,431490205001604,Santa Maria Goretti,Santa Maria Goretti
431490205001605,431490205001605,Santa Maria Goretti,Santa Maria Goretti
431490205001606,431490205001606,Santa Maria Goretti,Santa Maria Goretti
431490205001607,431490205001607,Santa Maria Goretti,Santa Maria Goretti
431490205001608,431490205001608,Santa Maria Goretti,Santa Maria Goretti
431490205001609,431490205001609,Passo da Areia,Passo da Areia
431490205001610,431490205001610,Passo da Areia,Passo da Areia
431490205001611,431490205001611,Passo da Areia,Passo da Areia
431490205001612,431490205001612,Passo da Areia,Passo da Areia
431490205001613,431490205001613,Passo da Areia,Passo da Areia
431490205001614,431490205001614,Passo da Areia,Passo da Areia
431490205001615,431490205001615,Passo da Areia,Passo da Areia
431490205001616,431490205001616,Passo da Areia,Passo da Areia
431490205001617,431490205001617,Passo da Areia,Passo da Areia
431490205001618,431490205001618,Passo da Areia,Passo da Areia
431490205001619,431490205001619,Passo da Areia,Passo da Areia
431490205001620,431490205001620,Passo da Areia,Passo da Areia
431490205001621,431490205001621,Passo da Areia,Passo da Areia
431490205001622,431490205001622,Passo da Areia,Passo da Areia
431490205001623,431490205001623,Passo da Areia,Passo da Areia
431490205001624,431490205001624,Passo da Areia,Passo da Areia
431490205001625,431490205001625,Passo da Areia,Passo da Areia
431490205001626,431490205001626,Passo da Areia,Passo da Areia
431490205001627,431490205001627,Passo da Areia,Passo da Areia
431490205001628,431490205001628,Passo da Areia,Passo da Areia
431490205001630,431490205001630,Passo da Areia,Passo da Areia
431490205001631,431490205001631,Passo da Areia,Passo da Areia
431490205001632,431490205001632,Passo da Areia,Passo da Areia
431490205001633,431490205001633,Passo da Areia,Passo da Areia
431490205001636,431490205001636,Passo da Areia,Passo da Areia
431490205001637,431490205001637,Passo da Areia,Passo da Areia
431490205001638,431490205001638,Passo da Areia,Passo da Areia
431490205001639,431490205001639,Passo da Areia,Passo da Areia
431490205001640,431490205001640,Passo da Areia,Passo da Areia
431490205001641,431490205001641,Passo da Areia,Passo da Areia
431490205001642,431490205001642,Passo da Areia,Passo da Areia
431490205001643,431490205001643,Passo da Areia,Passo da Areia
431490205001644,431490205001644,Boa Vista,Boa Vista
431490205001647,431490205001647,Boa Vista,Boa Vista
431490205001648,431490205001648,Boa Vista,Boa Vista
431490205001649,431490205001649,Boa Vista,Boa Vista
431490205001650,431490205001650,Boa Vista,Boa Vista
431490205001652,431490205001652,Boa Vista,Boa Vista
431490205001653,431490205001653,Passo da Areia,Passo da Areia
431490205001654,431490205001654,Boa Vista,Boa Vista
431490205001655,431490205001655,Boa Vista,Boa Vista
431490205001656,431490205001656,Boa Vista,Boa Vista
431490205001657,431490205001657,Boa Vista,Boa Vista
431490205001658,431490205001658,Boa Vista,Boa Vista
431490205001659,431490205001659,Boa Vista,Boa Vista
431490205001660,431490205001660,Três Figueiras,Três Figueiras
431490205001661,431490205001661,Três Figueiras,Três Figueiras
431490205001662,431490205001662,Três Figueiras,Três Figueiras
431490205001663,431490205001663,Três Figueiras,Três Figueiras
431490205001664,431490205001664,Três Figueiras,Três Figueiras
431490205001665,431490205001665,Chácara das Pedras,Chácara das Pedras
431490205001666,431490205001666,Chácara das Pedras,Chácara das Pedras
431490205001667,431490205001667,Chácara das Pedras,Chácara das Pedras
431490205001668,431490205001668,Chácara das Pedras,Chácara das Pedras
431490205001669,431490205001669,Chácara das Pedras,Chácara das Pedras
431490205001670,431490205001670,Chácara das Pedras,Chácara das Pedras
431490205001671,431490205001671,Chácara das Pedras,Chácara das Pedras
431490205001672,431490205001672,Chácara das Pedras,Chácara das Pedras
431490205001673,431490205001673,Chácara das Pedras,Chácara das Pedras
431490205001674,431490205001674,Vila Jardim,Vila Jardim
431490205001675,431490205001675,Vila Jardim,Vila Jardim
431490205001676,431490205001676,Vila Jardim,Vila Jardim
431490205001677,431490205001677,Vila Jardim,Vila Jardim
431490205001678,431490205001678,Vila Jardim,Vila Jardim
431490205001679,431490205001679,Vila Jardim,Vila Jardim
431490205001680,431490205001680,Vila Jardim,Vila Jardim
431490205001681,431490205001681,Vila Jardim,Vila Jardim
431490205001682,431490205001682,Vila Jardim,Vila Jardim
431490205001683,431490205001683,Vila Jardim,Vila Jardim
431490205001684,431490205001684,Vila Jardim,Vila Jardim
431490205001685,431490205001685,Vila Jardim,Vila Jardim
431490205001686,431490205001686,Vila Jardim,Vila Jardim
431490205001687,431490205001687,Vila Jardim,Vila Jardim
431490205001688,431490205001688,Vila Jardim,Vila Jardim
431490205001689,431490205001689,Vila Jardim,Vila Jardim
431490205001690,431490205001690,Vila Jardim,Vila Jardim
431490205001691,431490205001691,Vila Jardim,Vila Jardim
431490205001692,431490205001692,Vila Jardim,Vila Jardim
431490205001693,431490205001693,Vila Jardim,Vila Jardim
431490205001694,431490205001694,Vila Jardim,Vila Jardim
431490205001695,431490205001695,Vila Jardim,Vila Jardim
431490205001696,431490205001696,Vila Ipiranga,Vila Ipiranga
431490205001697,431490205001697,Vila Ipiranga,Vila Ipiranga
431490205001698,431490205001698,Vila Ipiranga,Vila Ipiranga
431490205001699,431490205001699,Vila Ipiranga,Vila Ipiranga
431490205001700,431490205001700,Vila Ipiranga,Vila Ipiranga
431490205001701,431490205001701,Vila Ipiranga,Vila Ipiranga
431490205001702,431490205001702,Vila Ipiranga,Vila Ipiranga
431490205001704,431490205001704,Jardim Europa,Jardim Europa
431490205001706,431490205001706,Vila Ipiranga,Vila Ipiranga
431490205001707,431490205001707,Vila Ipiranga,Vila Ipiranga
431490205001708,431490205001708,Vila Ipiranga,Vila Ipiranga
431490205001709,431490205001709,Vila Ipiranga,Vila Ipiranga
431490205001710,431490205001710,Vila Ipiranga,Vila Ipiranga
431490205001711,431490205001711,Vila Ipiranga,Vila Ipiranga
431490205001712,431490205001712,Vila Ipiranga,Vila Ipiranga
431490205001713,431490205001713,Vila Ipiranga,Vila Ipiranga
431490205001714,431490205001714,Vila Ipiranga,Vila Ipiranga
431490205001715,431490205001715,Vila Ipiranga,Vila Ipiranga
431490205001716,431490205001716,Vila Ipiranga,Vila Ipiranga
431490205001717,431490205001717,Vila Ipiranga,Vila Ipiranga
431490205001718,431490205001718,Vila Ipiranga,Vila Ipiranga
431490205001719,431490205001719,Vila Ipiranga,Vila Ipiranga
431490205001720,431490205001720,Vila Ipiranga,Vila Ipiranga
431490205001721,431490205001721,Vila Ipiranga,Vila Ipiranga
431490205001722,431490205001722,Vila Ipiranga,Vila Ipiranga
431490205001723,431490205001723,Vila Ipiranga,Vila Ipiranga
431490205001724,431490205001724,Vila Ipiranga,Vila Ipiranga
431490205001725,431490205001725,Vila Ipiranga,Vila Ipiranga
431490205001726,431490205001726,Vila Ipiranga,Vila Ipiranga
431490205001727,431490205001727,Vila Ipiranga,Vila Ipiranga
431490205001728,431490205001728,Vila Ipiranga,Vila Ipiranga
431490205001729,431490205001729,Vila Ipiranga,Vila Ipiranga
431490205001730,431490205001730,Vila Ipiranga,Vila Ipiranga
431490205001731,431490205001731,Vila Ipiranga,Vila Ipiranga
431490205001732,431490205001732,Vila Ipiranga,Vila Ipiranga
431490205001733,431490205001733,Vila Ipiranga,Vila Ipiranga
431490205001734,431490205001734,Vila Ipiranga,Vila Ipiranga
431490205001735,431490205001735,Vila Ipiranga,Vila Ipiranga
431490205001736,431490205001736,Cristo Redentor,Cristo Redentor
431490205001737,431490205001737,Cristo Redentor,Cristo Redentor
431490205001739,431490205001739,Cristo Redentor,Cristo Redentor
431490205001740,431490205001740,Cristo Redentor,Cristo Redentor
431490205001741,431490205001741,Cristo Redentor,Cristo Redentor
431490205001742,431490205001742,Cristo Redentor,Cristo Redentor
431490205001743,431490205001743,Cristo Redentor,Cristo Redentor
431490205001744,431490205001744,Cristo Redentor,Cristo Redentor
431490205001745,431490205001745,Cristo Redentor,Cristo Redentor
431490205001746,431490205001746,Cristo Redentor,Cristo Redentor
431490205001747,431490205001747,Cristo Redentor,Cristo Redentor
431490205001748,431490205001748,Cristo Redentor,Cristo Redentor
431490205001749,431490205001749,Cristo Redentor,Cristo Redentor
431490205001750,431490205001750,Cristo Redentor,Cristo Redentor
431490205001751,431490205001751,Cristo Redentor,Cristo Redentor
431490205001752,431490205001752,Cristo Redentor,Cristo Redentor
431490205001753,431490205001753,Cristo Redentor,Cristo Redentor
431490205001754,431490205001754,Cristo Redentor,Cristo Redentor
431490205001755,431490205001755,Cristo Redentor,Cristo Redentor
431490205001756,431490205001756,Cristo Redentor,Cristo Redentor
431490205001757,431490205001757,Cristo Redentor,Cristo Redentor
431490205001758,431490205001758,Cristo Redentor,Cristo Redentor
431490205001759,431490205001759,Cristo Redentor,Cristo Redentor
431490205001760,431490205001760,Cristo Redentor,Cristo Redentor
431490205001761,431490205001761,Cristo Redentor,Cristo Redentor
431490205001762,431490205001762,Cristo Redentor,Cristo Redentor
431490205001764,431490205001764,Cristo Redentor,Cristo Redentor
431490205001765,431490205001765,Jardim São Pedro,Jardim São Pedro
431490205001766,431490205001766,Jardim São Pedro,Jardim São Pedro
431490205001767,431490205001767,Jardim São Pedro,Jardim São Pedro
431490205001768,431490205001768,Jardim São Pedro,Jardim São Pedro
431490205001769,431490205001769,Jardim São Pedro,Jardim São Pedro
431490205001770,431490205001770,Jardim São Pedro,Jardim São Pedro
431490205001771,431490205001771,Jardim Floresta,Jardim Floresta
431490205001772,431490205001772,Jardim Floresta,Jardim Floresta
431490205001773,431490205001773,Jardim Floresta,Jardim Floresta
431490205001774,431490205001774,Jardim Floresta,Jardim Floresta
431490205001775,431490205001775,Jardim Floresta,Jardim Floresta
431490205001776,431490205001776,Jardim Lindóia,Jardim Lindóia
431490205001777,431490205001777,Jardim Lindóia,Jardim Lindóia
431490205001778,431490205001778,Jardim Lindóia,Jardim Lindóia
431490205001779,431490205001779,Jardim Lindóia,Jardim Lindóia
431490205001781,431490205001781,Jardim Lindóia,Jardim Lindóia
431490205001782,431490205001782,Jardim Lindóia,Jardim Lindóia
431490205001783,431490205001783,Jardim Lindóia,Jardim Lindóia
431490205001784,431490205001784,Jardim Lindóia,Jardim Lindóia
431490205001785,431490205001785,Jardim Lindóia,Jardim Lindóia
431490205001786,431490205001786,Jardim Lindóia,Jardim Lindóia
431490205001787,431490205001787,São Sebastião,São Sebastião
431490205001788,431490205001788,São Sebastião,São Sebastião
431490205001789,431490205001789,São Sebastião,São Sebastião
431490205001790,431490205001790,São Sebastião,São Sebastião
431490205001791,431490205001791,São Sebastião,São Sebastião
431490205001792,431490205001792,São Sebastião,São Sebastião
431490205001793,431490205001793,São Sebastião,São Sebastião
431490205001794,431490205001794,São Sebastião,São Sebastião
431490205001795,431490205001795,São Sebastião,São Sebastião
431490205001796,431490205001796,São Sebastião,São Sebastião
431490205001797,431490205001797,São Sebastião,São Sebastião
431490205001799,431490205001799,Jardim Itu,Jardim Itu
431490205001800,431490205001800,Jardim Itu,Jardim Itu
431490205001801,431490205001801,Jardim Itu,Jardim Itu
431490205001802,431490205001802,Jardim Itu,Jardim Itu
431490205001803,431490205001803,Jardim Itu,Jardim Itu
431490205001804,431490205001804,Jardim Itu,Jardim Itu
431490205001805,431490205001805,Jardim Itu,Jardim Itu
431490205001806,431490205001806,Jardim Itu,Jardim Itu
431490205001807,431490205001807,Jardim Itu,Jardim Itu
431490205001808,431490205001808,Jardim Itu,Jardim Itu
431490205001809,431490205001809,Jardim Itu,Jardim Itu
431490205001810,431490205001810,Jardim Itu,Jardim Itu
431490205001811,431490205001811,Jardim Itu,Jardim Itu
431490205001812,431490205001812,Jardim Itu,Jardim Itu
431490205001813,431490205001813,Jardim Itu,Jardim Itu
431490205001814,431490205001814,Jardim Itu,Jardim Itu
431490205001815,431490205001815,Jardim Itu,Jardim Itu
431490205001816,431490205001816,Jardim Itu,Jardim Itu
431490205001817,431490205001817,Jardim Itu,Jardim Itu
431490205001818,431490205001818,Jardim Itu,Jardim Itu
431490205001819,431490205001819,Jardim Itu,Jardim Itu
431490205001820,431490205001820,Jardim Itu,Jardim Itu
431490205001821,431490205001821,Jardim Itu,Jardim Itu
431490205001822,431490205001822,Jardim Itu,Jardim Itu
431490205001824,431490205001824,Jardim Sabará,Jardim Sabará
431490205001825,431490205001825,Jardim Sabará,Jardim Sabará
431490205001826,431490205001826,Jardim Sabará,Jardim Sabará
431490205001827,431490205001827,Jardim Sabará,Jardim Sabará
431490205001829,431490205001829,Jardim Sabará,Jardim Sabará
431490205001830,431490205001830,Jardim Sabará,Jardim Sabará
431490205001832,431490205001832,Jardim Sabará,Jardim Sabará
431490205001833,431490205001833,Jardim Sabará,Jardim Sabará
431490205001834,431490205001834,Jardim Sabará,Jardim Sabará
431490205001835,431490205001835,Jardim Sabará,Jardim Sabará
431490205001836,431490205001836,Jardim Sabará,Jardim Sabará
431490205001837,431490205001837,Jardim Sabará,Jardim Sabará
431490205001838,431490205001838,Jardim Sabará,Jardim Sabará
431490205001839,431490205001839,Jardim Sabará,Jardim Sabará
431490205001840,431490205001840,Jardim Sabará,Jardim Sabará
431490205001841,431490205001841,Jardim Sabará,Jardim Sabará
431490205001842,431490205001842,Jardim Sabará,Jardim Sabará
431490205001843,431490205001843,Jardim Sabará,Jardim Sabará
431490205001844,431490205001844,Jardim Sabará,Jardim Sabará
431490205001845,431490205001845,Jardim Sabará,Jardim Sabará
431490205001846,431490205001846,Vila Jardim,Vila Jardim
431490205001847,431490205001847,Sarandi,Sarandi
431490205001848,431490205001848,Sarandi,Sarandi
431490205001849,431490205001849,Sarandi,Sarandi
431490205001850,431490205001850,Sarandi,Sarandi
431490205001851,431490205001851,Sarandi,Sarandi
431490205001852,431490205001852,Sarandi,Sarandi
431490205001853,431490205001853,Sarandi,Sarandi
431490205001854,431490205001854,Sarandi,Sarandi
431490205001855,431490205001855,Sarandi,Sarandi
431490205001856,431490205001856,Sarandi,Sarandi
431490205001857,431490205001857,Sarandi,Sarandi
431490205001858,431490205001858,Sarandi,Sarandi
431490205001859,431490205001859,Sarandi,Sarandi
431490205001860,431490205001860,Sarandi,Sarandi
431490205001861,431490205001861,Sarandi,Sarandi
431490205001862,431490205001862,Sarandi,Sarandi
431490205001863,431490205001863,Sarandi,Sarandi
431490205001864,431490205001864,Sarandi,Sarandi
431490205001865,431490205001865,Sarandi,Sarandi
431490205001866,431490205001866,Sarandi,Sarandi
431490205001869,431490205001869,Sarandi,Sarandi
431490205001870,431490205001870,Sarandi,Sarandi
431490205001871,431490205001871,Sarandi,Sarandi
431490205001872,431490205001872,Sarandi,Sarandi
431490205001873,431490205001873,Sarandi,Sarandi
431490205001874,431490205001874,Sarandi,Sarandi
431490205001875,431490205001875,Sarandi,Sarandi
431490205001876,431490205001876,Sarandi,Sarandi
431490205001877,431490205001877,Sarandi,Sarandi
431490205001878,431490205001878,Sarandi,Sarandi
431490205001879,431490205001879,Sarandi,Sarandi
431490205001880,431490205001880,Sarandi,Sarandi
431490205001881,431490205001881,Sarandi,Sarandi
431490205001882,431490205001882,Sarandi,Sarandi
431490205001883,431490205001883,Sarandi,Sarandi
431490205001884,431490205001884,Sarandi,Sarandi
431490205001885,431490205001885,Sarandi,Sarandi
431490205001886,431490205001886,Sarandi,Sarandi
431490205001887,431490205001887,Sarandi,Sarandi
431490205001888,431490205001888,Sarandi,Sarandi
431490205001889,431490205001889,Sarandi,Sarandi
431490205001890,431490205001890,Sarandi,Sarandi
431490205001891,431490205001891,Sarandi,Sarandi
431490205001892,431490205001892,Sarandi,Sarandi
431490205001893,431490205001893,Sarandi,Sarandi
431490205001894,431490205001894,Sarandi,Sarandi
431490205001895,431490205001895,Sarandi,Sarandi
431490205001896,431490205001896,Sarandi,Sarandi
431490205001897,431490205001897,Sarandi,Sarandi
431490205001898,431490205001898,Sarandi,Sarandi
431490205001899,431490205001899,Sarandi,Sarandi
431490205001900,431490205001900,Sarandi,Sarandi
431490205001901,431490205001901,Sarandi,Sarandi
431490205001902,431490205001902,Sarandi,Sarandi
431490205001904,431490205001904,Sarandi,Sarandi
431490205001905,431490205001905,Sarandi,Sarandi
431490205001906,431490205001906,Sarandi,Sarandi
431490205001907,431490205001907,Sarandi,Sarandi
431490205001908,431490205001908,Sarandi,Sarandi
431490205001909,431490205001909,Sarandi,Sarandi
431490205001910,431490205001910,Sarandi,Sarandi
431490205001911,431490205001911,Sarandi,Sarandi
431490205001912,431490205001912,Sarandi,Sarandi
431490205001913,431490205001913,Sarandi,Sarandi
431490205001914,431490205001914,Sarandi,Sarandi
431490205001915,431490205001915,Sarandi,Sarandi
431490205001917,431490205001917,Sarandi,Sarandi
431490205001918,431490205001918,Sarandi,Sarandi
431490205001919,431490205001919,Sarandi,Sarandi
431490205001920,431490205001920,Sarandi,Sarandi
431490205001921,431490205001921,Sarandi,Sarandi
431490205001922,431490205001922,Sarandi,Sarandi
431490205001924,431490205001924,Sarandi,Sarandi
431490205001926,431490205001926,Sarandi,Sarandi
431490205001927,431490205001927,Sarandi,Sarandi
431490205001928,431490205001928,Sarandi,Sarandi
431490205001929,431490205001929,Sarandi,Sarandi
431490205001930,431490205001930,Sarandi,Sarandi
431490205001931,431490205001931,Sarandi,Sarandi
431490205001932,431490205001932,Sarandi,Sarandi
431490205001933,431490205001933,Sarandi,Sarandi
431490205001934,431490205001934,Sarandi,Sarandi
431490205001935,431490205001935,Sarandi,Sarandi
431490205001936,431490205001936,Sarandi,Sarandi
431490205001937,431490205001937,Costa e Silva,Costa e Silva
431490205001938,431490205001938,Sarandi,Sarandi
431490205001939,431490205001939,Sarandi,Sarandi
431490205001940,431490205001940,Costa e Silva,Costa e Silva
431490205001941,431490205001941,Costa e Silva,Costa e Silva
431490205001943,431490205001943,Costa e Silva,Costa e Silva
431490205001944,431490205001944,Costa e Silva,Costa e Silva
431490205001945,431490205001945,Costa e Silva,Costa e Silva
431490205001947,431490205001947,Santa Rosa de Lima,Santa Rosa de Lima
431490205001948,431490205001948,Santa Rosa de Lima,Santa Rosa de Lima
431490205001949,431490205001949,Santa Rosa de Lima,Santa Rosa de Lima
431490205001950,431490205001950,Santa Rosa de Lima,Santa Rosa de Lima
431490205001951,431490205001951,Santa Rosa de Lima,Santa Rosa de Lima
431490205001952,431490205001952,Santa Rosa de Lima,Santa Rosa de Lima
431490205001953,431490205001953,Santa Rosa de Lima,Santa Rosa de Lima
431490205001954,431490205001954,Santa Rosa de Lima,Santa Rosa de Lima
431490205001955,431490205001955,Santa Rosa de Lima,Santa Rosa de Lima
431490205001956,431490205001956,Santa Rosa de Lima,Santa Rosa de Lima
431490205001958,431490205001958,Santa Rosa de Lima,Santa Rosa de Lima
431490205001959,431490205001959,Santa Rosa de Lima,Santa Rosa de Lima
431490205001960,431490205001960,Santa Rosa de Lima,Santa Rosa de Lima
431490205001961,431490205001961,Santa Rosa de Lima,Santa Rosa de Lima
431490205001962,431490205001962,Santa Rosa de Lima,Santa Rosa de Lima
431490205001964,431490205001964,Santa Rosa de Lima,Santa Rosa de Lima
431490205001965,431490205001965,Santa Rosa de Lima,Santa Rosa de Lima
431490205001966,431490205001966,Santa Rosa de Lima,Santa Rosa de Lima
431490205001967,431490205001967,Santa Rosa de Lima,Santa Rosa de Lima
431490205001968,431490205001968,Santa Rosa de Lima,Santa Rosa de Lima
431490205001970,431490205001970,Santa Rosa de Lima,Santa Rosa de Lima
431490205001971,431490205001971,Santa Rosa de Lima,Santa Rosa de Lima
431490205001972,431490205001972,Santa Rosa de Lima,Santa Rosa de Lima
431490205001973,431490205001973,Santa Rosa de Lima,Santa Rosa de Lima
431490205001974,431490205001974,Santa Rosa de Lima,Santa Rosa de Lima
431490205001975,431490205001975,Santa Rosa de Lima,Santa Rosa de Lima
431490205001976,431490205001976,Santa Rosa de Lima,Santa Rosa de Lima
431490205001977,431490205001977,Santa Rosa de Lima,Santa Rosa de Lima
431490205001978,431490205001978,Santa Rosa de Lima,Santa Rosa de Lima
431490205001979,431490205001979,Santa Rosa de Lima,Santa Rosa de Lima
431490205001980,431490205001980,Santa Rosa de Lima,Santa Rosa de Lima
431490205001981,431490205001981,Santa Rosa de Lima,Santa Rosa de Lima
431490205001982,431490205001982,Rubem Berta,Rubem Berta
431490205001983,431490205001983,Rubem Berta,Rubem Berta
431490205001984,431490205001984,Rubem Berta,Rubem Berta
431490205001985,431490205001985,Rubem Berta,Rubem Berta
431490205001986,431490205001986,Rubem Berta,Rubem Berta
431490205001987,431490205001987,Rubem Berta,Rubem Berta
431490205001988,431490205001988,Rubem Berta,Rubem Berta
431490205001989,431490205001989,Rubem Berta,Rubem Berta
431490205001990,431490205001990,Rubem Berta,Rubem Berta
431490205001991,431490205001991,Rubem Berta,Rubem Berta
431490205001992,431490205001992,Rubem Berta,Rubem Berta
431490205001993,431490205001993,Rubem Berta,Rubem Berta
431490205001994,431490205001994,Rubem Berta,Rubem Berta
431490205001995,431490205001995,Rubem Berta,Rubem Berta
431490205001996,431490205001996,Santa Rosa de Lima,Santa Rosa de Lima
431490205001997,431490205001997,Parque Santa Fé,Parque Santa Fé
431490205001999,431490205001999,Parque Santa Fé,Parque Santa Fé
431490205002001,431490205002001,Parque Santa Fé,Parque Santa Fé
431490205002002,431490205002002,Parque Santa Fé,Parque Santa Fé
431490205002003,431490205002003,Costa e Silva,Costa e Silva
431490205002004,431490205002004,Costa e Silva,Costa e Silva
431490205002005,431490205002005,Costa e Silva,Costa e Silva
431490205002006,431490205002006,Costa e Silva,Costa e Silva
431490205002007,431490205002007,Costa e Silva,Costa e Silva
431490205002008,431490205002008,Costa e Silva,Costa e Silva
431490205002009,431490205002009,Parque Santa Fé,Parque Santa Fé
431490205002010,431490205002010,Parque Santa Fé,Parque Santa Fé
431490205002011,431490205002011,Parque Santa Fé,Parque Santa Fé
431490205002013,431490205002013,Parque Santa Fé,Parque Santa Fé
431490205002014,431490205002014,Rubem Berta,Rubem Berta
431490205002015,431490205002015,Rubem Berta,Rubem Berta
431490205002016,431490205002016,Rubem Berta,Rubem Berta
431490205002018,431490205002018,Rubem Berta,Rubem Berta
431490205002019,431490205002019,Rubem Berta,Rubem Berta
431490205002020,431490205002020,Rubem Berta,Rubem Berta
431490205002021,431490205002021,Rubem Berta,Rubem Berta
431490205002022,431490205002022,Rubem Berta,Rubem Berta
431490205002023,431490205002023,Rubem Berta,Rubem Berta
431490205002024,431490205002024,Rubem Berta,Rubem Berta
431490205002025,431490205002025,Rubem Berta,Rubem Berta
431490205002026,431490205002026,Rubem Berta,Rubem Berta
431490205002027,431490205002027,Rubem Berta,Rubem Berta
431490205002028,431490205002028,Rubem Berta,Rubem Berta
431490205002029,431490205002029,Rubem Berta,Rubem Berta
431490205002030,431490205002030,Rubem Berta,Rubem Berta
431490205002031,431490205002031,Rubem Berta,Rubem Berta
431490205002032,431490205002032,Rubem Berta,Rubem Berta
431490205002033,431490205002033,Rubem Berta,Rubem Berta
431490205002034,431490205002034,Rubem Berta,Rubem Berta
431490205002035,431490205002035,Rubem Berta,Rubem Berta
431490205002036,431490205002036,Rubem Berta,Rubem Berta
431490205002037,431490205002037,Rubem Berta,Rubem Berta
431490205002038,431490205002038,Rubem Berta,Rubem Berta
431490205002039,431490205002039,Mário Quintana,Mário Quintana
431490205002040,431490205002040,Mário Quintana,Mário Quintana
431490205002041,431490205002041,Rubem Berta,Rubem Berta
431490205002042,431490205002042,Rubem Berta,Rubem Berta
431490205002043,431490205002043,Rubem Berta,Rubem Berta
431490205002046,431490205002046,Mário Quintana,Mário Quintana
431490205002048,431490205002048,Mário Quintana,Mário Quintana
431490205002049,431490205002049,Mário Quintana,Mário Quintana
431490205002050,431490205002050,Mário Quintana,Mário Quintana
431490205002051,431490205002051,Mário Quintana,Mário Quintana
431490205002053,431490205002053,Mário Quintana,Mário Quintana
431490205002054,431490205002054,Mário Quintana,Mário Quintana
431490205002056,431490205002056,Mário Quintana,Mário Quintana
431490205002058,431490205002058,Mário Quintana,Mário Quintana
431490205002059,431490205002059,Mário Quintana,Mário Quintana
431490205002060,431490205002060,Mário Quintana,Mário Quintana
431490205002061,431490205002061,Mário Quintana,Mário Quintana
431490205002062,431490205002062,Mário Quintana,Mário Quintana
431490205002063,431490205002063,Mário Quintana,Mário Quintana
431490205002064,431490205002064,Mário Quintana,Mário Quintana
431490205002065,431490205002065,Mário Quintana,Mário Quintana
431490205002066,431490205002066,Mário Quintana,Mário Quintana
431490205002067,431490205002067,Mário Quintana,Mário Quintana
431490205002070,431490205002070,Mário Quintana,Mário Quintana
431490205002072,431490205002072,Mário Quintana,Mário Quintana
431490205002073,431490205002073,Passo das Pedras,Passo das Pedras
431490205002075,431490205002075,Passo das Pedras,Passo das Pedras
431490205002076,431490205002076,Passo das Pedras,Passo das Pedras
431490205002077,431490205002077,Passo das Pedras,Passo das Pedras
431490205002078,431490205002078,Passo das Pedras,Passo das Pedras
431490205002080,431490205002080,Jardim Leopoldina,Jardim Leopoldina
431490205002081,431490205002081,Jardim Leopoldina,Jardim Leopoldina
431490205002082,431490205002082,Jardim Leopoldina,Jardim Leopoldina
431490205002083,431490205002083,Jardim Leopoldina,Jardim Leopoldina
431490205002084,431490205002084,Jardim Leopoldina,Jardim Leopoldina
431490205002085,431490205002085,Jardim Leopoldina,Jardim Leopoldina
431490205002086,431490205002086,Jardim Leopoldina,Jardim Leopoldina
431490205002087,431490205002087,Jardim Leopoldina,Jardim Leopoldina
431490205002088,431490205002088,Jardim Leopoldina,Jardim Leopoldina
431490205002089,431490205002089,Jardim Leopoldina,Jardim Leopoldina
431490205002090,431490205002090,Jardim Leopoldina,Jardim Leopoldina
431490205002091,431490205002091,Jardim Leopoldina,Jardim Leopoldina
431490205002092,431490205002092,Jardim Leopoldina,Jardim Leopoldina
431490205002093,431490205002093,Jardim Leopoldina,Jardim Leopoldina
431490205002094,431490205002094,Jardim Leopoldina,Jardim Leopoldina
431490205002095,431490205002095,Jardim Leopoldina,Jardim Leopoldina
431490205002096,431490205002096,Jardim Leopoldina,Jardim Leopoldina
431490205002098,431490205002098,Jardim Leopoldina,Jardim Leopoldina
431490205002099,431490205002099,Jardim Leopoldina,Jardim Leopoldina
431490205002100,431490205002100,Jardim Leopoldina,Jardim Leopoldina
431490205002101,431490205002101,Jardim Leopoldina,Jardim Leopoldina
431490205002102,431490205002102,Jardim Leopoldina,Jardim Leopoldina
431490205002103,431490205002103,Jardim Leopoldina,Jardim Leopoldina
431490205002104,431490205002104,Jardim Leopoldina,Jardim Leopoldina
431490205002105,431490205002105,Jardim Leopoldina,Jardim Leopoldina
431490205002106,431490205002106,Jardim Leopoldina,Jardim Leopoldina
431490205002107,431490205002107,Jardim Leopoldina,Jardim Leopoldina
431490205002108,431490205002108,Jardim Leopoldina,Jardim Leopoldina
431490205002109,431490205002109,Jardim Leopoldina,Jardim Leopoldina
431490205002110,431490205002110,Jardim Leopoldina,Jardim Leopoldina
431490205002111,431490205002111,Jardim Leopoldina,Jardim Leopoldina
431490205002112,431490205002112,Jardim Leopoldina,Jardim Leopoldina
431490205002114,431490205002114,Passo das Pedras,Passo das Pedras
431490205002115,431490205002115,Passo das Pedras,Passo das Pedras
431490205002118,431490205002118,Passo das Pedras,Passo das Pedras
431490205002119,431490205002119,Passo das Pedras,Passo das Pedras
431490205002121,431490205002121,Passo das Pedras,Passo das Pedras
431490205002122,431490205002122,Passo das Pedras,Passo das Pedras
431490205002123,431490205002123,Passo das Pedras,Passo das Pedras
431490205002124,431490205002124,Passo das Pedras,Passo das Pedras
431490205002125,431490205002125,Morro Santana,Morro Santana
431490205002126,431490205002126,Morro Santana,Morro Santana
431490205002127,431490205002127,Morro Santana,Morro Santana
431490205002128,431490205002128,Morro Santana,Morro Santana
431490205002129,431490205002129,Morro Santana,Morro Santana
431490205002130,431490205002130,Morro Santana,Morro Santana
431490205002131,431490205002131,Morro Santana,Morro Santana
431490205002132,431490205002132,Morro Santana,Morro Santana
431490205002133,431490205002133,Morro Santana,Morro Santana
431490205002134,431490205002134,Morro Santana,Morro Santana
431490205002135,431490205002135,Morro Santana,Morro Santana
431490205002136,431490205002136,Morro Santana,Morro Santana
431490205002137,431490205002137,Anchieta,Anchieta
431490205002138,431490205002138,Sarandi,Sarandi
431490205002139,431490205002139,Anchieta,Anchieta
431490205002141,431490205002141,Sarandi,Sarandi
431490205002143,431490205002143,Sarandi,Sarandi
431490205002148,431490205002148,Santa Rosa de Lima,Santa Rosa de Lima
431490205002149,431490205002149,Santa Rosa de Lima,Santa Rosa de Lima
431490205002150,431490205002150,Santa Rosa de Lima,Santa Rosa de Lima
431490205002151,431490205002151,Santa Rosa de Lima,Santa Rosa de Lima
431490205002152,431490205002152,Santa Rosa de Lima,Santa Rosa de Lima
431490205002153,431490205002153,Santa Rosa de Lima,Santa Rosa de Lima
431490205002154,431490205002154,Santa Rosa de Lima,Santa Rosa de Lima
431490205002155,431490205002155,Santa Rosa de Lima,Santa Rosa de Lima
431490205002158,431490205002158,Centro Histórico,Centro Histórico
431490205002159,431490205002159,Centro Histórico,Centro Histórico
431490205002163,431490205002163,Cidade Baixa,Cidade Baixa
431490205002164,431490205002164,Cidade Baixa,Cidade Baixa
431490205002167,431490205002167,Santa Cecília,Santa Cecília
431490205002168,431490205002168,Jardim Botânico,Jardim Botânico
431490205002169,431490205002169,Bom Jesus,Bom Jesus
431490205002170,431490205002170,Bom Jesus,Bom Jesus
431490205002171,431490205002171,Glória,Glória
431490205002172,431490205002172,Partenon,Partenon
431490205002173,431490205002173,Partenon,Partenon
431490205002174,431490205002174,Santo Antônio,Santo Antônio
431490205002175,431490205002175,Azenha,Azenha
431490205002176,431490205002176,Azenha,Azenha
431490205002177,431490205002177,Menino-Deus,Menino-Deus
431490205002178,431490205002178,Menino-Deus,Menino-Deus
431490205002179,431490205002179,Menino-Deus,Menino-Deus
431490205002180,431490205002180,Menino-Deus,Menino-Deus
431490205002181,431490205002181,Menino-Deus,Menino-Deus
431490205002182,431490205002182,Santa Tereza,Santa Tereza
431490205002183,431490205002183,Santa Tereza,Santa Tereza
431490205002184,431490205002184,Hípica,Hípica
431490205002185,431490205002185,Cascata,Cascata
431490205002186,431490205002186,Cascata,Cascata
431490205002187,431490205002187,Jardim Isabel,Jardim Isabel
431490205002188,431490205002188,Lomba do Pinheiro,Lomba do Pinheiro
431490205002189,431490205002189,Lomba do Pinheiro,Lomba do Pinheiro
431490205002190,431490205002190,Lomba do Pinheiro,Lomba do Pinheiro
431490205002191,431490205002191,Lomba do Pinheiro,Lomba do Pinheiro
431490205002192,431490205002192,Lomba do Pinheiro,Lomba do Pinheiro
431490205002193,431490205002193,Lomba do Pinheiro,Lomba do Pinheiro
431490205002194,431490205002194,Restinga,Restinga
431490205002195,431490205002195,Restinga,Restinga
431490205002196,431490205002196,Restinga,Restinga
431490205002197,431490205002197,Restinga,Restinga
431490205002199,431490205002199,Restinga,Restinga
431490205002200,431490205002200,Belém Velho,Belém Velho
431490205002201,431490205002201,Belém Velho,Belém Velho
431490205002206,431490205002206,Cavalhada,Cavalhada
431490205002207,431490205002207,Vila Nova,Vila Nova
431490205002208,431490205002208,Camaquã,Camaquã
431490205002209,431490205002209,Tristeza,Tristeza
431490205002210,431490205002210,Jardim Isabel,Jardim Isabel
431490205002213,431490205002213,Ipanema,Ipanema
431490205002214,431490205002214,Lomba do Pinheiro,Lomba do Pinheiro
431490205002215,431490205002215,Extrema,Extrema
431490205002216,431490205002216,Farrapos,Farrapos
431490205002219,431490205002219,Bom Fim,Bom Fim
431490205002220,431490205002220,Rio Branco,Rio Branco
431490205002221,431490205002221,Rio Branco,Rio Branco
431490205002224,431490205002224,Auxiliadora,Auxiliadora
431490205002225,431490205002225,Auxiliadora,Auxiliadora
431490205002226,431490205002226,Higienópolis,Higienópolis
431490205002227,431490205002227,Passo da Areia,Passo da Areia
431490205002229,431490205002229,Boa Vista,Boa Vista
431490205002230,431490205002230,Boa Vista,Boa Vista
431490205002231,431490205002231,Três Figueiras,Três Figueiras
431490205002232,431490205002232,Jardim Botânico,Jardim Botânico
431490205002233,431490205002233,Jardim Lindóia,Jardim Lindóia
431490205002234,431490205002234,Petrópolis,Petrópolis
431490205002235,431490205002235,Petrópolis,Petrópolis
431490205002236,431490205002236,Petrópolis,Petrópolis
431490205002237,431490205002237,Petrópolis,Petrópolis
431490205002238,431490205002238,Petrópolis,Petrópolis
431490205002239,431490205002239,Petrópolis,Petrópolis
431490205002240,431490205002240,Petrópolis,Petrópolis
431490205002242,431490205002242,Jardim Botânico,Jardim Botânico
431490205002243,431490205002243,Jardim Carvalho,Jardim Carvalho
431490205002244,431490205002244,Glória,Glória
431490205002245,431490205002245,Vila Nova,Vila Nova
431490205002246,431490205002246,Vila Nova,Vila Nova
431490205002247,431490205002247,Vila Nova,Vila Nova
431490205002248,431490205002248,Vila Nova,Vila Nova
431490205002249,431490205002249,Vila Nova,Vila Nova
431490205002250,431490205002250,Tristeza,Tristeza
431490205002251,431490205002251,Ponta Grossa,Ponta Grossa
431490205002252,431490205002252,Ponta Grossa,Ponta Grossa
431490205002253,431490205002253,Ponta Grossa,Ponta Grossa
431490205002254,431490205002254,Vila Nova,Vila Nova
431490205002255,431490205002255,Hípica,Hípica
431490205002256,431490205002256,Farrapos,Farrapos
431490205002257,431490205002257,Rio Branco,Rio Branco
431490205002258,431490205002258,Rio Branco,Rio Branco
431490205002259,431490205002259,Rio Branco,Rio Branco
431490205002260,431490205002260,Bela Vista,Bela Vista
431490205002261,431490205002261,Bela Vista,Bela Vista
431490205002262,431490205002262,Bela Vista,Bela Vista
431490205002263,431490205002263,Mont’Serrat,Mont’Serrat
431490205002264,431490205002264,Mont’Serrat,Mont’Serrat
431490205002265,431490205002265,Costa e Silva,Costa e Silva
431490205002266,431490205002266,Costa e Silva,Costa e Silva
431490205002267,431490205002267,Auxiliadora,Auxiliadora
431490205002268,431490205002268,Passo da Areia,Passo da Areia
431490205002269,431490205002269,Boa Vista,Boa Vista
431490205002272,431490205002272,Chácara das Pedras,Chácara das Pedras
431490205002273,431490205002273,Vila Ipiranga,Vila Ipiranga
431490205002274,431490205002274,Jardim Itu,Jardim Itu
431490205002275,431490205002275,Jardim Itu,Jardim Itu
431490205002276,431490205002276,Jardim Itu,Jardim Itu
431490205002278,431490205002278,Sarandi,Sarandi
431490205002282,431490205002282,Restinga,Restinga
431490205002283,431490205002283,Jardim Botânico,Jardim Botânico
431490205002284,431490205002284,Jardim Leopoldina,Jardim Leopoldina
431490205002285,431490205002285,Jardim Leopoldina,Jardim Leopoldina
431490205002286,431490205002286,Teresópolis,Teresópolis
431490205002287,431490205002287,Rubem Berta,Rubem Berta
431490205002288,431490205002288,Rubem Berta,Rubem Berta
431490205002289,431490205002289,Rubem Berta,Rubem Berta
431490205002290,431490205002290,Rubem Berta,Rubem Berta
431490205002291,431490205002291,Rubem Berta,Rubem Berta
431490205002292,431490205002292,Rubem Berta,Rubem Berta
431490205002293,431490205002293,Santo Antônio,Santo Antônio
431490205002294,431490205002294,Santo Antônio,Santo Antônio
431490205002295,431490205002295,Santo Antônio,Santo Antônio
431490205002296,431490205002296,Santo Antônio,Santo Antônio
431490205002297,431490205002297,Santo Antônio,Santo Antônio
431490205002298,431490205002298,Santo Antônio,Santo Antônio
431490205002299,431490205002299,Vila Ipiranga,Vila Ipiranga
431490205002301,431490205002301,Jardim Sabará,Jardim Sabará
431490205002302,431490205002302,Sarandi,Sarandi
431490205002305,431490205002305,Campo Novo,Campo Novo
431490205002306,431490205002306,Cristo Redentor,Cristo Redentor
431490205002307,431490205002307,Cristo Redentor,Cristo Redentor
431490205002308,431490205002308,Rubem Berta,Rubem Berta
431490205002309,431490205002309,Jardim Carvalho,Jardim Carvalho
431490205002311,431490205002311,Jardim Itu,Jardim Itu
431490205002312,431490205002312,Lageado,Lageado
431490205002313,431490205002313,Mário Quintana,Mário Quintana
431490205002315,431490205002315,Mário Quintana,Mário Quintana
431490205002316,431490205002316,Cristo Redentor,Cristo Redentor
431490205002317,431490205002317,Mário Quintana,Mário Quintana
431490205002318,431490205002318,Aberta dos Morros,Aberta dos Morros
431490205002319,431490205002319,Campo Novo,Campo Novo
431490205002320,431490205002320,Higienópolis,Higienópolis
431490205002321,431490205002321,Restinga,Restinga
431490205002324,431490205002324,Lami,Lami
431490205002325,431490205002325,Belém Novo,Belém Novo
431490205002326,431490205002326,Campo Novo,Campo Novo
431490205002329,431490205002329,Vila João Pessoa,Vila João Pessoa
431490205002330,431490205002330,Cristal,Cristal
431490205002331,431490205002331,Santa Tereza,Santa Tereza
431490205002332,431490205002332,Cavalhada,Cavalhada
431490205002333,431490205002333,Cavalhada,Cavalhada
431490205002334,431490205002334,Cavalhada,Cavalhada
431490205002335,431490205002335,Costa e Silva,Costa e Silva
431490205002337,431490205002337,Costa e Silva,Costa e Silva
431490205002341,431490205002341,Mário Quintana,Mário Quintana
431490205002342,431490205002342,Santa Tereza,Santa Tereza
431490205002343,431490205002343,Vila Ipiranga,Vila Ipiranga
431490205002344,431490205002344,Vila Ipiranga,Vila Ipiranga
431490205002345,431490205002345,Vila Ipiranga,Vila Ipiranga
431490205002346,431490205002346,Vila Ipiranga,Vila Ipiranga
431490205002347,431490205002347,Vila Ipiranga,Vila Ipiranga
431490205002348,431490205002348,Lomba do Pinheiro,Lomba do Pinheiro
431490205002349,431490205002349,Sarandi,Sarandi
431490205002351,431490205002351,Vila Jardim,Vila Jardim
431490205002352,431490205002352,Vila Jardim,Vila Jardim
431490205002353,431490205002353,Anchieta,Anchieta
431490205002354,431490205002354,Vila Jardim,Vila Jardim
431490205002355,431490205002355,Jardim Carvalho,Jardim Carvalho
431490205002356,431490205002356,Guarujá,Guarujá
431490205002357,431490205002357,Guarujá,Guarujá
431490205002358,431490205002358,Arquipélago,Arquipélago
431490205002359,431490205002359,Arquipélago,Arquipélago
431490205002360,431490205002360,Arquipélago,Arquipélago
431490205002361,431490205002361,Belém Novo,Belém Novo
431490205002363,431490205002363,Glória,Glória
431490205002364,431490205002364,Glória,Glória
431490205002365,431490205002365,Vila Nova,Vila Nova
431490205002366,431490205002366,Teresópolis,Teresópolis
431490205002368,431490205002368,Menino-Deus,Menino-Deus
431490205002369,431490205002369,Menino-Deus,Menino-Deus
431490205002370,431490205002370,Vila Nova,Vila Nova
431490205002371,431490205002371,Tristeza,Tristeza
431490205002372,431490205002372,Restinga,Restinga
431490205002374,431490205002374,Ponta Grossa,Ponta Grossa
431490205002375,431490205002375,Lomba do Pinheiro,Lomba do Pinheiro
431490205002376,431490205002376,Jardim Lindóia,Jardim Lindóia
431490205002378,431490205002378,Santa Rosa de Lima,Santa Rosa de Lima
431490205002379,431490205002379,Santa Rosa de Lima,Santa Rosa de Lima
431490205002380,431490205002380,Santa Rosa de Lima,Santa Rosa de Lima
431490205002382,431490205002382,Santa Rosa de Lima,Santa Rosa de Lima
431490205002385,431490205002385,Sarandi,Sarandi
431490205002386,431490205002386,Sarandi,Sarandi
431490205002387,431490205002387,Hípica,Hípica
431490205002388,431490205002388,Hípica,Hípica
431490205002389,431490205002389,Hípica,Hípica
431490205002390,431490205002390,Passo das Pedras,Passo das Pedras
431490205002391,431490205002391,Passo das Pedras,Passo das Pedras
431490205002392,431490205002392,Jardim Europa,Jardim Europa
431490205002393,431490205002393,Santana,Santana
431490205002394,431490205002394,Praia de Belas,Praia de Belas
431490205002395,431490205002395,Glória,Glória
431490205002396,431490205002396,Partenon,Partenon
431490205002398,431490205002398,Restinga,Restinga
431490205002399,431490205002399,Vila Nova,Vila Nova
431490205002400,431490205002400,Tristeza,Tristeza
431490205002401,431490205002401,Farrapos,Farrapos
431490205002402,431490205002402,Rio Branco,Rio Branco
431490205002403,431490205002403,Bom Fim,Bom Fim
431490205002404,431490205002404,Rio Branco,Rio Branco
431490205002405,431490205002405,Jardim Itu,Jardim Itu
431490205002406,431490205002406,Sarandi,Sarandi
431490205002407,431490205002407,Sarandi,Sarandi
431490205002408,431490205002408,Rubem Berta,Rubem Berta
431490205002409,431490205002409,Mário Quintana,Mário Quintana
431490205002410,431490205002410,Farrapos,Farrapos
431490205002411,431490205002411,Cavalhada,Cavalhada
431490205002412,431490205002412,Cavalhada,Cavalhada
431490205002413,431490205002413,Lomba do Pinheiro,Lomba do Pinheiro
431490205002414,431490205002414,Belém Velho,Belém Velho
431490205002415,431490205002415,Morro Santana,Morro Santana
431490205002416,431490205002416,Mário Quintana,Mário Quintana
431490205002417,431490205002417,Lomba do Pinheiro,Lomba do Pinheiro
431490205002418,431490205002418,Coronel Aparício Borges,Coronel Aparício Borges
431490205002419,431490205002419,Vila São José,Vila São José
431490205002420,431490205002420,Restinga,Restinga
431490205002421,431490205002421,Cavalhada,Cavalhada
431490205002422,431490205002422,Cavalhada,Cavalhada
431490205002423,431490205002423,Mário Quintana,Mário Quintana
431490205002426,431490205002426,Hípica,Hípica
431490205002427,431490205002427,Hípica,Hípica
431490205002428,431490205002428,Hípica,Hípica
431490205002429,431490205002429,Hípica,Hípica
431490205002430,431490205002430,Hípica,Hípica
431490205002431,431490205002431,Hípica,Hípica
431490205002432,431490205002432,Santa Rosa de Lima,Santa Rosa de Lima
431490205002433,431490205002433,Santa Rosa de Lima,Santa Rosa de Lima
431490205002434,431490205002434,Jardim Carvalho,Jardim Carvalho
431490205002435,431490205002435,Jardim Carvalho,Jardim Carvalho
431490205002436,431490205002436,Coronel Aparício Borges,Coronel Aparício Borges
431490205002437,431490205002437,Coronel Aparício Borges,Coronel Aparício Borges
431490205002438,431490205002438,Coronel Aparício Borges,Coronel Aparício Borges
431490205002439,431490205002439,Coronel Aparício Borges,Coronel Aparício Borges
431490205002440,431490205002440,Cristal,Cristal
431490205002441,431490205002441,Cristal,Cristal
431490205002442,431490205002442,Belém Velho,Belém Velho
431490205002443,431490205002443,Belém Velho,Belém Velho
431490205002444,431490205002444,Humaitá,Humaitá
431490205002445,431490205002445,Humaitá,Humaitá
431490205002446,431490205002446,Passo das Pedras,Passo das Pedras
431490205002447,431490205002447,Passo das Pedras,Passo das Pedras
431490205002448,431490205002448,Restinga,Restinga
431490205002449,431490205002449,Restinga,Restinga
431490205002450,431490205002450,Restinga,Restinga
431490205002451,431490205002451,Jardim Botânico,Jardim Botânico
431490205002452,431490205002452,Jardim Botânico,Jardim Botânico
431490205002453,431490205002453,Três Figueiras,Três Figueiras
431490205002454,431490205002454,Três Figueiras,Três Figueiras
431490205002455,431490205002455,Três Figueiras,Três Figueiras
431490205002456,431490205002456,Azenha,Azenha
431490205002457,431490205002457,Azenha,Azenha
431490205002458,431490205002458,Menino-Deus,Menino-Deus
431490205002459,431490205002459,Menino-Deus,Menino-Deus
431490205002460,431490205002460,Campo Novo,Campo Novo
431490205002461,431490205002461,Aberta dos Morros,Aberta dos Morros
431490205002462,431490205002462,Aberta dos Morros,Aberta dos Morros
431490205002463,431490205002463,Hípica,Hípica
431490205002464,431490205002464,Jardim Carvalho,Jardim Carvalho
431490205002465,431490205002465,Agronomia,Agronomia
431490205002466,431490205002466,Navegantes,Navegantes
431490205002467,431490205002467,Rio Branco,Rio Branco
431490205002468,431490205002468,Bela Vista,Bela Vista
431490205002469,431490205002469,Partenon,Partenon
431490205002470,431490205002470,Partenon,Partenon
431490205002471,431490205002471,Petrópolis,Petrópolis
431490205002472,431490205002472,Petrópolis,Petrópolis
431490205002473,431490205002473,Cavalhada,Cavalhada
431490205002474,431490205002474,Cavalhada,Cavalhada
431490205002475,431490205002475,Coronel Aparício Borges,Coronel Aparício Borges
431490205002476,431490205002476,Coronel Aparício Borges,Coronel Aparício Borges
431490205002477,431490205002477,Bom Jesus,Bom Jesus
431490205002478,431490205002478,Jardim do Salso,Jardim do Salso
431490205002479,431490205002479,Jardim do Salso,Jardim do Salso
431490205002480,431490205002480,Jardim do Salso,Jardim do Salso
431490205002482,431490205002482,Bom Jesus,Bom Jesus
431490205002483,431490205002483,Jardim Carvalho,Jardim Carvalho
431490205002484,431490205002484,Camaquã,Camaquã
431490205002485,431490205002485,Cavalhada,Cavalhada
431490205002486,431490205002486,Ipanema,Ipanema
431490205002487,431490205002487,Cavalhada,Cavalhada
431490205002488,431490205002488,Santa Tereza,Santa Tereza
431490205002489,431490205002489,Cristal,Cristal
431490205002490,431490205002490,Jardim Lindóia,Jardim Lindóia
431490205002491,431490205002491,Cristo Redentor,Cristo Redentor
431490205002492,431490205002492,Ipanema,Ipanema
431490205002493,431490205002493,Espírito Santo,Espírito Santo
431490205002494,431490205002494,Espírito Santo,Espírito Santo
431490205002495,431490205002495,Guarujá,Guarujá
431490205002496,431490205002496,Guarujá,Guarujá
431490205002497,431490205002497,Guarujá,Guarujá
431490205002500,431490205002500,Humaitá,Humaitá
431490205002501,431490205002501,Humaitá,Humaitá
431490205002502,431490205002502,Hípica,Hípica
431490205002503,431490205002503,Vila Nova,Vila Nova
431490205002504,431490205002504,Vila Nova,Vila Nova
431490205002505,431490205002505,Vila Nova,Vila Nova
431490205002506,431490205002506,Camaquã,Camaquã
431490205002507,431490205002507,Cavalhada,Cavalhada
431490205002508,431490205002508,Hípica,Hípica
431490205002509,431490205002509,Chapéu do Sol,Chapéu do Sol
431490205002510,431490205002510,Chapéu do Sol,Chapéu do Sol
431490205002511,431490205002511,Chapéu do Sol,Chapéu do Sol
431490205002512,431490205002512,Chapéu do Sol,Chapéu do Sol
431490205002513,431490205002513,Jardim Itu,Jardim Itu
431490205002514,431490205002514,Jardim Sabará,Jardim Sabará
431490205002515,431490205002515,Boa Vista,Boa Vista
431490205002516,431490205002516,Passo da Areia,Passo da Areia
431490205002517,431490205002517,Santa Rosa de Lima,Santa Rosa de Lima
431490205002518,431490205002518,Santa Rosa de Lima,Santa Rosa de Lima
431490205002519,431490205002519,Sarandi,Sarandi
431490205002520,431490205002520,São Sebastião,São Sebastião
431490205002521,431490205002521,São Sebastião,São Sebastião
431490205002522,431490205002522,Tristeza,Tristeza
431490205002523,431490205002523,Sétimo Céu,Sétimo Céu
431490205002524,431490205002524,Centro Histórico,Centro Histórico
431490205002525,431490205002525,Azenha,Azenha
431490205002526,431490205002526,Ipanema,Ipanema
431490205002527,431490205002527,Belém Novo,Belém Novo
431490205002529,431490205002529,Anchieta,Anchieta
431490205002530,431490205002530,Farroupilha,Farroupilha
431490205002531,431490205002531,Vila Nova,Vila Nova
431490205002532,431490205002532,Humaitá,Humaitá
431490205002533,431490205002533,Moinhos de Vento,Moinhos de Vento
431490205002534,431490205002534,Santa Rosa de Lima,Santa Rosa de Lima
431490205002535,431490205002535,Santana,Santana
431490205002536,431490205002536,Santana,Santana
431490205002537,431490205002537,Petrópolis,Petrópolis
431490205002538,431490205002538,Petrópolis,Petrópolis
431490205002539,431490205002539,Jardim Carvalho,Jardim Carvalho
431490205002540,431490205002540,Jardim Carvalho,Jardim Carvalho
431490205002541,431490205002541,Jardim Carvalho,Jardim Carvalho
431490205002542,431490205002542,Jardim Carvalho,Jardim Carvalho
431490205002543,431490205002543,Partenon,Partenon
431490205002544,431490205002544,Partenon,Partenon
431490205002545,431490205002545,Azenha,Azenha
431490205002546,431490205002546,Azenha,Azenha
431490205002547,431490205002547,Menino-Deus,Menino-Deus
431490205002548,431490205002548,Menino-Deus,Menino-Deus
431490205002549,431490205002549,Lomba do Pinheiro,Lomba do Pinheiro
431490205002550,431490205002550,Lomba do Pinheiro,Lomba do Pinheiro
431490205002551,431490205002551,Morro Santana,Morro Santana
431490205002552,431490205002552,Morro Santana,Morro Santana
431490205002553,431490205002553,Azenha,Azenha
431490205002554,431490205002554,Azenha,Azenha
431490205002555,431490205002555,Restinga,Restinga
431490205002556,431490205002556,Restinga,Restinga
431490205002557,431490205002557,Restinga,Restinga
431490205002558,431490205002558,Cavalhada,Cavalhada
431490205002559,431490205002559,Cavalhada,Cavalhada
431490205002560,431490205002560,Cavalhada,Cavalhada
431490205002561,431490205002561,Camaquã,Camaquã
431490205002562,431490205002562,Camaquã,Camaquã
431490205002563,431490205002563,Camaquã,Camaquã
431490205002564,431490205002564,Hípica,Hípica
431490205002565,431490205002565,Hípica,Hípica
431490205002566,431490205002566,Hípica,Hípica
431490205002567,431490205002567,Campo Novo,Campo Novo
431490205002568,431490205002568,Campo Novo,Campo Novo
431490205002569,431490205002569,Farrapos,Farrapos
431490205002570,431490205002570,Farrapos,Farrapos
431490205002571,431490205002571,Farrapos,Farrapos
431490205002572,431490205002572,Humaitá,Humaitá
431490205002573,431490205002573,Humaitá,Humaitá
431490205002574,431490205002574,Humaitá,Humaitá
431490205002575,431490205002575,Humaitá,Humaitá
431490205002576,431490205002576,São Geraldo,São Geraldo
431490205002577,431490205002577,São Geraldo,São Geraldo
431490205002578,431490205002578,São Geraldo,São Geraldo
431490205002579,431490205002579,Passo da Areia,Passo da Areia
431490205002580,431490205002580,Passo da Areia,Passo da Areia
431490205002581,431490205002581,Boa Vista,Boa Vista
431490205002582,431490205002582,Boa Vista,Boa Vista
431490205002583,431490205002583,Jardim Europa,Jardim Europa
431490205002584,431490205002584,Jardim Europa,Jardim Europa
431490205002585,431490205002585,Jardim Itu,Jardim Itu
431490205002586,431490205002586,Jardim Itu,Jardim Itu
431490205002587,431490205002587,Jardim Sabará,Jardim Sabará
431490205002588,431490205002588,Jardim Sabará,Jardim Sabará
431490205002589,431490205002589,Sarandi,Sarandi
431490205002590,431490205002590,Sarandi,Sarandi
431490205002591,431490205002591,Sarandi,Sarandi
431490205002592,431490205002592,Sarandi,Sarandi
431490205002593,431490205002593,Santa Rosa de Lima,Santa Rosa de Lima
431490205002594,431490205002594,Santa Rosa de Lima,Santa Rosa de Lima
431490205002595,431490205002595,Parque Santa Fé,Parque Santa Fé
431490205002596,431490205002596,Parque Santa Fé,Parque Santa Fé
431490205002597,431490205002597,Passo das Pedras,Passo das Pedras
431490205002598,431490205002598,Passo das Pedras,Passo das Pedras
431490205002599,431490205002599,Passo das Pedras,Passo das Pedras
431490205002600,431490205002600,Passo das Pedras,Passo das Pedras
431490205002601,431490205002601,Vila Nova,Vila Nova
431490205002602,431490205002602,Vila Nova,Vila Nova
431490205002603,431490205002603,Vila Nova,Vila Nova
431490205002604,431490205002604,Bela Vista,Bela Vista
431490205002605,431490205002605,Bela Vista,Bela Vista
431490205002606,431490205002606,Mário Quintana,Mário Quintana
431490205002607,431490205002607,Mário Quintana,Mário Quintana
431490205002608,431490205002608,Mário Quintana,Mário Quintana
431490205002609,431490205002609,Mário Quintana,Mário Quintana
431490205002610,431490205002610,Restinga,Restinga
431490205002611,431490205002611,Restinga,Restinga
431490205002612,431490205002612,Restinga,Restinga
431490205002613,431490205002613,Restinga,Restinga
431490205002614,431490205002614,Hípica,Hípica
431490205002615,431490205002615,Hípica,Hípica
431490205002616,431490205002616,Hípica,Hípica
431490205002617,431490205002617,Jardim Europa,Jardim Europa
431490205002618,431490205002618,Jardim Europa,Jardim Europa
431490205002619,431490205002619,Jardim Europa,Jardim Europa
431490205002620,431490205002620,Jardim Leopoldina,Jardim Leopoldina
431490205002621,431490205002621,Jardim Leopoldina,Jardim Leopoldina
431490205002622,431490205002622,Passo da Areia,Passo da Areia
431490205002623,431490205002623,Passo da Areia,Passo da Areia
431490205002624,431490205002624,Vila Jardim,Vila Jardim
431490205002625,431490205002625,Vila Jardim,Vila Jardim
431490205002626,431490205002626,Sarandi,Sarandi
431490205002627,431490205002627,Sarandi,Sarandi
431490205002628,431490205002628,Restinga,Restinga
431490205002629,431490205002629,Restinga,Restinga
431490205002630,431490205002630,Restinga,Restinga
431490205002631,431490205002631,Jardim Botânico,Jardim Botânico
431490205002632,431490205002632,Jardim Botânico,Jardim Botânico
431490205002633,431490205002633,Partenon,Partenon
431490205002634,431490205002634,Partenon,Partenon
431490205002635,431490205002635,Partenon,Partenon
431490205002636,431490205002636,Partenon,Partenon
431490205002637,431490205002637,Partenon,Partenon
431490205002638,431490205002638,Teresópolis,Teresópolis
431490205002639,431490205002639,Teresópolis,Teresópolis
431490205002640,431490205002640,Belém Velho,Belém Velho
431490205002641,431490205002641,Belém Velho,Belém Velho
431490205002642,431490205002642,Lomba do Pinheiro,Lomba do Pinheiro
431490205002643,431490205002643,Lomba do Pinheiro,Lomba do Pinheiro
431490205002644,431490205002644,Lomba do Pinheiro,Lomba do Pinheiro
431490205002646,431490205002646,Pitinga,Pitinga
431490205002647,431490205002647,Pitinga,Pitinga
431490205002648,431490205002648,Pitinga,Pitinga
431490205002649,431490205002649,Pitinga,Pitinga
431490205002650,431490205002650,Pitinga,Pitinga
431490205002651,431490205002651,Restinga,Restinga
431490205002652,431490205002652,Restinga,Restinga
431490205002653,431490205002653,Restinga,Restinga
431490205002654,431490205002654,Restinga,Restinga
431490205002655,431490205002655,Restinga,Restinga
431490205002656,431490205002656,Restinga,Restinga
431490205002657,431490205002657,Restinga,Restinga
431490205002658,431490205002658,Restinga,Restinga
431490205002659,431490205002659,Restinga,Restinga
431490205002660,431490205002660,Cristo Redentor,Cristo Redentor
431490205002661,431490205002661,Cristo Redentor,Cristo Redentor
431490205002663,431490205002663,Costa e Silva,Costa e Silva
431490205002664,431490205002664,Costa e Silva,Costa e Silva
431490205002665,431490205002665,Rubem Berta,Rubem Berta
431490205002666,431490205002666,Mário Quintana,Mário Quintana
431490205002667,431490205002667,Mário Quintana,Mário Quintana
431490205002668,431490205002668,Mário Quintana,Mário Quintana
431490205002670,431490205002670,Mário Quintana,Mário Quintana
431490205002671,431490205002671,Mário Quintana,Mário Quintana
431490205002672,431490205002672,Mário Quintana,Mário Quintana
431490205002673,431490205002673,Mário Quintana,Mário Quintana
431490205002674,431490205002674,Mário Quintana,Mário Quintana
431490205002675,431490205002675,Restinga,Restinga
431490205002676,431490205002676,Restinga,Restinga
431490205002677,431490205002677,Restinga,Restinga
431490205002678,431490205002678,Restinga,Restinga
431490205002679,431490205002679,Restinga,Restinga
431490205002680,431490205002680,Restinga,Restinga
431490205002681,431490205002681,Pitinga,Pitinga
431490205002682,431490205002682,Lomba do Pinheiro,Lomba do Pinheiro
431490205002684,431490205002684,Mário Quintana,Mário Quintana
431490205002685,431490205002685,Mário Quintana,Mário Quintana
431490205002686,431490205002686,Mário Quintana,Mário Quintana
431490205002687,431490205002687,Mário Quintana,Mário Quintana
431490205002688,431490205002688,Mário Quintana,Mário Quintana
431490205002689,431490205002689,Mário Quintana,Mário Quintana
431490205002691,431490205002691,Centro Histórico,Centro Histórico
431490205002692,431490205002692,Sarandi,Sarandi
431490205002694,431490205002694,Praia de Belas,Praia de Belas
431490205002696,431490205002696,Agronomia,Agronomia
431490205002697,431490205002697,Partenon,Partenon
431490205002698,431490205002698,Vila João Pessoa,Vila João Pessoa
431490205002699,431490205002699,Coronel Aparício Borges,Coronel Aparício Borges
431490205002700,431490205002700,Lami,Lami
431490205002701,431490205002701,Extrema,Extrema
431490205002702,431490205002702,Restinga,Restinga
431490205002703,431490205002703,Lageado,Lageado
431490205002704,431490205002704,Rubem Berta,Rubem Berta
431490205002705,431490205002705,Mário Quintana,Mário Quintana
431490205002707,431490205002707,Mário Quintana,Mário Quintana
431490205002708,431490205002708,Passo das Pedras,Passo das Pedras
431490205002709,431490205002709,Morro Santana,Morro Santana
431490205002710,431490205002710,Teresópolis,Teresópolis
431490205002711,431490205002711,Nonoai,Nonoai
431490205002712,431490205002712,Belém Velho,Belém Velho
431490205002713,431490205002713,Lomba do Pinheiro,Lomba do Pinheiro
431490205002714,431490205002714,Teresópolis,Teresópolis
431490205002715,431490205002715,Nonoai,Nonoai
431490205002716,431490205002716,Sétimo Céu,Sétimo Céu
431490205002717,431490205002717,Pedra Redonda,Pedra Redonda
431490205002718,431490205002718,Teresópolis,Teresópolis
431490205002719,431490205002719,Glória,Glória
431490205002720,431490205002720,Teresópolis,Teresópolis
431490205002721,431490205002721,Glória,Glória
431490205002723,431490205002723,Sarandi,Sarandi
431490205002724,431490205002724,Belém Novo,Belém Novo
431490205002725,431490205002725,Belém Novo,Belém Novo
431490205002726,431490205002726,Lomba do Pinheiro,Lomba do Pinheiro
431490205002727,431490205002727,São Caetano,São Caetano
431490205002728,431490205002728,Morro Santana,Morro Santana
431490205002729,431490205002729,Morro Santana,Morro Santana
431490205002730,431490205002730,Morro Santana,Morro Santana
431490205002731,431490205002731,Morro Santana,Morro Santana
431490205002732,431490205002732,Belém Velho,Belém Velho
431490205002733,431490205002733,Belém Velho,Belém Velho
431490205002734,431490205002734,Ipanema,Ipanema
431490205002735,431490205002735,Ipanema,Ipanema
431490205002736,431490205002736,São Sebastião,São Sebastião
431490205002737,431490205002737,São Sebastião,São Sebastião
431490205002738,431490205002738,São Sebastião,São Sebastião
431490205002739,431490205002739,Sarandi,Sarandi
431490205002741,431490205002741,Vila Nova,Vila Nova
431490205002742,431490205002742,Vila Nova,Vila Nova
431490205002743,431490205002743,Morro Santana,Morro Santana
431490205002744,431490205002744,Morro Santana,Morro Santana
431490205002745,431490205002745,Morro Santana,Morro Santana
431490205002746,431490205002746,Morro Santana,Morro Santana
431490205002748,431490205002748,Extrema,Extrema
431490205002749,431490205002749,Costa e Silva,Costa e Silva
431490205002750,431490205002750,Costa e Silva,Costa e Silva
431490205002751,431490205002751,Rubem Berta,Rubem Berta
431490205002752,431490205002752,Rubem Berta,Rubem Berta
431490205002753,431490205002753,Lomba do Pinheiro,Lomba do Pinheiro
431490205002754,431490205002754,Lomba do Pinheiro,Lomba do Pinheiro
431490205002755,431490205002755,São João,São João
431490205002756,431490205002756,São João,São João
431490205002758,431490205002758,Coronel Aparício Borges,Coronel Aparício Borges
431490205002759,431490205002759,Passo da Areia,Passo da Areia
431490205002760,431490205002760,Passo da Areia,Passo da Areia
431490205002761,431490205002761,Passo da Areia,Passo da Areia
431490205002762,431490205002762,Passo da Areia,Passo da Areia
431490205002763,431490205002763,Sarandi,Sarandi
431490205002764,431490205002764,Sarandi,Sarandi
431490205002765,431490205002765,Santa Rosa de Lima,Santa Rosa de Lima
431490205002766,431490205002766,Santa Rosa de Lima,Santa Rosa de Lima
431490205002767,431490205002767,Restinga,Restinga
431490205002768,431490205002768,Restinga,Restinga
431490205002769,431490205002769,Belém Velho,Belém Velho
431490205002770,431490205002770,Belém Velho,Belém Velho
431490205002771,431490205002771,Higienópolis,Higienópolis
431490205002772,431490205002772,Higienópolis,Higienópolis
431490205002773,431490205002773,Vila São José,Vila São José
431490205002774,431490205002774,Vila São José,Vila São José
431490205002775,431490205002775,Pitinga,Pitinga
431490205002777,431490205002777,Camaquã,Camaquã
431490205002778,431490205002778,Camaquã,Camaquã
431490205002779,431490205002779,Sétimo Céu,Sétimo Céu
431490205002780,431490205002780,Sétimo Céu,Sétimo Céu
431490205002781,431490205002781,Nonoai,Nonoai
431490205002782,431490205002782,Nonoai,Nonoai
431490205002783,431490205002783,Mário Quintana,Mário Quintana
431490205002784,431490205002784,Mário Quintana,Mário Quintana
431490205002785,431490205002785,Farrapos,Farrapos
431490205002786,431490205002786,Farrapos,Farrapos
431490205002788,431490205002788,Petrópolis,Petrópolis
431490205002789,431490205002789,Petrópolis,Petrópolis
431490205002790,431490205002790,Petrópolis,Petrópolis
431490205002791,431490205002791,Petrópolis,Petrópolis
431490205002793,431490205002793,Partenon,Partenon
431490205002794,431490205002794,Vila Nova,Vila Nova
431490205002795,431490205002795,Vila Nova,Vila Nova
431490205002796,431490205002796,Petrópolis,Petrópolis
431490205002797,431490205002797,Petrópolis,Petrópolis
431490205002798,431490205002798,Centro Histórico,Centro Histórico
431490205002799,431490205002799,Centro Histórico,Centro Histórico
431490205002800,431490205002800,Jardim Carvalho,Jardim Carvalho
431490205002801,431490205002801,Jardim Carvalho,Jardim Carvalho
431490205002802,431490205002802,Jardim Carvalho,Jardim Carvalho
431490205002803,431490205002803,Jardim Carvalho,Jardim Carvalho
431490205002804,431490205002804,Hípica,Hípica
431490205002805,431490205002805,Hípica,Hípica
431490205002806,431490205002806,Hípica,Hípica
431490205002807,431490205002807,Jardim Carvalho,Jardim Carvalho
431490205002808,431490205002808,Jardim Carvalho,Jardim Carvalho
431490205002809,431490205002809,Jardim Lindóia,Jardim Lindóia
431490205002810,431490205002810,Jardim Lindóia,Jardim Lindóia
431490205002811,431490205002811,Passo das Pedras,Passo das Pedras
431490205002812,431490205002812,Passo das Pedras,Passo das Pedras
431490205002813,431490205002813,Teresópolis,Teresópolis
431490205002814,431490205002814,Teresópolis,Teresópolis
431490205002815,431490205002815,Parque Santa Fé,Parque Santa Fé
431490205002816,431490205002816,Parque Santa Fé,Parque Santa Fé
431490205002817,431490205002817,Arquipélago,Arquipélago
431490205002818,431490205002818,Arquipélago,Arquipélago
431490205002819,431490205002819,Coronel Aparício Borges,Coronel Aparício Borges
431490205002820,431490205002820,Coronel Aparício Borges,Coronel Aparício Borges
431490205002821,431490205002821,Cristal,Cristal
431490205002822,431490205002822,Cristal,Cristal
431490205002823,431490205002823,Sarandi,Sarandi
431490205002824,431490205002824,Sarandi,Sarandi
431490205002825,431490205002825,Mário Quintana,Mário Quintana
431490205002826,431490205002826,Mário Quintana,Mário Quintana
431490205002827,431490205002827,Santa Tereza,Santa Tereza
431490205002828,431490205002828,Santa Tereza,Santa Tereza
431490205002829,431490205002829,Sarandi,Sarandi
431490205002830,431490205002830,Sarandi,Sarandi
431490205002831,431490205002831,Azenha,Azenha
431490205002832,431490205002832,Azenha,Azenha
431490205002833,431490205002833,Boa Vista do Sul,Boa Vista do Sul
431490205002834,431490205002834,Boa Vista do Sul,Boa Vista do Sul
431490205002835,431490205002835,Vila São José,Vila São José
431490205002836,431490205002836,Vila São José,Vila São José
431490205002837,431490205002837,Vila São José,Vila São José
431490205002838,431490205002838,Auxiliadora,Auxiliadora
431490205002839,431490205002839,Auxiliadora,Auxiliadora
431490205002840,431490205002840,Vila Nova,Vila Nova
431490205002841,431490205002841,Vila Nova,Vila Nova
431490205002842,431490205002842,Hípica,Hípica
431490205002843,431490205002843,Hípica,Hípica
431490205002844,431490205002844,Lami,Lami
431490205002845,431490205002845,Lami,Lami
431490205002846,431490205002846,Extrema,Extrema
431490205002847,431490205002847,Extrema,Extrema
431490205002848,431490205002848,Extrema,Extrema
431490205002849,431490205002849,Extrema,Extrema
431490205002850,431490205002850,Boa Vista,Boa Vista
431490205002851,431490205002851,Boa Vista,Boa Vista
431490205002852,431490205002852,Lomba do Pinheiro,Lomba do Pinheiro
431490205002853,431490205002853,Lomba do Pinheiro,Lomba do Pinheiro
431490205002854,431490205002854,Lomba do Pinheiro,Lomba do Pinheiro
431490205002855,431490205002855,Lami,Lami
431490205002856,431490205002856,Lami,Lami
431490205002857,431490205002857,Lami,Lami
431490205002858,431490205002858,Lami,Lami
431490205002859,431490205002859,Serraria,Serraria
431490205002860,431490205002860,Serraria,Serraria
431490205002861,431490205002861,Vila Nova,Vila Nova
431490205002862,431490205002862,Vila Nova,Vila Nova
431490205002863,431490205002863,Vila Nova,Vila Nova
431490205002864,431490205002864,Passo das Pedras,Passo das Pedras
431490205002865,431490205002865,Passo das Pedras,Passo das Pedras
431490205002866,431490205002866,Santa Tereza,Santa Tereza
431490205002867,431490205002867,Santa Tereza,Santa Tereza
431490205002868,431490205002868,Anchieta,Anchieta
431490205002869,431490205002869,Sarandi,Sarandi
431490205002870,431490205002870,Sarandi,Sarandi
431490205002871,431490205002871,Camaquã,Camaquã
431490205002872,431490205002872,Camaquã,Camaquã
431490205002873,431490205002873,Camaquã,Camaquã
431490205002874,431490205002874,Camaquã,Camaquã
431490205002875,431490205002875,Vila Nova,Vila Nova
431490205002876,431490205002876,Vila Nova,Vila Nova
431490205002877,431490205002877,Belém Velho,Belém Velho
431490205002878,431490205002878,Vila Nova,Vila Nova
431490205002879,431490205002879,Mário Quintana,Mário Quintana
431490205002880,431490205002880,Mário Quintana,Mário Quintana
431490205002881,431490205002881,Mário Quintana,Mário Quintana
431490205002882,431490205002882,Mário Quintana,Mário Quintana
431490205002883,431490205002883,Mário Quintana,Mário Quintana
431490205002884,431490205002884,Mário Quintana,Mário Quintana
431490205002885,431490205002885,Mário Quintana,Mário Quintana
431490205002886,431490205002886,Mário Quintana,Mário Quintana
431490205002887,431490205002887,Mário Quintana,Mário Quintana
431490205002888,431490205002888,Mário Quintana,Mário Quintana
431490205002889,431490205002889,Mário Quintana,Mário Quintana
431490205002890,431490205002890,Mário Quintana,Mário Quintana
431490205002891,431490205002891,Mário Quintana,Mário Quintana
431490205002892,431490205002892,Mário Quintana,Mário Quintana
431490205002893,431490205002893,Mário Quintana,Mário Quintana
431490205002894,431490205002894,Mário Quintana,Mário Quintana
431490205002895,431490205002895,Mário Quintana,Mário Quintana
431490205002896,431490205002896,Mário Quintana,Mário Quintana
431490205002897,431490205002897,Mário Quintana,Mário Quintana
431490205002898,431490205002898,Mário Quintana,Mário Quintana
431490205002899,431490205002899,São Caetano,São Caetano
431490205002900,431490205002900,São Caetano,São Caetano
431490205002901,431490205002901,Lami,Lami
431490205002902,431490205002902,Extrema,Extrema
431490205002903,431490205002903,Extrema,Extrema
431490205002904,431490205002904,Extrema,Extrema
431490205002905,431490205002905,Extrema,Extrema
431490205002906,431490205002906,Sarandi,Sarandi
431490205002907,431490205002907,Sarandi,Sarandi
431490205002908,431490205002908,Partenon,Partenon
431490205002909,431490205002909,Partenon,Partenon
431490205002910,431490205002910,Partenon,Partenon
431490205002911,431490205002911,Santa Rosa de Lima,Santa Rosa de Lima
431490205002912,431490205002912,Santa Rosa de Lima,Santa Rosa de Lima
431490205002913,431490205002913,Santa Rosa de Lima,Santa Rosa de Lima
431490205002914,431490205002914,Santa Rosa de Lima,Santa Rosa de Lima
431490205002915,431490205002915,Santa Rosa de Lima,Santa Rosa de Lima
431490205002916,431490205002916,Serraria,Serraria
431490205002917,431490205002917,Guarujá,Guarujá
431490205002918,431490205002918,Santa Tereza,Santa Tereza
431490205002919,431490205002919,Santa Tereza,Santa Tereza
431490205002920,431490205002920,Rubem Berta,Rubem Berta
431490205002921,431490205002921,Rubem Berta,Rubem Berta
431490205002922,431490205002922,Mário Quintana,Mário Quintana
431490205002923,431490205002923,Mário Quintana,Mário Quintana
431490205002924,431490205002924,Jardim Carvalho,Jardim Carvalho
431490205002925,431490205002925,Jardim Carvalho,Jardim Carvalho
431490205002926,431490205002926,Costa e Silva,Costa e Silva
431490205002927,431490205002927,Costa e Silva,Costa e Silva
431490205002928,431490205002928,Costa e Silva,Costa e Silva
431490205002929,431490205002929,Costa e Silva,Costa e Silva
431490205002930,431490205002930,Sarandi,Sarandi
431490205002931,431490205002931,Costa e Silva,Costa e Silva
431490205002932,431490205002932,Restinga,Restinga
431490205002933,431490205002933,Restinga,Restinga
431490205002934,431490205002934,Partenon,Partenon
431490205002935,431490205002935,Partenon,Partenon
431490205002936,431490205002936,Partenon,Partenon
431490205002937,431490205002937,Partenon,Partenon
431490205002938,431490205002938,Cascata,Cascata
431490205002939,431490205002939,Cascata,Cascata
431490205002940,431490205002940,Cascata,Cascata
431490205002941,431490205002941,Cascata,Cascata
431490205002942,431490205002942,Cascata,Cascata
431490205002943,431490205002943,Cascata,Cascata
431490205002944,431490205002944,Cascata,Cascata
431490205002945,431490205002945,Cascata,Cascata
431490205002946,431490205002946,Cascata,Cascata
431490205002947,431490205002947,Cascata,Cascata
431490205002948,431490205002948,Cascata,Cascata
431490205002949,431490205002949,Cascata,Cascata
431490205002950,431490205002950,Glória,Glória
431490205002951,431490205002951,Cascata,Cascata
431490205002952,431490205002952,Coronel Aparício Borges,Coronel Aparício Borges
431490205002953,431490205002953,Santa Tereza,Santa Tereza
431490205002954,431490205002954,Santa Tereza,Santa Tereza
431490205002955,431490205002955,Rubem Berta,Rubem Berta
431490205002956,431490205002956,Rubem Berta,Rubem Berta
431490205002957,431490205002957,Farrapos,Farrapos
431490205002958,431490205002958,Humaitá,Humaitá
431490205002959,431490205002959,Humaitá,Humaitá
431490205002960,431490205002960,Ipanema,Ipanema
431490205002961,431490205002961,Campo Novo,Campo Novo
431490205002962,431490205002962,Partenon,Partenon
431490205002963,431490205002963,Partenon,Partenon
431490205002964,431490205002964,Partenon,Partenon
431490205002965,431490205002965,Extrema,Extrema
431490205002966,431490205002966,Extrema,Extrema
431490205002967,431490205002967,Cristal,Cristal
431490205002968,431490205002968,Cristal,Cristal
431490205002969,431490205002969,Cristal,Cristal
431490205002970,431490205002970,Cristal,Cristal
431490205002971,431490205002971,Cristal,Cristal
431490205002972,431490205002972,Cristal,Cristal
431490205002973,431490205002973,Pitinga,Pitinga
431490205002974,431490205002974,Pitinga,Pitinga
431490205002975,431490205002975,Lomba do Pinheiro,Lomba do Pinheiro
431490205002976,431490205002976,Pitinga,Pitinga
431490205002977,431490205002977,Glória,Glória
431490205002978,431490205002978,Cascata,Cascata
431490205002979,431490205002979,Lomba do Pinheiro,Lomba do Pinheiro
431490205002980,431490205002980,Lomba do Pinheiro,Lomba do Pinheiro
431490205002981,431490205002981,Lomba do Pinheiro,Lomba do Pinheiro
431490205002982,431490205002982,Lomba do Pinheiro,Lomba do Pinheiro
431490205002983,431490205002983,Arquipélago,Arquipélago
431490205002984,431490205002984,Arquipélago,Arquipélago
431490205002985,431490205002985,Arquipélago,Arquipélago
431490205002986,431490205002986,Arquipélago,Arquipélago
431490205002987,431490205002987,Arquipélago,Arquipélago
431490205002988,431490205002988,Arquipélago,Arquipélago
431490205002989,431490205002989,Arquipélago,Arquipélago
431490205002990,431490205002990,Arquipélago,Arquipélago
431490205002991,431490205002991,Arquipélago,Arquipélago
431490205002992,431490205002992,Arquipélago,Arquipélago
431490205002993,431490205002993,Arquipélago,Arquipélago
431490205002994,431490205002994,Arquipélago,Arquipélago
431490205002995,431490205002995,Arquipélago,Arquipélago
431490205002996,431490205002996,Lomba do Pinheiro,Lomba do Pinheiro
431490205002997,431490205002997,Lomba do Pinheiro,Lomba do Pinheiro
431490205002998,431490205002998,Bom Jesus,Bom Jesus
431490205002999,431490205002999,Bom Jesus,Bom Jesus
431490205003000,431490205003000,Bom Jesus,Bom Jesus
431490205003001,431490205003001,Bom Jesus,Bom Jesus
431490205003002,431490205003002,Bom Jesus,Bom Jesus
431490205003003,431490205003003,Jardim Carvalho,Jardim Carvalho
431490205003004,431490205003004,Praia de Belas,Praia de Belas
431490205003005,431490205003005,Cascata,Cascata
431490205003006,431490205003006,Glória,Glória
431490205003007,431490205003007,Lageado,Lageado
431490205003008,431490205003008,Lomba do Pinheiro,Lomba do Pinheiro
431490205003009,431490205003009,Nonoai,Nonoai
431490205003010,431490205003010,Nonoai,Nonoai
431490205003011,431490205003011,Nonoai,Nonoai
431490205003012,431490205003012,Santa Tereza,Santa Tereza
431490205003013,431490205003013,Santa Tereza,Santa Tereza
431490205003014,431490205003014,Partenon,Partenon
431490205003015,431490205003015,Agronomia,Agronomia
431490205003016,431490205003016,Boa Vista do Sul,Boa Vista do Sul
431490205003017,431490205003017,Boa Vista do Sul,Boa Vista do Sul
431490205003018,431490205003018,Vila São José,Vila São José
431490205003019,431490205003019,Vila São José,Vila São José
431490205003020,431490205003020,Arquipélago,Arquipélago
431490205003021,431490205003021,Arquipélago,Arquipélago
431490205003022,431490205003022,Arquipélago,Arquipélago
431490205003023,431490205003023,Arquipélago,Arquipélago
431490205003024,431490205003024,Agronomia,Agronomia
431490205003025,431490205003025,Lomba do Pinheiro,Lomba do Pinheiro
431490205003026,431490205003026,Agronomia,Agronomia
431490205003027,431490205003027,Agronomia,Agronomia
431490205003028,431490205003028,Arquipélago,Arquipélago
431490205003029,431490205003029,Arquipélago,Arquipélago
431490205003030,431490205003030,Arquipélago,Arquipélago
431490205003031,431490205003031,Jardim Carvalho,Jardim Carvalho
431490205003032,431490205003032,Jardim do Salso,Jardim do Salso
