code,name,lat,lon
431490205000001,431490205000001,-30.029537249999972,-51.22838695327995
431490205000002,431490205000002,-30.030991999999962,-51.228889930599145
431490205000003,431490205000003,-30.031356799999955,-51.22895205064968
431490205000004,431490205000004,-30.02881489999995,-51.22986861392681
431490205000005,431490205000005,-30.029476599999953,-51.22573961245696
431490205000006,431490205000006,-30.030625399999956,-51.22582791737062
431490205000007,431490205000007,-30.031290349999946,-51.22535657570537
431490205000008,431490205000008,-30.031243799999967,-51.22641106253762
431490205000009,431490205000009,-30.03217684999995,-51.22687103358081
431490205000010,431490205000010,-30.032093249999946,-51.226342872428035
431490205000011,431490205000011,-30.032000949999976,-51.22541283437371
431490205000012,431490205000012,-30.032992699999962,-51.22635951702169
431490205000013,431490205000013,-30.033096349999965,-51.227490302787714
431490205000014,431490205000014,-30.03198859999994,-51.22716634940136
431490205000015,431490205000015,-30.032009799999965,-51.22869066393414
431490205000016,431490205000016,-30.03302049999996,-51.22923152484478
431490205000017,431490205000017,-30.032998599999956,-51.22832784654264
431490205000018,431490205000018,-30.032865099999984,-51.23082426223402
431490205000019,431490205000019,-30.032810499999947,-51.23240173559147
431490205000020,431490205000020,-30.03285149999996,-51.23317259472688
431490205000021,431490205000021,-30.033261749999976,-51.23417196751117
431490205000022,431490205000022,-30.032107249999957,-51.234053170082504
431490205000023,431490205000023,-30.031369499999947,-51.23375688674158
431490205000024,431490205000024,-30.031493149999953,-51.2323928489763
431490205000025,431490205000025,-30.03051979999995,-51.23276945046268
431490205000026,431490205000026,-30.032375799999947,-51.2381194172976
431490205000030,431490205000030,-30.027561649999967,-51.22273176437474
431490205000031,431490205000031,-30.02725109999994,-51.2207500720279
431490205000032,431490205000032,-30.027269099999952,-51.22006927530521
431490205000033,431490205000033,-30.02875084999996,-51.220200554035316
431490205000034,431490205000034,-30.029373449999973,-51.2215528813324
431490205000035,431490205000035,-30.028923599999953,-51.22276122913165
431490205000036,431490205000036,-30.02996204999996,-51.22390775827369
431490205000037,431490205000037,-30.03283639999995,-51.221857521937466
431490205000038,431490205000038,-30.031271749999945,-51.224210248774504
431490205000039,431490205000039,-30.03199264999995,-51.224661875926664
431490205000040,431490205000040,-30.033599499999944,-51.225031589208115
431490205000041,431490205000041,-30.032421349999968,-51.22404365637337
431490205000042,431490205000042,-30.03294154999994,-51.22409363770384
431490205000043,431490205000043,-30.033201449999943,-51.22285265935406
431490205000044,431490205000044,-30.033370399999963,-51.22351863774869
431490205000045,431490205000045,-30.03458234999993,-51.222409979340455
431490205000046,431490205000046,-30.033536499999933,-51.22592268144858
431490205000047,431490205000047,-30.034882899999943,-51.224569232522676
431490205000048,431490205000048,-30.034370949999946,-51.22620880078678
431490205000049,431490205000049,-30.03430494999994,-51.22758542297774
431490205000050,431490205000050,-30.03549444999996,-51.22748929599814
431490205000051,431490205000051,-30.035330549999966,-51.225022675967196
431490205000052,431490205000052,-30.036502449999965,-51.22574123228648
431490205000053,431490205000053,-30.03540484999996,-51.22658304379951
431490205000054,431490205000054,-30.03654959999997,-51.226436745363685
431490205000055,431490205000055,-30.036624949999947,-51.22695126666842
431490205000057,431490205000057,-30.037325649999932,-51.22953620437626
431490205000058,431490205000058,-30.036821849999967,-51.22875148878569
431490205000059,431490205000059,-30.036450249999945,-51.22868173362166
431490205000060,431490205000060,-30.035515499999946,-51.22849533789467
431490205000061,431490205000061,-30.035602599999976,-51.22949160772136
431490205000062,431490205000062,-30.03429529999997,-51.228866605074195
431490205000063,431490205000063,-30.034291149999973,-51.23071261893868
431490205000064,431490205000064,-30.035508149999934,-51.2303632373015
431490205000065,431490205000065,-30.036477849999955,-51.23094681771926
431490205000066,431490205000066,-30.03615854999995,-51.23279992898764
431490205000067,431490205000067,-30.035399049999928,-51.23224449784227
431490205000068,431490205000068,-30.035399049999928,-51.23322338274693
431490205000069,431490205000069,-30.034553899999928,-51.23212115789691
431490205000070,431490205000070,-30.033443199999933,-51.23213618953159
431490205000071,431490205000071,-30.033569049999954,-51.233196247940384
431490205000072,431490205000072,-30.034467349999936,-51.23324075983604
431490205000073,431490205000073,-30.034283199999948,-51.23473651198014
431490205000074,431490205000074,-30.035193949999954,-51.23450005944224
431490205000075,431490205000075,-30.035884099999947,-51.23458222198853
431490205000076,431490205000076,-30.03574569999995,-51.235833870358974
431490205000077,431490205000077,-30.03577284999997,-51.236947635986596
431490205000078,431490205000078,-30.036035299999952,-51.238339152023634
431490205000079,431490205000079,-30.035576499999962,-51.23873215987501
431490205000080,431490205000080,-30.03532944999995,-51.23920050617801
431490205000081,431490205000081,-30.035178449999947,-51.2365565588829
431490205000082,431490205000082,-30.03463414999996,-51.23645064033944
431490205000083,431490205000083,-30.03293759999996,-51.23523302670738
431490205000084,431490205000084,-30.033759899999975,-51.236128867036896
431490205000085,431490205000085,-30.032717499999958,-51.23692218220588
431490205000086,431490205000086,-30.032612499999964,-51.23649636047719
431490205000087,431490205000087,-30.033200649999966,-51.2374544945353
431490205000088,431490205000088,-30.03278384999995,-51.23776978794673
431490205000089,431490205000089,-30.034123799999968,-51.23744822213205
431490205000090,431490205000090,-30.03436274999995,-51.23850470872828
431490205000091,431490205000091,-30.034847349999943,-51.23967054127449
431490205000092,431490205000092,-30.033604799999946,-51.23878263331717
431490205000093,431490205000093,-30.03326299999994,-51.23908027353288
431490205000095,431490205000095,-30.04363349999994,-51.22954443306095
431490205000096,431490205000096,-30.043733849999967,-51.228289801706815
431490205000097,431490205000097,-30.04692434999996,-51.22836928914003
431490205000098,431490205000098,-30.054396749999967,-51.229464785033905
431490205000099,431490205000099,-30.043819599999978,-51.22678656209146
431490205000100,431490205000100,-30.04388259999996,-51.22523048039322
431490205000101,431490205000101,-30.042095999999937,-51.225492210027426
431490205000102,431490205000102,-30.04238894999995,-51.22699140996515
431490205000103,431490205000103,-30.03951619999995,-51.22765316913258
431490205000104,431490205000104,-30.03985099999997,-51.226149516410004
431490205000105,431490205000105,-30.038390799999938,-51.22595504341619
431490205000106,431490205000106,-30.038759599999956,-51.22480984417587
431490205000107,431490205000107,-30.039723549999962,-51.225438334903025
431490205000108,431490205000108,-30.039577099999942,-51.22418262203897
431490205000109,431490205000109,-30.041195699999967,-51.22489466343422
431490205000110,431490205000110,-30.04079419999993,-51.223507271174235
431490205000111,431490205000111,-30.04204744999995,-51.22404366721103
431490205000112,431490205000112,-30.041067149999936,-51.222592309657344
431490205000113,431490205000113,-30.042254799999935,-51.22273697173108
431490205000114,431490205000114,-30.042753749999946,-51.22230095743507
431490205000115,431490205000115,-30.044175699999954,-51.2227384267391
431490205000116,431490205000116,-30.042872749999958,-51.22102270013908
431490205000117,431490205000117,-30.042254949999965,-51.218742962423505
431490205000118,431490205000118,-30.042280299999955,-51.21999742242092
431490205000119,431490205000119,-30.040852799999946,-51.21804427610762
431490205000120,431490205000120,-30.041252349999944,-51.21998138576443
431490205000121,431490205000121,-30.040959149999956,-51.22061130354433
431490205000122,431490205000122,-30.04024969999994,-51.22059284825286
431490205000123,431490205000123,-30.03995144999996,-51.221386830510305
431490205000124,431490205000124,-30.039040499999974,-51.219275780496176
431490205000125,431490205000125,-30.03729804999997,-51.22052224282038
431490205000126,431490205000126,-30.03861879999996,-51.22290805658176
431490205000127,431490205000127,-30.039577099999942,-51.222706582428245
431490205000128,431490205000128,-30.037869749999963,-51.223826159624295
431490205000129,431490205000129,-30.03756374999997,-51.22339453608876
431490205000130,431490205000130,-30.037459099999943,-51.22284718855272
431490205000131,431490205000131,-30.037023899999955,-51.2252442351344
431490205000132,431490205000132,-30.03632699999997,-51.2243953171089
431490205000133,431490205000133,-30.03628654999997,-51.22361256979522
431490205000134,431490205000134,-30.036563099999967,-51.22223506267897
431490205000135,431490205000135,-30.03552759999996,-51.22210162553763
431490205000136,431490205000136,-30.037171149999974,-51.22197561368114
431490205000137,431490205000137,-30.03648409999993,-51.22076503978768
431490205000138,431490205000138,-30.035522349999948,-51.221133219637906
431490205000139,431490205000139,-30.039991149999967,-51.2154630678329
431490205000141,431490205000141,-30.041044699999958,-51.21492793141309
431490205000142,431490205000142,-30.04109269999995,-51.21559736525056
431490205000143,431490205000143,-30.041080049999945,-51.21414263333331
431490205000144,431490205000144,-30.04246484999996,-51.2145345242301
431490205000145,431490205000145,-30.041733949999948,-51.21329721378483
431490205000146,431490205000146,-30.040891749999957,-51.21183211582247
431490205000147,431490205000147,-30.03972964999997,-51.21269063348391
431490205000148,431490205000148,-30.039480199999957,-51.211038169744015
431490205000149,431490205000149,-30.038702299999947,-51.210083019469
431490205000150,431490205000150,-30.038773399999968,-51.20913056979582
431490205000151,431490205000151,-30.038411549999942,-51.20874869109733
431490205000152,431490205000152,-30.03817274999994,-51.20843269661279
431490205000153,431490205000153,-30.040853449999958,-51.20839200503446
431490205000154,431490205000154,-30.042420399999965,-51.20851114153325
431490205000155,431490205000155,-30.04150114999996,-51.209509661767996
431490205000156,431490205000156,-30.041839549999928,-51.21034873644131
431490205000157,431490205000157,-30.042186899999955,-51.21131556041598
431490205000158,431490205000158,-30.04321359999997,-51.21372037975952
431490205000159,431490205000159,-30.044347349999953,-51.21271773347188
431490205000160,431490205000160,-30.044178449999944,-51.21114012932472
431490205000161,431490205000161,-30.043763399999953,-51.210258342256495
431490205000162,431490205000162,-30.04449504999994,-51.20930379119693
431490205000163,431490205000163,-30.045775499999962,-51.211146894757434
431490205000164,431490205000164,-30.046794549999962,-51.209693865865994
431490205000165,431490205000165,-30.04497879999993,-51.20658855287763
431490205000166,431490205000166,-30.04522709999994,-51.204101607723416
431490205000167,431490205000167,-30.04699004999994,-51.2068876647011
431490205000168,431490205000168,-30.04841794999995,-51.209740853626045
431490205000169,431490205000169,-30.048234899999947,-51.209118427134555
431490205000170,431490205000170,-30.048980549999953,-51.207783131018246
431490205000171,431490205000171,-30.046417749999954,-51.2032996464071
431490205000172,431490205000172,-30.044905899999968,-51.20063450945099
431490205000174,431490205000174,-30.047404899999947,-51.20153363153794
431490205000175,431490205000175,-30.04779259999995,-51.20327840972011
431490205000176,431490205000176,-30.050172399999948,-51.205478683061315
431490205000177,431490205000177,-30.049964749999955,-51.20728344775614
431490205000178,431490205000178,-30.051075049999945,-51.20677267688934
431490205000179,431490205000179,-30.05139959999996,-51.20526014965846
431490205000180,431490205000180,-30.050271149999965,-51.20355401202523
431490205000181,431490205000181,-30.050795699999945,-51.20213767040173
431490205000182,431490205000182,-30.049117249999966,-51.201378901200734
431490205000183,431490205000183,-30.049018049999944,-51.198777312948664
431490205000184,431490205000184,-30.040481649999975,-51.20626357453257
431490205000185,431490205000185,-30.039184149999954,-51.204350827751554
431490205000186,431490205000186,-30.03967534999998,-51.20323323353318
431490205000187,431490205000187,-30.042732899999947,-51.20075335907504
431490205000188,431490205000188,-30.040316849999947,-51.20011265560285
431490205000189,431490205000189,-30.040640349999954,-51.198382271330466
431490205000190,431490205000190,-30.042085199999967,-51.19875344399493
431490205000191,431490205000191,-30.04328689999994,-51.199138296078104
431490205000192,431490205000192,-30.044142699999945,-51.197622570350966
431490205000193,431490205000193,-30.04090299999995,-51.196845390378506
431490205000194,431490205000194,-30.03967744999994,-51.19517443821218
431490205000195,431490205000195,-30.038114399999955,-51.19387721819281
431490205000196,431490205000196,-30.041103349999954,-51.19535660009367
431490205000197,431490205000197,-30.042619049999953,-51.195709918258785
431490205000198,431490205000198,-30.044888499999956,-51.19655982743268
431490205000199,431490205000199,-30.044888499999956,-51.19579646712313
431490205000200,431490205000200,-30.04744824999994,-51.19626675356618
431490205000202,431490205000202,-30.044727099999932,-51.19506514128064
431490205000203,431490205000203,-30.041356599999965,-51.19402563906952
431490205000204,431490205000204,-30.039737849999923,-51.193175498901084
431490205000205,431490205000205,-30.04141379999995,-51.19256898258838
431490205000206,431490205000206,-30.04305684999994,-51.191250158583436
431490205000207,431490205000207,-30.044760349999958,-51.19327764994779
431490205000209,431490205000209,-30.048328149999964,-51.19081742448698
431490205000211,431490205000211,-30.048625199999975,-51.188444563272554
431490205000212,431490205000212,-30.047393749999962,-51.18988678562812
431490205000213,431490205000213,-30.043912649999946,-51.18944524875051
431490205000214,431490205000214,-30.041441549999966,-51.190294332946024
431490205000215,431490205000215,-30.04018999999993,-51.19139133230253
431490205000216,431490205000216,-30.038336599999955,-51.18860260135132
431490205000217,431490205000217,-30.039580999999934,-51.18948402738135
431490205000218,431490205000218,-30.04127214999997,-51.1891129815588
431490205000219,431490205000219,-30.042838599999946,-51.18761355491583
431490205000220,431490205000220,-30.044511899999954,-51.18724893920198
431490205000221,431490205000221,-30.046491149999945,-51.18830880666536
431490205000222,431490205000222,-30.04894599999997,-51.1868751505036
431490205000223,431490205000223,-30.048602549999934,-51.18564469116478
431490205000224,431490205000224,-30.048988299999955,-51.184878701841754
431490205000225,431490205000225,-30.04979639999997,-51.184633352277146
431490205000226,431490205000226,-30.050033699999965,-51.18435569119033
431490205000227,431490205000227,-30.04829719999995,-51.18340038787092
431490205000228,431490205000228,-30.047921199999955,-51.18398113480961
431490205000229,431490205000229,-30.04534624999993,-51.18504029183053
431490205000230,431490205000230,-30.04591354999993,-51.1834924726417
431490205000231,431490205000231,-30.044643249999947,-51.18137449655534
431490205000232,431490205000232,-30.043058549999955,-51.18414360955194
431490205000233,431490205000233,-30.042051049999934,-51.1849385070104
431490205000234,431490205000234,-30.04126239999993,-51.18593262314312
431490205000235,431490205000235,-30.04042359999994,-51.18624948880537
431490205000236,431490205000236,-30.039605849999955,-51.18658212560239
431490205000237,431490205000237,-30.03849244999995,-51.18592677880325
431490205000238,431490205000238,-30.03669819999996,-51.18603242175979
431490205000239,431490205000239,-30.03702154999996,-51.184300935422954
431490205000240,431490205000240,-30.03319439999995,-51.182578425283374
431490205000241,431490205000241,-30.035358149999944,-51.18148183289188
431490205000242,431490205000242,-30.037805599999956,-51.18254974705209
431490205000243,431490205000243,-30.03588279999996,-51.17889172112314
431490205000244,431490205000244,-30.036846549999943,-51.17575151402592
431490205000245,431490205000245,-30.037979999999948,-51.17652681583464
431490205000246,431490205000246,-30.038933999999948,-51.180649341295904
431490205000247,431490205000247,-30.03992284999998,-51.18091108224922
431490205000248,431490205000248,-30.039091199999973,-51.18228625878186
431490205000249,431490205000249,-30.041651199999954,-51.18197913561285
431490205000250,431490205000250,-30.042482999999976,-51.18067557647643
431490205000251,431490205000251,-30.044643249999947,-51.17955579275028
431490205000252,431490205000252,-30.041749999999944,-51.177750749055136
431490205000253,431490205000253,-30.040475099999945,-51.17775411480943
431490205000255,431490205000255,-30.043212749999952,-51.17326479532016
431490205000256,431490205000256,-30.04699549999994,-51.17510606470018
431490205000257,431490205000257,-30.04968499999995,-51.189605792005295
431490205000258,431490205000258,-30.051756999999945,-51.1906225078595
431490205000259,431490205000259,-30.05177059999994,-51.19273695797803
431490205000260,431490205000260,-30.05407484999997,-51.19095104736266
431490205000261,431490205000261,-30.053672399999947,-51.18947639499159
431490205000262,431490205000262,-30.05119599999994,-51.18908093615732
431490205000263,431490205000263,-30.051563849999948,-51.18806157613152
431490205000264,431490205000264,-30.05080274999994,-51.18643513454968
431490205000265,431490205000265,-30.052095049999956,-51.187152408088366
431490205000266,431490205000266,-30.054094699999943,-51.18826960907657
431490205000267,431490205000267,-30.054879599999957,-51.186935802978226
431490205000268,431490205000268,-30.055309249999958,-51.1841341594917
431490205000269,431490205000269,-30.05454594999997,-51.183332109364684
431490205000270,431490205000270,-30.053832499999963,-51.18278621551414
431490205000271,431490205000271,-30.052209799999957,-51.182832579319744
431490205000272,431490205000272,-30.04969279999997,-51.18178822915107
431490205000273,431490205000273,-30.052940949999936,-51.18023735086611
431490205000276,431490205000276,-30.041397649999936,-51.171227417763966
431490205000277,431490205000277,-30.04208859999994,-51.17002385344898
431490205000278,431490205000278,-30.04512824999994,-51.17084184267189
431490205000279,431490205000279,-30.042337099999934,-51.16819567874248
431490205000280,431490205000280,-30.045658399999944,-51.166652652366075
431490205000281,431490205000281,-30.042870049999948,-51.16647279394549
431490205000282,431490205000282,-30.042229749999926,-51.16539958137366
431490205000283,431490205000283,-30.04142854999995,-51.16335592552724
431490205000284,431490205000284,-30.043241049999942,-51.16301294150015
431490205000285,431490205000285,-30.04498744999994,-51.16357115361623
431490205000286,431490205000286,-30.045647699999936,-51.15806754975074
431490205000287,431490205000287,-30.045816699999953,-51.15924007369411
431490205000288,431490205000288,-30.04287774999997,-51.16029442096944
431490205000289,431490205000289,-30.041804999999947,-51.15791573035322
431490205000290,431490205000290,-30.042933499999968,-51.15495284962578
431490205000291,431490205000291,-30.044697799999966,-51.1553164548866
431490205000292,431490205000292,-30.042791099999963,-51.15151572400853
431490205000293,431490205000293,-30.044366699999948,-51.151358001598965
431490205000294,431490205000294,-30.045099499999957,-51.15193328574341
431490205000295,431490205000295,-30.047519849999954,-51.15043540432769
431490205000296,431490205000296,-30.047886749999947,-51.15117068746129
431490205000297,431490205000297,-30.048742499999946,-51.15254255498725
431490205000298,431490205000298,-30.047031299999958,-51.152057647590865
431490205000299,431490205000299,-30.046303199999947,-51.154032590507285
431490205000300,431490205000300,-30.048303749999945,-51.15438601579167
431490205000301,431490205000301,-30.04986244999995,-51.15696192218171
431490205000302,431490205000302,-30.046016349999938,-51.15581721487824
431490205000303,431490205000303,-30.047138899999958,-51.15978143008864
431490205000304,431490205000304,-30.047868299999937,-51.15818212562364
431490205000305,431490205000305,-30.04935009999997,-51.158638940526835
431490205000306,431490205000306,-30.048504649999952,-51.16025254666046
431490205000308,431490205000308,-30.049994749999968,-51.161297171723405
431490205000309,431490205000309,-30.050684299999965,-51.16350326670096
431490205000311,431490205000311,-30.048523749999962,-51.162765729633406
431490205000312,431490205000312,-30.046925549999962,-51.16161146026245
431490205000313,431490205000313,-30.047180349999934,-51.168672090939836
431490205000314,431490205000314,-30.048291349999964,-51.17182352949215
431490205000315,431490205000315,-30.048891449999957,-51.16944829727533
431490205000316,431490205000316,-30.04853229999997,-51.16721684434103
431490205000317,431490205000317,-30.04799194999994,-51.1655049974477
431490205000318,431490205000318,-30.048945049999958,-51.16620218844853
431490205000319,431490205000319,-30.050116999999936,-51.16514143342839
431490205000320,431490205000320,-30.050487199999964,-51.169854368340665
431490205000321,431490205000321,-30.05080989999996,-51.16674762354154
431490205000324,431490205000324,-30.044211649999962,-51.14681293010402
431490205000325,431490205000325,-30.04551139999995,-51.145694042966085
431490205000326,431490205000326,-30.045919549999958,-51.144387206857516
431490205000327,431490205000327,-30.048510199999946,-51.14487873283811
431490205000328,431490205000328,-30.047780599999953,-51.14719840355549
431490205000329,431490205000329,-30.046134249999966,-51.149172666875984
431490205000331,431490205000331,-30.05007704999994,-51.15110560913597
431490205000333,431490205000333,-30.052545649999953,-51.15280287559521
431490205000334,431490205000334,-30.051798149999964,-51.149404790066825
431490205000335,431490205000335,-30.05052164999995,-51.14683545730121
431490205000336,431490205000336,-30.053518399999966,-51.14843087478355
431490205000337,431490205000337,-30.053472899999967,-51.15066745315962
431490205000338,431490205000338,-30.053260899999966,-51.15137115619636
431490205000339,431490205000339,-30.05561044999996,-51.15187534283754
431490205000340,431490205000340,-30.054637149999934,-51.14765836379097
431490205000343,431490205000343,-30.065941299999928,-51.14296610928899
431490205000344,431490205000344,-30.062915599999933,-51.141597320818995
431490205000345,431490205000345,-30.060020899999955,-51.14390054620097
431490205000346,431490205000346,-30.061713399999938,-51.14695675257164
431490205000347,431490205000347,-30.058553399999937,-51.14429159490088
431490205000348,431490205000348,-30.059420649999932,-51.139682209432806
431490205000349,431490205000349,-30.057264849999967,-51.143773759638805
431490205000350,431490205000350,-30.057757199999962,-51.14642486435091
431490205000354,431490205000354,-30.043972499999956,-51.137397985052246
431490205000355,431490205000355,-30.045498149999954,-51.13716219059798
431490205000356,431490205000356,-30.04382474999997,-51.13488338762434
431490205000357,431490205000357,-30.045209599999957,-51.13440045565074
431490205000358,431490205000358,-30.049703349999927,-51.137907352102204
431490205000359,431490205000359,-30.05411424999994,-51.138720806828054
431490205000360,431490205000360,-30.05167804999993,-51.13537683536194
431490205000362,431490205000362,-30.051322449999958,-51.13001977369788
431490205000363,431490205000363,-30.046310049999953,-51.128678902034395
431490205000365,431490205000365,-30.041305949999945,-51.127581116517675
431490205000366,431490205000366,-30.043535299999938,-51.12730838556587
431490205000367,431490205000367,-30.04562759999996,-51.127017619044956
431490205000368,431490205000368,-30.050529449999967,-51.12677488247871
431490205000369,431490205000369,-30.042575499999938,-51.12550389227945
431490205000370,431490205000370,-30.042261649999976,-51.12443885359009
431490205000371,431490205000371,-30.039896149999972,-51.12273809865866
431490205000372,431490205000372,-30.04174419999995,-51.1228706742159
431490205000373,431490205000373,-30.04734224999995,-51.12324394744126
431490205000375,431490205000375,-30.042652349999937,-51.10645692208543
431490205000376,431490205000376,-30.04452689999993,-51.10659748413091
431490205000377,431490205000377,-30.04698499999998,-51.10651168079244
431490205000380,431490205000380,-30.07983984999995,-51.120890026957966
431490205000381,431490205000381,-30.080962149999973,-51.11592420545088
431490205000382,431490205000382,-30.085695999999956,-51.119879410182456
431490205000383,431490205000383,-30.08774104999995,-51.11500913412449
431490205000384,431490205000384,-30.08993879999995,-51.123000005222885
431490205000386,431490205000386,-30.09022549999994,-51.12559995554243
431490205000387,431490205000387,-30.087194899999957,-51.123361851734
431490205000388,431490205000388,-30.089403349999962,-51.13018369375542
431490205000389,431490205000389,-30.083315199999927,-51.12406326188521
431490205000390,431490205000390,-30.08372369999998,-51.12887283600914
431490205000391,431490205000391,-30.079825499999966,-51.12817900661609
431490205000393,431490205000393,-30.062708899999958,-51.16980283197503
431490205000394,431490205000394,-30.065022899999967,-51.16887722000021
431490205000395,431490205000395,-30.064656849999945,-51.166463836171246
431490205000396,431490205000396,-30.064480899999957,-51.16495492549274
431490205000398,431490205000398,-30.06388499999997,-51.162007673475316
431490205000399,431490205000399,-30.068204049999963,-51.1611981993717
431490205000400,431490205000400,-30.066873199999947,-51.16371034422778
431490205000401,431490205000401,-30.067512249999957,-51.166387925716265
431490205000402,431490205000402,-30.06766714999994,-51.16884576266086
431490205000403,431490205000403,-30.069082099999974,-51.171342096100425
431490205000404,431490205000404,-30.069481499999938,-51.171977546390536
431490205000405,431490205000405,-30.07182094999995,-51.170490996731694
431490205000406,431490205000406,-30.070364149999957,-51.16838294449842
431490205000407,431490205000407,-30.070252799999956,-51.16589190296851
431490205000408,431490205000408,-30.069966099999956,-51.16387625056352
431490205000409,431490205000409,-30.069858099999973,-51.162384605779906
431490205000410,431490205000410,-30.07100239999997,-51.16072056726628
431490205000411,431490205000411,-30.073012199999965,-51.1615076097933
431490205000412,431490205000412,-30.073051249999956,-51.162408896676524
431490205000413,431490205000413,-30.07322924999994,-51.16373793241456
431490205000414,431490205000414,-30.07275329999993,-51.16581180829968
431490205000415,431490205000415,-30.072542799999948,-51.16794638240694
431490205000416,431490205000416,-30.07379369999998,-51.170095165482294
431490205000417,431490205000417,-30.075312099999955,-51.17104283814152
431490205000418,431490205000418,-30.076134549999942,-51.169890191731454
431490205000419,431490205000419,-30.076312749999943,-51.16881523892971
431490205000420,431490205000420,-30.07501894999995,-51.167496421869885
431490205000421,431490205000421,-30.07479179999995,-51.16500045950553
431490205000422,431490205000422,-30.076754149999942,-51.166923805366096
431490205000423,431490205000423,-30.07695809999995,-51.16401125770507
431490205000424,431490205000424,-30.07657094999996,-51.16128816650148
431490205000427,431490205000427,-30.08181069999997,-51.16295067959473
431490205000428,431490205000428,-30.07925739999996,-51.164837915444835
431490205000429,431490205000429,-30.07994409999995,-51.16534494369692
431490205000430,431490205000430,-30.064875499999964,-51.17906301049433
431490205000431,431490205000431,-30.064804499999973,-51.177537969865305
431490205000432,431490205000432,-30.06488594999996,-51.17624983972183
431490205000433,431490205000433,-30.063385249999946,-51.17539305031391
431490205000434,431490205000434,-30.064325799999942,-51.173561454133434
431490205000435,431490205000435,-30.064231799999952,-51.17193452355634
431490205000436,431490205000436,-30.06417304999996,-51.1710568053616
431490205000437,431490205000437,-30.067199899999935,-51.171682820345524
431490205000438,431490205000438,-30.06901924999996,-51.17377908869145
431490205000439,431490205000439,-30.06817534999996,-51.174745024762714
431490205000440,431490205000440,-30.06761414999994,-51.17832875825268
431490205000441,431490205000441,-30.07135109999995,-51.176204847065605
431490205000442,431490205000442,-30.071027849999943,-51.17397151328241
431490205000443,431490205000443,-30.07067744999994,-51.17247893224422
431490205000444,431490205000444,-30.072135999999972,-51.172917493347114
431490205000445,431490205000445,-30.073283049999954,-51.173473488793334
431490205000446,431490205000446,-30.07438759999996,-51.17164468077944
431490205000447,431490205000447,-30.065736349999952,-51.18472630071149
431490205000448,431490205000448,-30.067786799999965,-51.18093452592133
431490205000449,431490205000449,-30.06780964999993,-51.18566248508925
431490205000450,431490205000450,-30.06922699999995,-51.181827046566696
431490205000451,431490205000451,-30.070063899999944,-51.18240043010789
431490205000452,431490205000452,-30.068786299999942,-51.18362832095468
431490205000453,431490205000453,-30.067315149999942,-51.18824744445693
431490205000454,431490205000454,-30.07031049999994,-51.19185794001728
431490205000455,431490205000455,-30.070798499999963,-51.19491180843396
431490205000456,431490205000456,-30.070942849999938,-51.19556579267265
431490205000457,431490205000457,-30.071156849999966,-51.196243670681405
431490205000459,431490205000459,-30.075338849999945,-51.192616031960725
431490205000460,431490205000460,-30.074688849999973,-51.18870888022147
431490205000461,431490205000461,-30.07461219999996,-51.185430971217215
431490205000462,431490205000462,-30.078323549999958,-51.18275011506197
431490205000463,431490205000463,-30.07498829999994,-51.183156106832186
431490205000465,431490205000465,-30.072755449999967,-51.182823872713854
431490205000466,431490205000466,-30.074099699999948,-51.180286765591504
431490205000468,431490205000468,-30.072727599999947,-51.17558695425586
431490205000469,431490205000469,-30.072922449999957,-51.178590037212004
431490205000471,431490205000471,-30.07672589999995,-51.179388268666216
431490205000472,431490205000472,-30.080904049999923,-51.17828272406124
431490205000473,431490205000473,-30.07753589999993,-51.17402430900052
431490205000474,431490205000474,-30.07683074999997,-51.172083599274764
431490205000475,431490205000475,-30.079791899999947,-51.17367362197672
431490205000476,431490205000476,-30.078851299999968,-51.1697719856882
431490205000479,431490205000479,-30.073965899999962,-51.20711236879637
431490205000480,431490205000480,-30.075787699999946,-51.20782636967576
431490205000481,431490205000481,-30.07590604999995,-51.20616479998559
431490205000482,431490205000482,-30.072733849999963,-51.20471112361746
431490205000483,431490205000483,-30.074171049999926,-51.200855833190914
431490205000484,431490205000484,-30.070593449999937,-51.20179112446465
431490205000485,431490205000485,-30.071413449999937,-51.198603694148105
431490205000486,431490205000486,-30.072606399999948,-51.198567787975996
431490205000487,431490205000487,-30.073852999999946,-51.193733236648775
431490205000488,431490205000488,-30.076568849999965,-51.19722555471178
431490205000489,431490205000489,-30.078224499999976,-51.200997635810765
431490205000490,431490205000490,-30.07686044999997,-51.20393939301644
431490205000491,431490205000491,-30.05032549999995,-51.196395875339135
431490205000492,431490205000492,-30.049724399999945,-51.19599749195082
431490205000493,431490205000493,-30.050854849999943,-51.19908635354489
431490205000494,431490205000494,-30.051837999999947,-51.20049350967416
431490205000496,431490205000496,-30.052998249999966,-51.19902254426305
431490205000497,431490205000497,-30.05222154999995,-51.19641147302177
431490205000498,431490205000498,-30.052972049999966,-51.19466859950092
431490205000499,431490205000499,-30.055251349999956,-51.19705449000068
431490205000500,431490205000500,-30.05561304999995,-51.19522293054826
431490205000501,431490205000501,-30.055720299999955,-51.193294177474066
431490205000502,431490205000502,-30.057522749999944,-51.19332510321455
431490205000503,431490205000503,-30.05662924999995,-51.19169933891523
431490205000504,431490205000504,-30.058137999999953,-51.191588737095174
431490205000505,431490205000505,-30.055865299999965,-51.19035720367876
431490205000506,431490205000506,-30.05875169999993,-51.19083289003213
431490205000507,431490205000507,-30.061486449999926,-51.192733952506515
431490205000508,431490205000508,-30.06080319999995,-51.19424113287291
431490205000509,431490205000509,-30.059454849999952,-51.193127159556184
431490205000510,431490205000510,-30.060573549999955,-51.19608604073892
431490205000512,431490205000512,-30.06302189999996,-51.195232777126456
431490205000513,431490205000513,-30.064614699999964,-51.19736754261767
431490205000514,431490205000514,-30.066854849999963,-51.19887680592717
431490205000515,431490205000515,-30.066539049999953,-51.20128048787291
431490205000516,431490205000516,-30.06995459999996,-51.20032609557229
431490205000517,431490205000517,-30.069407999999985,-51.198072622014664
431490205000518,431490205000518,-30.06731519999997,-51.196227321456846
431490205000519,431490205000519,-30.06596039999993,-51.195409876708055
431490205000520,431490205000520,-30.064809749999974,-51.19381306590094
431490205000521,431490205000521,-30.062766199999963,-51.19292478160128
431490205000522,431490205000522,-30.06355409999997,-51.192681057464725
431490205000523,431490205000523,-30.06201974999996,-51.19146743625859
431490205000524,431490205000524,-30.06242779999996,-51.18953209486943
431490205000525,431490205000525,-30.06504069999996,-51.191873455668954
431490205000526,431490205000526,-30.06416669999996,-51.19218214615378
431490205000527,431490205000527,-30.067989249999954,-51.19537061336695
431490205000528,431490205000528,-30.06876994999996,-51.19383650606607
431490205000529,431490205000529,-30.06801969999995,-51.19195164942553
431490205000530,431490205000530,-30.06801969999995,-51.19337690581707
431490205000531,431490205000531,-30.065609649999942,-51.19098116751846
431490205000532,431490205000532,-30.066859799999964,-51.18965904595273
431490205000533,431490205000533,-30.064577849999942,-51.18912573353309
431490205000534,431490205000534,-30.063731199999978,-51.18700199207039
431490205000536,431490205000536,-30.058940849999942,-51.19005983542128
431490205000537,431490205000537,-30.05742109999997,-51.1877549952589
431490205000538,431490205000538,-30.064677949999968,-51.18436333401942
431490205000539,431490205000539,-30.06538219999996,-51.18122419593104
431490205000542,431490205000542,-30.056230299999946,-51.16710743557848
431490205000543,431490205000543,-30.057796399999976,-51.16744482711067
431490205000544,431490205000544,-30.05764704999996,-51.16607617939104
431490205000545,431490205000545,-30.058316099999956,-51.16616971563528
431490205000546,431490205000546,-30.05963109999996,-51.16655562858765
431490205000548,431490205000548,-30.059102899999942,-51.16417831527549
431490205000549,431490205000549,-30.05721859999994,-51.16319570395366
431490205000550,431490205000550,-30.056958049999963,-51.16170116168031
431490205000551,431490205000551,-30.059110099999934,-51.16175739279079
431490205000552,431490205000552,-30.058813299999947,-51.159303178725814
431490205000553,431490205000553,-30.06242859999994,-51.15991608745034
431490205000554,431490205000554,-30.06138134999994,-51.157297580236445
431490205000555,431490205000555,-30.060094499999963,-51.154799545464066
431490205000556,431490205000556,-30.05797604999995,-51.155182848373045
431490205000557,431490205000557,-30.060796749999948,-51.151999084723045
431490205000558,431490205000558,-30.06348344999995,-51.15232699249144
431490205000559,431490205000559,-30.06340874999995,-51.15576585698328
431490205000561,431490205000561,-30.06794414999993,-51.15566675509724
431490205000562,431490205000562,-30.066407849999955,-51.15287918698249
431490205000563,431490205000563,-30.070583149999976,-51.15435349701116
431490205000565,431490205000565,-30.068398449999933,-51.1482302242523
431490205000566,431490205000566,-30.07037799999995,-51.143846323934575
431490205000567,431490205000567,-30.054421149999964,-51.20931824867418
431490205000568,431490205000568,-30.053612449999946,-51.20566383340723
431490205000569,431490205000569,-30.056901049999933,-51.20770998282897
431490205000570,431490205000570,-30.05921739999996,-51.20796242375404
431490205000571,431490205000571,-30.059054799999956,-51.20676869250342
431490205000572,431490205000572,-30.056638099999958,-51.20693880778248
431490205000573,431490205000573,-30.05732704999997,-51.20600259960271
431490205000574,431490205000574,-30.05781804999998,-51.20502950364894
431490205000575,431490205000575,-30.061086499999952,-51.20586058837698
431490205000576,431490205000576,-30.061313799999958,-51.20643836192541
431490205000577,431490205000577,-30.063089099999956,-51.20471903270759
431490205000578,431490205000578,-30.06087979999995,-51.20517694406969
431490205000579,431490205000579,-30.06099614999993,-51.20429634421423
431490205000580,431490205000580,-30.06021429999995,-51.20309357566963
431490205000581,431490205000581,-30.054812849999934,-51.204228512652236
431490205000582,431490205000582,-30.055969549999958,-51.20401540579239
431490205000583,431490205000583,-30.05520324999995,-51.203335543785755
431490205000584,431490205000584,-30.055270799999956,-51.20209403186684
431490205000585,431490205000585,-30.056462649999958,-51.20102772198975
431490205000586,431490205000586,-30.061790049999942,-51.20196498421386
431490205000587,431490205000587,-30.06211829999998,-51.200238115917415
431490205000588,431490205000588,-30.062481799999937,-51.198658991620775
431490205000589,431490205000589,-30.060070649999965,-51.198937482063236
431490205000590,431490205000590,-30.057038699999936,-51.19767775320774
431490205000591,431490205000591,-30.05871014999996,-51.196259994424736
431490205000592,431490205000592,-30.042875349999967,-51.21751822687983
431490205000593,431490205000593,-30.042368449999962,-51.21811342048592
431490205000594,431490205000594,-30.042519649999946,-51.21633258534446
431490205000595,431490205000595,-30.04153294999994,-51.21634593732992
431490205000596,431490205000596,-30.045734249999946,-51.21837944451191
431490205000597,431490205000597,-30.04358559999997,-51.21728482186774
431490205000598,431490205000598,-30.04354374999997,-51.21555951435829
431490205000600,431490205000600,-30.04564649999997,-51.21439818179681
431490205000601,431490205000601,-30.045907299999946,-51.214950520521235
431490205000602,431490205000602,-30.045759599999965,-51.21341866591338
431490205000605,431490205000605,-30.05015349999994,-51.21506059208342
431490205000606,431490205000606,-30.047972699999967,-51.212326343793805
431490205000607,431490205000607,-30.049857749999944,-51.21205819945794
431490205000608,431490205000608,-30.051212949999943,-51.21478049778216
431490205000610,431490205000610,-30.05218169999994,-51.21505297401566
431490205000611,431490205000611,-30.053847899999962,-51.21509065424329
431490205000614,431490205000614,-30.05487659999997,-51.21682583193719
431490205000615,431490205000615,-30.056315999999978,-51.21664236397791
431490205000616,431490205000616,-30.056459249999953,-51.21243337479278
431490205000617,431490205000617,-30.057239399999958,-51.214739409740986
431490205000618,431490205000618,-30.05782594999996,-51.216712232972135
431490205000620,431490205000620,-30.045256449999947,-51.22394896939331
431490205000621,431490205000621,-30.045113899999954,-51.22331067029177
431490205000622,431490205000622,-30.04523989999995,-51.2224082333793
431490205000623,431490205000623,-30.045540249999952,-51.220561977089886
431490205000624,431490205000624,-30.04566094999995,-51.21956823692324
431490205000625,431490205000625,-30.04593119999995,-51.22220683077103
431490205000626,431490205000626,-30.046889699999955,-51.222602028315066
431490205000627,431490205000627,-30.04618859999993,-51.2258348659562
431490205000628,431490205000628,-30.047807149999958,-51.22272846266381
431490205000629,431490205000629,-30.046942249999937,-51.21951055746092
431490205000630,431490205000630,-30.049338549999952,-51.21879589627794
431490205000631,431490205000631,-30.049338549999952,-51.22057919134379
431490205000632,431490205000632,-30.04942094999995,-51.22306959921143
431490205000633,431490205000633,-30.04869739999995,-51.22471686820069
431490205000634,431490205000634,-30.050307249999946,-51.22620175733093
431490205000635,431490205000635,-30.05037019999994,-51.22309164613948
431490205000636,431490205000636,-30.050405099999946,-51.221037986630485
431490205000637,431490205000637,-30.05058029999998,-51.21923073248458
431490205000638,431490205000638,-30.051862599999957,-51.21875365512988
431490205000639,431490205000639,-30.051592599999964,-51.22120175290442
431490205000640,431490205000640,-30.05125744999995,-51.22379746719905
431490205000641,431490205000641,-30.05270399999994,-51.223424210350714
431490205000642,431490205000642,-30.052758549999965,-51.221364165545936
431490205000643,431490205000643,-30.054026399999966,-51.21935787770979
431490205000644,431490205000644,-30.054026399999966,-51.22134067478376
431490205000645,431490205000645,-30.05373869999997,-51.223570116764506
431490205000646,431490205000646,-30.052653849999956,-51.22665680598408
431490205000647,431490205000647,-30.052716549999957,-51.228062267030396
431490205000648,431490205000648,-30.05358039999996,-51.22671340254303
431490205000649,431490205000649,-30.05456269999996,-51.22688209469738
431490205000650,431490205000650,-30.05481259999996,-51.2237231259944
431490205000651,431490205000651,-30.05581174999994,-51.22231212971553
431490205000652,431490205000652,-30.056639849999947,-51.22015014545207
431490205000653,431490205000653,-30.055612149999945,-51.223795220737685
431490205000654,431490205000654,-30.056520699999936,-51.224294092552995
431490205000655,431490205000655,-30.05665159999996,-51.226499415258516
431490205000656,431490205000656,-30.056576049999965,-51.22856656295767
431490205000657,431490205000657,-30.058180699999948,-51.228887821074764
431490205000658,431490205000658,-30.058599899999955,-51.227357465868636
431490205000659,431490205000659,-30.05951019999995,-51.225701896777906
431490205000660,431490205000660,-30.05822154999995,-51.225683205070844
431490205000661,431490205000661,-30.05870914999997,-51.223674215290856
431490205000662,431490205000662,-30.05912059999994,-51.22234944118014
431490205000663,431490205000663,-30.05928389999996,-51.220771763359046
431490205000664,431490205000664,-30.05940504999995,-51.21745089924779
431490205000665,431490205000665,-30.06141604999996,-51.22156221608547
431490205000666,431490205000666,-30.06093109999994,-51.22395775909092
431490205000668,431490205000668,-30.060415749999965,-51.2295158709714
431490205000669,431490205000669,-30.06204289999996,-51.23093488575314
431490205000670,431490205000670,-30.062672099999958,-51.229735964912805
431490205000671,431490205000671,-30.06352059999995,-51.22806758750115
431490205000672,431490205000672,-30.063148249999955,-51.22480794101212
431490205000673,431490205000673,-30.06496284999997,-51.22570799600602
431490205000674,431490205000674,-30.061125549999957,-51.21827945783861
431490205000675,431490205000675,-30.060686199999967,-51.21720452156586
431490205000676,431490205000676,-30.061437049999967,-51.21682254030621
431490205000677,431490205000677,-30.06479464999996,-51.21556242721494
431490205000678,431490205000678,-30.061412749999953,-51.21297892003986
431490205000679,431490205000679,-30.059819099999945,-51.211117186111025
431490205000680,431490205000680,-30.061065349999975,-51.208895961058126
431490205000681,431490205000681,-30.062481399999967,-51.21397169608474
431490205000682,431490205000682,-30.063381799999974,-51.21111716060308
431490205000683,431490205000683,-30.063459499999965,-51.20820502385905
431490205000684,431490205000684,-30.064831699999953,-51.20397450243615
431490205000685,431490205000685,-30.066509349999958,-51.20420438487788
431490205000686,431490205000686,-30.06789439999997,-51.20667599727122
431490205000687,431490205000687,-30.06777019999995,-51.20938306162252
431490205000688,431490205000688,-30.066150849999957,-51.21302031021949
431490205000689,431490205000689,-30.06724479999994,-51.21172202081614
431490205000690,431490205000690,-30.06987329999996,-51.211809237745804
431490205000691,431490205000691,-30.073302149999954,-51.21250347586454
431490205000692,431490205000692,-30.069644349999972,-51.20754596628207
431490205000693,431490205000693,-30.06518044999995,-51.22859758347488
431490205000694,431490205000694,-30.06603249999994,-51.23149986526829
431490205000695,431490205000695,-30.065779349999957,-51.233403146974766
431490205000696,431490205000696,-30.068121749999953,-51.22630984074864
431490205000697,431490205000697,-30.069449799999937,-51.2295154068871
431490205000698,431490205000698,-30.07167869999998,-51.2347792421905
431490205000699,431490205000699,-30.07025804999995,-51.236264098541966
431490205000700,431490205000700,-30.06899744999995,-51.23640419103704
431490205000701,431490205000701,-30.069941999999934,-51.237792589681725
431490205000702,431490205000702,-30.077890949999954,-51.23178584567617
431490205000703,431490205000703,-30.075517599999955,-51.23225584070896
431490205000704,431490205000704,-30.07302044999994,-51.22997950149619
431490205000705,431490205000705,-30.071794299999958,-51.22560387040707
431490205000706,431490205000706,-30.07139449999996,-51.2231469530395
431490205000707,431490205000707,-30.069282449999946,-51.22369879275554
431490205000708,431490205000708,-30.067791499999935,-51.222441617230594
431490205000709,431490205000709,-30.066005799999964,-51.219343077908455
431490205000711,431490205000711,-30.06547974999995,-51.21651004607449
431490205000712,431490205000712,-30.06757879999995,-51.21546903234946
431490205000713,431490205000713,-30.07070899999996,-51.213982122693245
431490205000714,431490205000714,-30.070234949999957,-51.21717935217783
431490205000715,431490205000715,-30.069339099999972,-51.21742562723601
431490205000717,431490205000717,-30.070915849999942,-51.22033141265843
431490205000718,431490205000718,-30.070544449999943,-51.22208616527247
431490205000719,431490205000719,-30.07350594999997,-51.222413602335195
431490205000720,431490205000720,-30.073072949999954,-51.22090388278691
431490205000721,431490205000721,-30.074549949999977,-51.21934684090905
431490205000722,431490205000722,-30.071321199999964,-51.216057908474426
431490205000723,431490205000723,-30.073460799999957,-51.213931494343626
431490205000724,431490205000724,-30.076980299999974,-51.21636858354631
431490205000725,431490205000725,-30.07873184999996,-51.218165410993976
431490205000726,431490205000726,-30.07793064999995,-51.22137006073927
431490205000727,431490205000727,-30.079828549999974,-51.22321824738793
431490205000728,431490205000728,-30.076630449999953,-51.22518469146712
431490205000729,431490205000729,-30.075573899999966,-51.22314651338193
431490205000730,431490205000730,-30.074119649999943,-51.22369556406164
431490205000731,431490205000731,-30.07414584999995,-51.225029826605166
431490205000732,431490205000732,-30.07461614999994,-51.22594170401659
431490205000733,431490205000733,-30.07324579999993,-51.22708213032553
431490205000734,431490205000734,-30.073594499999942,-51.227968761062854
431490205000735,431490205000735,-30.07687299999995,-51.23048223570778
431490205000736,431490205000736,-30.07757254999996,-51.228848485039464
431490205000738,431490205000738,-30.080276499999922,-51.22962450866181
431490205000739,431490205000739,-30.08058239999997,-51.22592132055783
431490205000740,431490205000740,-30.082667399999938,-51.22388917297367
431490205000742,431490205000742,-30.082063599999966,-51.22696893114454
431490205000743,431490205000743,-30.083157549999953,-51.227251051968125
431490205000744,431490205000744,-30.084704149999958,-51.227904454905044
431490205000746,431490205000746,-30.085824199999955,-51.22997502445676
431490205000748,431490205000748,-30.08132689999997,-51.229141047504314
431490205000749,431490205000749,-30.080503649999933,-51.23658186425757
431490205000750,431490205000750,-30.07839569999995,-51.23620728919929
431490205000751,431490205000751,-30.077509049999982,-51.24005032312962
431490205000752,431490205000752,-30.077337349999958,-51.24265978790949
431490205000753,431490205000753,-30.079598999999973,-51.24242534346507
431490205000754,431490205000754,-30.077846149999964,-51.244862374812584
431490205000755,431490205000755,-30.081120899999938,-51.24339120017544
431490205000756,431490205000756,-30.082752099999965,-51.24128709206222
431490205000757,431490205000757,-30.080870299999958,-51.24079719250868
431490205000759,431490205000759,-30.081353949999933,-51.23722363903468
431490205000761,431490205000761,-30.08787569999995,-51.233907565377095
431490205000762,431490205000762,-30.08505579999993,-51.23454364278786
431490205000763,431490205000763,-30.084153449999935,-51.23659767482922
431490205000765,431490205000765,-30.08433174999996,-51.23681907005161
431490205000766,431490205000766,-30.08537219999996,-51.23897142034245
431490205000767,431490205000767,-30.085310299999936,-51.240324162672415
431490205000768,431490205000768,-30.08761034999995,-51.24043080038983
431490205000769,431490205000769,-30.087684549999945,-51.23704241393048
431490205000770,431490205000770,-30.086258149999935,-51.236683015531
431490205000771,431490205000771,-30.089510699999977,-51.23547324283649
431490205000772,431490205000772,-30.090195499999965,-51.23766722351606
431490205000774,431490205000774,-30.091316499999976,-51.23969714341439
431490205000775,431490205000775,-30.091316499999976,-51.24037562634252
431490205000776,431490205000776,-30.09033489999996,-51.241107929408216
431490205000777,431490205000777,-30.085397399999948,-51.24472321037899
431490205000778,431490205000778,-30.09161429999997,-51.247965739072725
431490205000779,431490205000779,-30.092018899999964,-51.245529210641536
431490205000780,431490205000780,-30.093306349999942,-51.24370574374732
431490205000781,431490205000781,-30.098088899999965,-51.24942121108237
431490205000782,431490205000782,-30.099652499999955,-51.2482117059392
431490205000783,431490205000783,-30.099652499999955,-51.246596008632295
431490205000784,431490205000784,-30.09596114999996,-51.242840356643455
431490205000785,431490205000785,-30.094437149999976,-51.24210513811394
431490205000786,431490205000786,-30.09385369999995,-51.24137963832388
431490205000788,431490205000788,-30.092273049999953,-51.240767014531805
431490205000789,431490205000789,-30.08912384999996,-51.233325636300194
431490205000790,431490205000790,-30.08734279999996,-51.23239611076268
431490205000791,431490205000791,-30.088217149999924,-51.23012850526325
431490205000792,431490205000792,-30.08764524999998,-51.228011794390156
431490205000793,431490205000793,-30.08677944999996,-51.22594688501742
431490205000794,431490205000794,-30.08559884999996,-51.22571051622468
431490205000795,431490205000795,-30.08561014999998,-51.2247116874411
431490205000796,431490205000796,-30.086169999999946,-51.223095937532705
431490205000797,431490205000797,-30.082987699999933,-51.22123568806238
431490205000798,431490205000798,-30.08209394999994,-51.2206324442832
431490205000799,431490205000799,-30.081287999999944,-51.21954910958038
431490205000800,431490205000800,-30.081484999999958,-51.21726618171999
431490205000801,431490205000801,-30.08050684999995,-51.21841118093611
431490205000802,431490205000802,-30.07996184999996,-51.21768994705974
431490205000803,431490205000803,-30.077701699999956,-51.21514065358788
431490205000805,431490205000805,-30.083141949999945,-51.217370730535514
431490205000806,431490205000806,-30.08386234999996,-51.2155495364178
431490205000807,431490205000807,-30.085204199999964,-51.21388490415387
431490205000808,431490205000808,-30.086940549999944,-51.217440705310466
431490205000809,431490205000809,-30.085422649999963,-51.21885162312151
431490205000810,431490205000810,-30.084665249999972,-51.22199110719758
431490205000811,431490205000811,-30.086276349999963,-51.222087871795786
431490205000812,431490205000812,-30.088224549999943,-51.22553090151601
431490205000813,431490205000813,-30.08925454999996,-51.22701980843743
431490205000814,431490205000814,-30.09063069999996,-51.233546120562764
431490205000815,431490205000815,-30.091343199999947,-51.23149917864217
431490205000816,431490205000816,-30.092139799999956,-51.230046655654036
431490205000818,431490205000818,-30.09270884999995,-51.22702829210811
431490205000819,431490205000819,-30.090806349999976,-51.22835501817653
431490205000820,431490205000820,-30.091730499999947,-51.22458661180832
431490205000821,431490205000821,-30.09007224999996,-51.223986784224316
431490205000822,431490205000822,-30.090080799999953,-51.221532603536545
431490205000823,431490205000823,-30.08889419999994,-51.21950233389157
431490205000824,431490205000824,-30.08892959999997,-51.21671594915773
431490205000825,431490205000825,-30.089610749999956,-51.21772001948857
431490205000827,431490205000827,-30.088924749999954,-51.21376882976928
431490205000828,431490205000828,-30.086768449999965,-51.212125918932855
431490205000829,431490205000829,-30.08953279999994,-51.20776587894381
431490205000830,431490205000830,-30.092740449999944,-51.20447126335854
431490205000831,431490205000831,-30.092419849999935,-51.21017836236726
431490205000832,431490205000832,-30.09287619999995,-51.21409550031021
431490205000833,431490205000833,-30.09453484999994,-51.21732171802063
431490205000834,431490205000834,-30.093455049999953,-51.22202451187114
431490205000835,431490205000835,-30.092576049999956,-51.220860898403345
431490205000836,431490205000836,-30.09504704999994,-51.222498323798156
431490205000837,431490205000837,-30.094315949999952,-51.22331397425112
431490205000838,431490205000838,-30.09593374999994,-51.22424483326954
431490205000839,431490205000839,-30.09986324999996,-51.223603892892555
431490205000840,431490205000840,-30.099046849999944,-51.21475790497233
431490205000841,431490205000841,-30.071865299999928,-51.20928335001891
431490205000842,431490205000842,-30.07384014999996,-51.20968036557319
431490205000843,431490205000843,-30.077982699999946,-51.20854217774367
431490205000844,431490205000844,-30.07740189999995,-51.2105861097069
431490205000845,431490205000845,-30.07430484999997,-51.2118662650785
431490205000846,431490205000846,-30.075548099999935,-51.21378810426495
431490205000847,431490205000847,-30.07876554999995,-51.21279954418817
431490205000848,431490205000848,-30.079964049999976,-51.210720122635365
431490205000850,431490205000850,-30.08724129999996,-51.20680946190976
431490205000851,431490205000851,-30.08397269999994,-51.210202959491625
431490205000852,431490205000852,-30.083249549999977,-51.208795299439856
431490205000854,431490205000854,-30.078139449999952,-51.20693115531782
431490205000856,431490205000856,-30.081164149999942,-51.20410341126469
431490205000857,431490205000857,-30.082656549999935,-51.19828038924452
431490205000859,431490205000859,-30.093469449999954,-51.19802680731175
431490205000860,431490205000860,-30.099359549999942,-51.18661498650591
431490205000861,431490205000861,-30.08007924999995,-51.19693627860849
431490205000862,431490205000862,-30.080756999999977,-51.1990569616387
431490205000863,431490205000863,-30.084661749999945,-51.1966965184469
431490205000864,431490205000864,-30.081134999999925,-51.195926069961644
431490205000865,431490205000865,-30.081510349999967,-51.19383282512674
431490205000866,431490205000866,-30.07950804999995,-51.19333661584439
431490205000867,431490205000867,-30.07666389999997,-51.19010124204061
431490205000868,431490205000868,-30.078283949999964,-51.18701886577598
431490205000869,431490205000869,-30.080791449999964,-51.18906690332829
431490205000870,431490205000870,-30.079987449999972,-51.19137075198961
431490205000871,431490205000871,-30.08294454999995,-51.191460374370415
431490205000872,431490205000872,-30.08442514999995,-51.19160166619533
431490205000873,431490205000873,-30.086093549999923,-51.19326236395972
431490205000874,431490205000874,-30.085748399999964,-51.191272853599955
431490205000877,431490205000877,-30.086889149999934,-51.18239092544745
431490205000883,431490205000883,-30.092680399999946,-51.17881562456962
431490205000884,431490205000884,-30.09688804999996,-51.175030024727775
431490205000885,431490205000885,-30.097566349999937,-51.17016685059052
431490205000886,431490205000886,-30.092815149999943,-51.17358369130464
431490205000888,431490205000888,-30.084688399999948,-51.1678074542554
431490205000889,431490205000889,-30.09439989999996,-51.16134118448197
431490205000890,431490205000890,-30.09062889999995,-51.13910158557039
431490205000891,431490205000891,-30.097043199999966,-51.149855383356176
431490205000892,431490205000892,-30.098147199999943,-51.14426450979073
431490205000893,431490205000893,-30.09608254999994,-51.13941333712457
431490205000894,431490205000894,-30.09373399999995,-51.13279109759057
431490205000895,431490205000895,-30.094993049999943,-51.13203087903007
431490205000897,431490205000897,-30.098732299999938,-51.129361907787654
431490205000898,431490205000898,-30.09826004999993,-51.13468086080234
431490205000899,431490205000899,-30.097892949999952,-51.13584910074126
431490205000900,431490205000900,-30.10223839999997,-51.1342671334793
431490205000901,431490205000901,-30.103428849999975,-51.14199836157617
431490205000902,431490205000902,-30.10938329999996,-51.14050012010545
431490205000907,431490205000907,-30.107673249999976,-51.129441029003914
431490205000908,431490205000908,-30.09529679999997,-51.11828405129448
431490205000909,431490205000909,-30.102308199999943,-51.11978745308835
431490205000910,431490205000910,-30.103359699999938,-51.1165676277481
431490205000911,431490205000911,-30.108161749999937,-51.11953668547295
431490205000912,431490205000912,-30.106922799999943,-51.11237470392265
431490205000913,431490205000913,-30.111059399999952,-51.11493319051634
431490205000914,431490205000914,-30.10873784999996,-51.10993777012113
431490205000915,431490205000915,-30.105797249999934,-51.1086457057015
431490205000916,431490205000916,-30.10765074999994,-51.10641074988131
431490205000917,431490205000917,-30.108954699999938,-51.10487057438404
431490205000918,431490205000918,-30.112760899999948,-51.107329325064356
431490205000919,431490205000919,-30.113673799999958,-51.10394703515634
431490205000920,431490205000920,-30.112211549999948,-51.10168839545561
431490205000921,431490205000921,-30.116059799999952,-51.10391162477451
431490205000924,431490205000924,-30.121949149999942,-51.108921603209396
431490205000925,431490205000925,-30.118711799999968,-51.10617370882347
431490205000926,431490205000926,-30.117610699999933,-51.10401909563787
431490205000927,431490205000927,-30.11861694999996,-51.100542700090266
431490205000928,431490205000928,-30.116281449999946,-51.09964603145416
431490205000929,431490205000929,-30.116998799999944,-51.0969051125177
431490205000930,431490205000930,-30.12029264999995,-51.09737433644445
431490205000931,431490205000931,-30.123454549999963,-51.09903169438809
431490205000932,431490205000932,-30.120667099999935,-51.101165666207415
431490205000933,431490205000933,-30.122765849999936,-51.10462912920838
431490205000934,431490205000934,-30.122603549999944,-51.10685341597382
431490205000935,431490205000935,-30.124621049999938,-51.12024695531635
431490205000937,431490205000937,-30.12686129999994,-51.111226667663686
431490205000938,431490205000938,-30.125174299999944,-51.108877282607395
431490205000940,431490205000940,-30.12473219999995,-51.09714247020962
431490205000941,431490205000941,-30.12660129999994,-51.154516682107015
431490205000944,431490205000944,-30.144828699999934,-51.14385390387773
431490205000945,431490205000945,-30.14753819999996,-51.146617831315154
431490205000946,431490205000946,-30.148218999999955,-51.14890636977598
431490205000947,431490205000947,-30.14925364999996,-51.143122451912504
431490205000948,431490205000948,-30.151417899999956,-51.140719005160506
431490205000949,431490205000949,-30.149768699999946,-51.138403944661185
431490205000950,431490205000950,-30.151459699999947,-51.13561452436371
431490205000951,431490205000951,-30.14792154999995,-51.134722041060876
431490205000952,431490205000952,-30.14665734999996,-51.126066035363095
431490205000953,431490205000953,-30.15184169999994,-51.12891171761931
431490205000954,431490205000954,-30.151065049999932,-51.13252476015314
431490205000955,431490205000955,-30.15215459999995,-51.131447317371396
431490205000956,431490205000956,-30.152618899999933,-51.13244014674469
431490205000957,431490205000957,-30.153305199999938,-51.13373333036472
431490205000958,431490205000958,-30.15423709999995,-51.135400471877006
431490205000959,431490205000959,-30.15542449999995,-51.13805185595312
431490205000960,431490205000960,-30.15254024999996,-51.138407633684466
431490205000961,431490205000961,-30.15380484999995,-51.14168531413939
431490205000962,431490205000962,-30.15191764999994,-51.143439153076585
431490205000963,431490205000963,-30.151138649999943,-51.14521441028667
431490205000964,431490205000964,-30.149775399999946,-51.148534731714875
431490205000965,431490205000965,-30.152142849999954,-51.14934723026083
431490205000966,431490205000966,-30.152631449999944,-51.1464576099319
431490205000967,431490205000967,-30.153879699999948,-51.144400745591476
431490205000968,431490205000968,-30.155202299999953,-51.14895306262624
431490205000969,431490205000969,-30.155697299999957,-51.150522069339566
431490205000971,431490205000971,-30.15720244999998,-51.14546216971853
431490205000972,431490205000972,-30.156063099999947,-51.144374978505056
431490205000973,431490205000973,-30.156908099999953,-51.14333397790875
431490205000974,431490205000974,-30.157068199999962,-51.14119329542035
431490205000975,431490205000975,-30.156556149999943,-51.14219594686938
431490205000976,431490205000976,-30.15790404999996,-51.1402365943552
431490205000977,431490205000977,-30.157443799999953,-51.135549310466786
431490205000978,431490205000978,-30.155549799999957,-51.13372645704533
431490205000979,431490205000979,-30.15875629999996,-51.13508207895395
431490205000980,431490205000980,-30.159645799999964,-51.1342886732325
431490205000982,431490205000982,-30.166615199999967,-51.141429850426555
431490205000983,431490205000983,-30.16629364999997,-51.15264438264782
431490205000984,431490205000984,-30.16014819999995,-51.146653073041264
431490205000985,431490205000985,-30.16024634999995,-51.14400243220187
431490205000986,431490205000986,-30.158294149999968,-51.143597177054815
431490205000987,431490205000987,-30.160444499999983,-51.14152299346629
431490205000988,431490205000988,-30.16174394999996,-51.1409569937828
431490205000989,431490205000989,-30.16219719999995,-51.138597691463666
431490205000990,431490205000990,-30.161057749999937,-51.136733714640066
431490205000991,431490205000991,-30.16021814999996,-51.13832724666071
431490205000992,431490205000992,-30.158557449999954,-51.13821175970445
431490205000995,431490205000995,-30.10766639999994,-51.157984390413034
431490205000996,431490205000996,-30.119594349999932,-51.16739857303163
431490205000997,431490205000997,-30.123294399999963,-51.182664650355484
431490205000998,431490205000998,-30.11544044999993,-51.18381431459579
431490205000999,431490205000999,-30.116020599999953,-51.195912625350374
431490205001000,431490205001000,-30.105560149999945,-51.219923346875504
431490205001001,431490205001001,-30.105201099999952,-51.20730556265775
431490205001003,431490205001003,-30.111869549999934,-51.21109027626764
431490205001004,431490205001004,-30.11002114999996,-51.21553410983701
431490205001005,431490205001005,-30.112416649999965,-51.22176541023993
431490205001006,431490205001006,-30.11542099999994,-51.209649648055844
431490205001007,431490205001007,-30.114158499999974,-51.2040394779281
431490205001009,431490205001009,-30.121293849999965,-51.20713924049612
431490205001010,431490205001010,-30.118058849999947,-51.21403916372297
431490205001011,431490205001011,-30.117819399999966,-51.22172542239501
431490205001012,431490205001012,-30.114125549999955,-51.21999753398468
431490205001013,431490205001013,-30.11485009999995,-51.21907289665718
431490205001014,431490205001014,-30.115665249999942,-51.22045638040554
431490205001015,431490205001015,-30.11654409999997,-51.21956347870305
431490205001016,431490205001016,-30.11707324999997,-51.2235772561805
431490205001017,431490205001017,-30.118139999999947,-51.223985769673384
431490205001018,431490205001018,-30.124063549999956,-51.219932581641245
431490205001019,431490205001019,-30.124983199999974,-51.217409605399524
431490205001020,431490205001020,-30.12638969999994,-51.21741274648434
431490205001021,431490205001021,-30.13093909999995,-51.214511195385825
431490205001022,431490205001022,-30.12970419999996,-51.21481763028933
431490205001023,431490205001023,-30.129871349999945,-51.21533555110343
431490205001024,431490205001024,-30.131348799999955,-51.21493131084652
431490205001025,431490205001025,-30.129264949999964,-51.21645352262364
431490205001027,431490205001027,-30.123216049999932,-51.21268437299952
431490205001028,431490205001028,-30.124571799999956,-51.21080261661413
431490205001029,431490205001029,-30.12850964999995,-51.21003364608818
431490205001030,431490205001030,-30.126136149999972,-51.20872812525684
431490205001031,431490205001031,-30.127747499999963,-51.20824155963258
431490205001032,431490205001032,-30.126537249999952,-51.20679360227003
431490205001033,431490205001033,-30.128868799999964,-51.205855192631155
431490205001034,431490205001034,-30.123580299999958,-51.20475638884032
431490205001035,431490205001035,-30.130285949999937,-51.202708056925324
431490205001036,431490205001036,-30.131722199999952,-51.20353147692849
431490205001037,431490205001037,-30.132676999999944,-51.205993612066834
431490205001038,431490205001038,-30.09296864999996,-51.23774144036979
431490205001039,431490205001039,-30.09363894999995,-51.23692122315032
431490205001040,431490205001040,-30.092835149999956,-51.23628411507393
431490205001041,431490205001041,-30.093385799999957,-51.23386790084672
431490205001042,431490205001042,-30.096362349999964,-51.23606472506199
431490205001043,431490205001043,-30.095882349999986,-51.23457076844987
431490205001044,431490205001044,-30.097002249999935,-51.23427744401204
431490205001045,431490205001045,-30.096362349999964,-51.23348403577286
431490205001046,431490205001046,-30.09615629999996,-51.229047199122476
431490205001047,431490205001047,-30.09436619999996,-51.22977461791798
431490205001048,431490205001048,-30.09823889999995,-51.22644020151314
431490205001049,431490205001049,-30.099749449999955,-51.23054447544838
431490205001050,431490205001050,-30.098206549999958,-51.23379634460284
431490205001051,431490205001051,-30.10014014999995,-51.23408322352239
431490205001052,431490205001052,-30.10122604999996,-51.23289598054005
431490205001053,431490205001053,-30.099405849999954,-51.22815096743608
431490205001054,431490205001054,-30.10381259999994,-51.23133094235142
431490205001055,431490205001055,-30.103727899999942,-51.23262872843671
431490205001056,431490205001056,-30.10465569999996,-51.22882449696943
431490205001057,431490205001057,-30.105019049999953,-51.227211028575965
431490205001058,431490205001058,-30.10325054999995,-51.22382380074227
431490205001059,431490205001059,-30.10455659999993,-51.22569120011566
431490205001060,431490205001060,-30.10626684999994,-51.22403053787626
431490205001061,431490205001061,-30.108683949999968,-51.22380491049014
431490205001062,431490205001062,-30.107568549999936,-51.228681410652285
431490205001063,431490205001063,-30.107461149999942,-51.23136675041326
431490205001064,431490205001064,-30.109667549999955,-51.23071456618701
431490205001065,431490205001065,-30.11139619999994,-51.23084135684178
431490205001067,431490205001067,-30.113709849999964,-51.227798378930444
431490205001068,431490205001068,-30.099376449999937,-51.2438809182359
431490205001069,431490205001069,-30.09783164999993,-51.24333689576237
431490205001070,431490205001070,-30.096636649999958,-51.238596134311706
431490205001071,431490205001071,-30.09827334999994,-51.23947183760424
431490205001073,431490205001073,-30.101333799999956,-51.23854316580474
431490205001074,431490205001074,-30.10050539999994,-51.24141132952195
431490205001075,431490205001075,-30.101177249999946,-51.2434687063095
431490205001076,431490205001076,-30.104094749999938,-51.24574809991461
431490205001078,431490205001078,-30.10562029999994,-51.24394089638062
431490205001081,431490205001081,-30.104009549999965,-51.24060951190491
431490205001082,431490205001082,-30.102742149999955,-51.23689175760113
431490205001083,431490205001083,-30.104843449999954,-51.23418800687065
431490205001084,431490205001084,-30.10492774999998,-51.23565184693746
431490205001085,431490205001085,-30.106310649999948,-51.23616713667168
431490205001086,431490205001086,-30.10624594999995,-51.23763814616842
431490205001087,431490205001087,-30.106638149999945,-51.24012679527176
431490205001088,431490205001088,-30.10805034999995,-51.243272727672604
431490205001089,431490205001089,-30.11035059999994,-51.24250966051491
431490205001090,431490205001090,-30.109474199999962,-51.23820795366486
431490205001091,431490205001091,-30.107370149999944,-51.23607143086651
431490205001092,431490205001092,-30.10856714999994,-51.23389426038808
431490205001093,431490205001093,-30.10970094999993,-51.232557631115085
431490205001094,431490205001094,-30.110625049999953,-51.236097096855694
431490205001095,431490205001095,-30.11395039999996,-51.23851381215343
431490205001096,431490205001096,-30.11205354999995,-51.24156670280723
431490205001097,431490205001097,-30.10378194999995,-51.2627914787159
431490205001098,431490205001098,-30.10044789999997,-51.263357901868496
431490205001099,431490205001099,-30.099906699999956,-51.2580117611794
431490205001100,431490205001100,-30.097810599999942,-51.2565105513758
431490205001101,431490205001101,-30.096747499999957,-51.25527644006128
431490205001102,431490205001102,-30.099947199999946,-51.25245909840868
431490205001103,431490205001103,-30.102422749999953,-51.25400053791077
431490205001104,431490205001104,-30.103168249999953,-51.25682202317387
431490205001105,431490205001105,-30.10205109999995,-51.24857662693764
431490205001106,431490205001106,-30.102257549999962,-51.246500461269264
431490205001107,431490205001107,-30.103318599999938,-51.25009973006624
431490205001108,431490205001108,-30.10503479999994,-51.250130591245245
431490205001109,431490205001109,-30.105910849999958,-51.251744959649976
431490205001110,431490205001110,-30.106436349999967,-51.25723204732249
431490205001111,431490205001111,-30.10979624999996,-51.25633594802147
431490205001112,431490205001112,-30.10824289999993,-51.25182806456755
431490205001113,431490205001113,-30.108112649999942,-51.25069637697878
431490205001114,431490205001114,-30.106974849999936,-51.24925693405888
431490205001115,431490205001115,-30.106660449999936,-51.247920419758934
431490205001116,431490205001116,-30.105981949999965,-51.24652655420006
431490205001117,431490205001117,-30.108847899999965,-51.248401852577274
431490205001118,431490205001118,-30.110725949999956,-51.25386468499214
431490205001119,431490205001119,-30.11070614999997,-51.250205123249636
431490205001120,431490205001120,-30.114128699999934,-51.2571585258815
431490205001121,431490205001121,-30.117254949999968,-51.25734903759732
431490205001123,431490205001123,-30.11691089999993,-51.248707621152604
431490205001124,431490205001124,-30.113118349999944,-51.251688133774465
431490205001125,431490205001125,-30.11122304999997,-51.249599237615534
431490205001126,431490205001126,-30.114263999999956,-51.25159940814098
431490205001127,431490205001127,-30.114865599999966,-51.24347783691158
431490205001128,431490205001128,-30.11553449999994,-51.246299151645935
431490205001129,431490205001129,-30.11991379999997,-51.25375395248573
431490205001130,431490205001130,-30.119877849999934,-51.255077159436254
431490205001131,431490205001131,-30.120382849999963,-51.259798744793514
431490205001132,431490205001132,-30.127346949999943,-51.2436437418168
431490205001136,431490205001136,-30.115765649999954,-51.22676467859854
431490205001137,431490205001137,-30.12308214999996,-51.22760930317165
431490205001138,431490205001138,-30.121857449999936,-51.223767103990184
431490205001139,431490205001139,-30.123140249999945,-51.223881838856535
431490205001142,431490205001142,-30.128659349999964,-51.23089256145879
431490205001143,431490205001143,-30.130626849999935,-51.23350162272634
431490205001144,431490205001144,-30.128614599999956,-51.23548194304048
431490205001145,431490205001145,-30.127907899999965,-51.23942999346559
431490205001146,431490205001146,-30.13298904999996,-51.23528904880706
431490205001147,431490205001147,-30.13421384999998,-51.230731890379545
431490205001148,431490205001148,-30.137292549999955,-51.22846156355082
431490205001149,431490205001149,-30.134291349999952,-51.22639345934783
431490205001150,431490205001150,-30.13213794999995,-51.22574842524058
431490205001151,431490205001151,-30.128134999999947,-51.224736600083844
431490205001152,431490205001152,-30.12737699999994,-51.22131266302604
431490205001153,431490205001153,-30.132778249999966,-51.22085451460363
431490205001155,431490205001155,-30.138530899999942,-51.224802644817935
431490205001156,431490205001156,-30.140395699999964,-51.2241076441594
431490205001157,431490205001157,-30.14166119999995,-51.22304124453152
431490205001159,431490205001159,-30.14546169999994,-51.217655913812294
431490205001160,431490205001160,-30.148685899999975,-51.22125773688987
431490205001161,431490205001161,-30.151038549999953,-51.22175145140416
431490205001162,431490205001162,-30.147554149999934,-51.213554045789394
431490205001163,431490205001163,-30.152323399999972,-51.21810391713755
431490205001164,431490205001164,-30.152846999999944,-51.2131811559045
431490205001165,431490205001165,-30.14966489999997,-51.21140609450301
431490205001166,431490205001166,-30.14910914999996,-51.20774640966938
431490205001167,431490205001167,-30.15380479999996,-51.221865309804855
431490205001168,431490205001168,-30.154775149999974,-51.224874228220614
431490205001169,431490205001169,-30.15780584999993,-51.22412592253322
431490205001170,431490205001170,-30.158131999999956,-51.220831506536115
431490205001171,431490205001171,-30.16119824999996,-51.222817798031556
431490205001172,431490205001172,-30.16086189999995,-51.22668672524449
431490205001173,431490205001173,-30.162807149999956,-51.22922227575619
431490205001174,431490205001174,-30.164460249999923,-51.22910886644173
431490205001175,431490205001175,-30.165490849999934,-51.23213827899345
431490205001176,431490205001176,-30.165122899999943,-51.230922354205575
431490205001177,431490205001177,-30.16627469999994,-51.22803860604817
431490205001180,431490205001180,-30.159020499999933,-51.215817596285234
431490205001181,431490205001181,-30.15227189999996,-51.207049229514375
431490205001182,431490205001182,-30.152221749999956,-51.202467719889015
431490205001183,431490205001183,-30.154772249999947,-51.20321839769771
431490205001184,431490205001184,-30.15388774999993,-51.201535559454285
431490205001185,431490205001185,-30.156033299999926,-51.19906895286894
431490205001186,431490205001186,-30.15864739999997,-51.1976597954306
431490205001187,431490205001187,-30.16061374999995,-51.198693062423075
431490205001188,431490205001188,-30.161246099999943,-51.20419714076712
431490205001189,431490205001189,-30.163204599999965,-51.19556022836515
431490205001191,431490205001191,-30.183447999999963,-51.231709307485744
431490205001192,431490205001192,-30.187301049999974,-51.223365330867324
431490205001193,431490205001193,-30.17900239999994,-51.21671006048675
431490205001194,431490205001194,-30.18935214999996,-51.202756545212914
431490205001195,431490205001195,-30.17714194999996,-51.201709325680014
431490205001196,431490205001196,-30.178030999999976,-51.18716056196409
431490205001197,431490205001197,-30.138079799999957,-51.21779246424669
431490205001198,431490205001198,-30.13967669999993,-51.215262556937454
431490205001200,431490205001200,-30.137322299999962,-51.21227347732625
431490205001202,431490205001202,-30.144013249999965,-51.209250888331255
431490205001203,431490205001203,-30.145696699999938,-51.20816145957225
431490205001204,431490205001204,-30.14491624999996,-51.205206954249185
431490205001205,431490205001205,-30.13844754999994,-51.20880808524855
431490205001207,431490205001207,-30.13246959999994,-51.20080068921772
431490205001208,431490205001208,-30.129563349999955,-51.19916295127851
431490205001209,431490205001209,-30.133983899999983,-51.19407303867462
431490205001211,431490205001211,-30.119854849999935,-51.201491787177844
431490205001212,431490205001212,-30.12098139999994,-51.20072508846076
431490205001216,431490205001216,-30.15025199999996,-51.16558156062817
431490205001217,431490205001217,-30.159100349999953,-51.18644288297738
431490205001218,431490205001218,-30.16044924999994,-51.18227663281773
431490205001219,431490205001219,-30.156773149999957,-51.17816059260807
431490205001220,431490205001220,-30.156799399999954,-51.17693216915039
431490205001221,431490205001221,-30.157376799999955,-51.175048591907014
431490205001222,431490205001222,-30.16029559999995,-51.17775526390426
431490205001223,431490205001223,-30.15986549999996,-51.17505366576978
431490205001224,431490205001224,-30.16015539999995,-51.17693404673478
431490205001225,431490205001225,-30.162964149999958,-51.17623373467302
431490205001226,431490205001226,-30.162360549999924,-51.173169251910835
431490205001227,431490205001227,-30.16032744999995,-51.172518465187935
431490205001228,431490205001228,-30.157265399999943,-51.173158928308496
431490205001229,431490205001229,-30.157380149999934,-51.17150930426608
431490205001230,431490205001230,-30.160327699999947,-51.17006993622954
431490205001231,431490205001231,-30.16203264999995,-51.17120521918462
431490205001234,431490205001234,-30.177263599999943,-51.175522528952825
431490205001235,431490205001235,-30.176027499999943,-51.17350941756595
431490205001236,431490205001236,-30.177982149999952,-51.174065506712274
431490205001237,431490205001237,-30.178506499999934,-51.15296176350731
431490205001238,431490205001238,-30.185784249999955,-51.19254729939436
431490205001239,431490205001239,-30.186385249999944,-51.187085021687466
431490205001240,431490205001240,-30.183558699999928,-51.17933924526169
431490205001241,431490205001241,-30.180789149999946,-51.17183647835033
431490205001242,431490205001242,-30.19190254999994,-51.18210534808645
431490205001243,431490205001243,-30.18292344999997,-51.16568814465799
431490205001244,431490205001244,-30.196206999999955,-51.18506302522409
431490205001245,431490205001245,-30.19986814999995,-51.18634682394422
431490205001248,431490205001248,-30.212133349999952,-51.18287231015074
431490205001249,431490205001249,-30.209187649999947,-51.18676547970238
431490205001250,431490205001250,-30.211569349999962,-51.17855146100653
431490205001251,431490205001251,-30.20896614999995,-51.17846330751913
431490205001252,431490205001252,-30.213502199999958,-51.1756606823821
431490205001253,431490205001253,-30.21250099999994,-51.17328552208197
431490205001254,431490205001254,-30.20947489999997,-51.17502396664094
431490205001255,431490205001255,-30.207170599999948,-51.17580809800186
431490205001256,431490205001256,-30.207835449999948,-51.17197288341614
431490205001257,431490205001257,-30.202808699999963,-51.16704280698461
431490205001258,431490205001258,-30.20936039999995,-51.166454803738375
431490205001259,431490205001259,-30.22529074999997,-51.17078367530914
431490205001262,431490205001262,-30.232813849999957,-51.11289758673495
431490205001265,431490205001265,-30.23899864999995,-51.091276117229604
431490205001266,431490205001266,-30.240262549999954,-51.08502893404599
431490205001267,431490205001267,-30.230276049999958,-51.08381780249643
431490205001270,431490205001270,-30.16728269999995,-51.14945350662451
431490205001272,431490205001272,-30.18917659999996,-51.12572449614929
431490205001273,431490205001273,-30.189343049999962,-51.10434767242488
431490205001274,431490205001274,-30.211393099999945,-51.12091773037647
431490205001275,431490205001275,-30.205502099999958,-51.13033500747872
431490205001276,431490205001276,-30.20162854999997,-51.13255418237713
431490205001277,431490205001277,-30.20878894999995,-51.152575673227474
431490205001278,431490205001278,-30.198731249999945,-51.14718926703209
431490205001279,431490205001279,-30.189350799999964,-51.14657455143027
431490205001280,431490205001280,-30.15082209999997,-51.100709158409245
431490205001281,431490205001281,-30.14552079999995,-51.098615239361884
431490205001289,431490205001289,-30.220226899999943,-51.04667377167483
431490205001292,431490205001292,-30.014677249999977,-51.25903508418395
431490205001293,431490205001293,-30.02031629999996,-51.256695611525075
431490205001294,431490205001294,-30.02834779999995,-51.252977345750836
431490205001304,431490205001304,-30.01742209999994,-51.21397660410888
431490205001305,431490205001305,-30.01742209999994,-51.215949114879336
431490205001307,431490205001307,-29.980391399999945,-51.201903187775
431490205001308,431490205001308,-29.975890649999933,-51.19606255442089
431490205001309,431490205001309,-29.97655919999993,-51.1966337873903
431490205001310,431490205001310,-29.97802949999996,-51.19789044358819
431490205001311,431490205001311,-29.97804169999994,-51.19680295581989
431490205001312,431490205001312,-29.97680809999994,-51.19502626978375
431490205001313,431490205001313,-29.976757699999947,-51.1929831865428
431490205001314,431490205001314,-29.97848674999994,-51.19186477448459
431490205001315,431490205001315,-29.978234399999963,-51.19406424627537
431490205001316,431490205001316,-29.979274749999952,-51.19357539509652
431490205001317,431490205001317,-29.980152299999922,-51.19568192815686
431490205001318,431490205001318,-29.979283849999938,-51.198249260154725
431490205001319,431490205001319,-29.98139329999995,-51.1959212875961
431490205001320,431490205001320,-29.98180994999995,-51.194229735282875
431490205001321,431490205001321,-29.981432699999935,-51.19281283461321
431490205001322,431490205001322,-29.982409849999954,-51.19641508046598
431490205001323,431490205001323,-29.984503949999947,-51.19440796746009
431490205001324,431490205001324,-29.985285549999947,-51.195339600205386
431490205001325,431490205001325,-29.984633699999954,-51.19756870651274
431490205001327,431490205001327,-29.98764924999994,-51.20097812828776
431490205001328,431490205001328,-29.987581949999957,-51.198157130461965
431490205001329,431490205001329,-29.989178599999967,-51.196832382138936
431490205001330,431490205001330,-29.989768899999937,-51.195585030024716
431490205001333,431490205001333,-29.98301429999995,-51.19161319656237
431490205001334,431490205001334,-29.97893964999998,-51.189978768712606
431490205001335,431490205001335,-29.97918609999993,-51.1894574967816
431490205001336,431490205001336,-29.978613349999954,-51.18847119315224
431490205001337,431490205001337,-29.97824209999996,-51.187043641389565
431490205001338,431490205001338,-29.978267749999954,-51.185114730955526
431490205001339,431490205001339,-29.977737099999946,-51.185124596135935
431490205001340,431490205001340,-29.979619049999965,-51.185698421339104
431490205001341,431490205001341,-29.979351899999955,-51.18733215598466
431490205001343,431490205001343,-29.986724799999955,-51.19313759188256
431490205001344,431490205001344,-29.986950549999953,-51.19200970974309
431490205001346,431490205001346,-29.992221749999963,-51.19469788415307
431490205001347,431490205001347,-29.985611299999956,-51.18351119000318
431490205001348,431490205001348,-29.99497834999997,-51.19373675510788
431490205001349,431490205001349,-29.99544759999994,-51.19797474797596
431490205001351,431490205001351,-29.994356299999964,-51.199782200222074
431490205001352,431490205001352,-29.99645859999994,-51.20239525456247
431490205001353,431490205001353,-29.997645849999934,-51.19327726540701
431490205001354,431490205001354,-29.99970044999995,-51.19407277655084
431490205001355,431490205001355,-29.999377249999945,-51.20160913194901
431490205001356,431490205001356,-30.00129129999996,-51.20065168385783
431490205001357,431490205001357,-30.002481199999938,-51.19422465800418
431490205001358,431490205001358,-30.00297619999994,-51.197928801044554
431490205001359,431490205001359,-30.00243894999997,-51.203990889552045
431490205001360,431490205001360,-30.004388549999945,-51.20223940854383
431490205001361,431490205001361,-30.004500849999932,-51.19882367870282
431490205001362,431490205001362,-30.004748449999965,-51.19496221008252
431490205001363,431490205001363,-30.006239749999956,-51.19615986389719
431490205001364,431490205001364,-30.004945499999963,-51.20376568481152
431490205001365,431490205001365,-30.00692259999994,-51.198725333511874
431490205001366,431490205001366,-30.008765449999938,-51.194094559116294
431490205001367,431490205001367,-30.008901149999957,-51.19688667327867
431490205001368,431490205001368,-30.006587899999964,-51.20457693718089
431490205001369,431490205001369,-30.00794049999996,-51.20353584656664
431490205001370,431490205001370,-30.010465149999956,-51.195472707333906
431490205001371,431490205001371,-30.01259634999996,-51.19631606253772
431490205001372,431490205001372,-30.01166044999996,-51.19861644659599
431490205001373,431490205001373,-30.009737249999972,-51.203136474876054
431490205001375,431490205001375,-30.008383299999956,-51.210010918888145
431490205001376,431490205001376,-30.010261699999965,-51.20513298484016
431490205001377,431490205001377,-30.013051499999964,-51.20295344683049
431490205001378,431490205001378,-30.01263959999997,-51.20056421232047
431490205001379,431490205001379,-30.01379899999995,-51.19786880986048
431490205001380,431490205001380,-30.015294899999954,-51.19802456965144
431490205001381,431490205001381,-30.015474399999952,-51.19653753225526
431490205001382,431490205001382,-30.01732604999995,-51.19883913723003
431490205001383,431490205001383,-30.016204549999966,-51.199403466378094
431490205001384,431490205001384,-30.01696049999995,-51.20107046800913
431490205001385,431490205001385,-30.01699444999994,-51.2022150640792
431490205001386,431490205001386,-30.01674654999996,-51.20323472090746
431490205001387,431490205001387,-30.01704309999996,-51.20426090538855
431490205001388,431490205001388,-30.013330499999967,-51.204548983412614
431490205001389,431490205001389,-30.014320199999958,-51.207130704068895
431490205001390,431490205001390,-30.015375399999982,-51.21020156859166
431490205001391,431490205001391,-30.016766549999936,-51.20586923936958
431490205001392,431490205001392,-30.01814804999994,-51.20640611191685
431490205001393,431490205001393,-30.01935299999994,-51.204624072826604
431490205001394,431490205001394,-30.01947729999995,-51.20229139359449
431490205001395,431490205001395,-30.01863329999995,-51.200653516398035
431490205001396,431490205001396,-30.01880024999994,-51.19989471924555
431490205001397,431490205001397,-30.019049199999955,-51.19854337772862
431490205001398,431490205001398,-30.020910099999952,-51.206620456459206
431490205001399,431490205001399,-30.019825249999936,-51.20716312548694
431490205001400,431490205001400,-30.019806099999947,-51.20837233087963
431490205001401,431490205001401,-30.017632449999972,-51.210783004828805
431490205001402,431490205001402,-30.021531799999956,-51.21336767942114
431490205001403,431490205001403,-30.02090069999994,-51.209201350655704
431490205001404,431490205001404,-30.02198009999995,-51.211203799488516
431490205001405,431490205001405,-30.023454849999943,-51.20925978968344
431490205001406,431490205001406,-30.02442469999996,-51.208883601059284
431490205001407,431490205001407,-30.025973449999945,-51.21184987306047
431490205001408,431490205001408,-30.023534049999935,-51.212207818200525
431490205001409,431490205001409,-30.025105249999967,-51.213627853651346
431490205001410,431490205001410,-30.02523684999997,-51.215809894309714
431490205001411,431490205001411,-30.026154049999946,-51.217390598187336
431490205001412,431490205001412,-30.02735904999997,-51.21842036758683
431490205001413,431490205001413,-30.028655049999973,-51.217770462165575
431490205001414,431490205001414,-30.028655049999973,-51.218895390593815
431490205001415,431490205001415,-30.028130849999968,-51.21678668152941
431490205001416,431490205001416,-30.028346749999972,-51.21598323430071
431490205001417,431490205001417,-30.029063149999942,-51.21614695058098
431490205001418,431490205001418,-30.028203299999944,-51.21481512097744
431490205001419,431490205001419,-30.028481449999965,-51.214284174333656
431490205001420,431490205001420,-30.02811144999996,-51.21250296096744
431490205001421,431490205001421,-30.028756099999953,-51.21236456063389
431490205001422,431490205001422,-30.029096249999945,-51.21226128820761
431490205001423,431490205001423,-30.028549199999954,-51.21020622708522
431490205001424,431490205001424,-30.02847019999996,-51.209309556414354
431490205001425,431490205001425,-30.02741829999996,-51.2099955535569
431490205001426,431490205001426,-30.02698529999995,-51.20829416042079
431490205001427,431490205001427,-30.026003999999972,-51.207267592680545
431490205001428,431490205001428,-30.02831714999996,-51.206551556532034
431490205001429,431490205001429,-30.02995694999995,-51.2183339411954
431490205001430,431490205001430,-30.031765249999943,-51.21995277662959
431490205001431,431490205001431,-30.032512049999944,-51.218485279099326
431490205001432,431490205001432,-30.031765249999943,-51.21850096464301
431490205001433,431490205001433,-30.029942149999957,-51.21660140913061
431490205001434,431490205001434,-30.031289549999933,-51.216652760630126
431490205001435,431490205001435,-30.032434699999982,-51.21669621761703
431490205001436,431490205001436,-30.03248864999994,-51.215703678244594
431490205001437,431490205001437,-30.03006199999996,-51.215523308841036
431490205001438,431490205001438,-30.030166799999947,-51.21458169165848
431490205001439,431490205001439,-30.03235339999995,-51.21482053931258
431490205001440,431490205001440,-30.03299879999996,-51.214286060730586
431490205001441,431490205001441,-30.03326839999997,-51.21338929535125
431490205001442,431490205001442,-30.033539699999977,-51.21293852070543
431490205001443,431490205001443,-30.03291799999996,-51.213847053725544
431490205001444,431490205001444,-30.029720999999967,-51.2129198064778
431490205001445,431490205001445,-30.030444599999974,-51.21282426189545
431490205001446,431490205001446,-30.030594849999936,-51.21176235297241
431490205001447,431490205001447,-30.03059574999994,-51.21110277401112
431490205001448,431490205001448,-30.03239854999994,-51.2116788487846
431490205001449,431490205001449,-30.03388484999996,-51.21243170289104
431490205001450,431490205001450,-30.03428049999996,-51.21140927074692
431490205001451,431490205001451,-30.03449709999995,-51.210662602961634
431490205001452,431490205001452,-30.034114099999954,-51.21003366689552
431490205001453,431490205001453,-30.032412449999946,-51.21033013978233
431490205001454,431490205001454,-30.03099199999995,-51.21030929821127
431490205001455,431490205001455,-30.029508949999943,-51.210310722930174
431490205001456,431490205001456,-30.029457549999954,-51.209174355824814
431490205001457,431490205001457,-30.031008999999955,-51.20912903955524
431490205001458,431490205001458,-30.033853749999935,-51.209558143331094
431490205001459,431490205001459,-30.033292149999937,-51.208766842528526
431490205001460,431490205001460,-30.035699149999942,-51.20926033166809
431490205001461,431490205001461,-30.036054299999925,-51.20782099585696
431490205001462,431490205001462,-30.036128849999955,-51.20690470988885
431490205001463,431490205001463,-30.034237399999963,-51.20691969821729
431490205001464,431490205001464,-30.034168549999944,-51.20784791046926
431490205001465,431490205001465,-30.032700249999948,-51.207788210918565
431490205001466,431490205001466,-30.032700249999948,-51.20645640742951
431490205001467,431490205001467,-30.03173339999995,-51.207107410685104
431490205001468,431490205001468,-30.030900749999944,-51.20712987005857
431490205001469,431490205001469,-30.02976269999997,-51.20506104757296
431490205001470,431490205001470,-30.031752349999948,-51.204989511657054
431490205001471,431490205001471,-30.033114849999947,-51.20497220095644
431490205001472,431490205001472,-30.035364499999957,-51.20613049921957
431490205001473,431490205001473,-30.034894499999947,-51.2053267258072
431490205001474,431490205001474,-30.034825599999976,-51.20454532258381
431490205001475,431490205001475,-30.036755849999956,-51.20386313469426
431490205001476,431490205001476,-30.036740299999963,-51.203358599571345
431490205001477,431490205001477,-30.03532144999997,-51.202128688974184
431490205001478,431490205001478,-30.033317049999937,-51.20329507866522
431490205001479,431490205001479,-30.03289209999997,-51.20131616464711
431490205001480,431490205001480,-30.03214704999993,-51.20072338324036
431490205001481,431490205001481,-30.030565699999947,-51.203573525776555
431490205001482,431490205001482,-30.029801149999933,-51.202203364564305
431490205001483,431490205001483,-30.030357049999953,-51.19984561660851
431490205001484,431490205001484,-30.03079624999995,-51.19927397362403
431490205001486,431490205001486,-30.03123784999994,-51.19644373535424
431490205001487,431490205001487,-30.035922099999965,-51.19741494572047
431490205001488,431490205001488,-30.03720789999994,-51.19829118056707
431490205001489,431490205001489,-30.037695749999955,-51.20231393537918
431490205001490,431490205001490,-30.03821139999996,-51.19998296798533
431490205001491,431490205001491,-30.03841904999993,-51.19827189781215
431490205001492,431490205001492,-30.039543749999954,-51.19643821764703
431490205001493,431490205001493,-30.031239749999962,-51.19520018884057
431490205001494,431490205001494,-30.03242089999995,-51.19387822045272
431490205001495,431490205001495,-30.03242089999995,-51.19191010063513
431490205001496,431490205001496,-30.03076624999997,-51.18589835945013
431490205001497,431490205001497,-30.029176149999955,-51.18201922755805
431490205001498,431490205001498,-30.03338874999995,-51.18506784211759
431490205001499,431490205001499,-30.033564899999952,-51.185917966100675
431490205001500,431490205001500,-30.03505504999995,-51.19074810005449
431490205001501,431490205001501,-30.03619299999997,-51.18753672892049
431490205001502,431490205001502,-30.037778799999952,-51.18962503852924
431490205001503,431490205001503,-30.037286899999934,-51.192077732857605
431490205001504,431490205001504,-30.036785799999954,-51.193461744689145
431490205001505,431490205001505,-30.036475849999952,-51.19411939425997
431490205001506,431490205001506,-30.03633144999997,-51.19484971459134
431490205001507,431490205001507,-30.03633144999997,-51.19549052729339
431490205001508,431490205001508,-30.027422349999956,-51.19544535288419
431490205001509,431490205001509,-30.02534694999997,-51.19421974136183
431490205001510,431490205001510,-30.025804999999963,-51.192603222396
431490205001511,431490205001511,-30.026243999999966,-51.19094845597445
431490205001512,431490205001512,-30.024903849999955,-51.18948994010924
431490205001513,431490205001513,-30.025350499999945,-51.187940331032465
431490205001514,431490205001514,-30.025248249999947,-51.18682104864986
431490205001515,431490205001515,-30.02517889999995,-51.185962100126304
431490205001516,431490205001516,-30.02496784999996,-51.18428666110172
431490205001517,431490205001517,-30.02739984999996,-51.18503329698282
431490205001518,431490205001518,-30.02669814999996,-51.18261230729908
431490205001519,431490205001519,-30.02867099999998,-51.18715424385842
431490205001520,431490205001520,-30.027443199999972,-51.188525776014686
431490205001521,431490205001521,-30.027662449999944,-51.190765876278114
431490205001522,431490205001522,-30.029560149999945,-51.188896936162536
431490205001523,431490205001523,-30.030090349999934,-51.19218155839344
431490205001524,431490205001524,-30.027803999999975,-51.192347337171185
431490205001525,431490205001525,-30.028022749999955,-51.19387691231073
431490205001526,431490205001526,-30.023452699999943,-51.2074009485889
431490205001527,431490205001527,-30.02257199999997,-51.20592548479745
431490205001528,431490205001528,-30.024915199999953,-51.20607659785354
431490205001529,431490205001529,-30.027802749999974,-51.20417473473482
431490205001530,431490205001530,-30.024952049999932,-51.20439333143375
431490205001531,431490205001531,-30.022179899999962,-51.2029588031907
431490205001532,431490205001532,-30.021469999999958,-51.20101227933414
431490205001533,431490205001533,-30.02509579999994,-51.202470231552425
431490205001534,431490205001534,-30.026866799999958,-51.20251385383531
431490205001535,431490205001535,-30.024629149999946,-51.1993703945502
431490205001537,431490205001537,-30.02247449999995,-51.19909877857302
431490205001538,431490205001538,-30.020910699999945,-51.199248907109066
431490205001539,431490205001539,-30.02216184999994,-51.19768664022303
431490205001540,431490205001540,-30.026137599999938,-51.197027778597494
431490205001541,431490205001541,-30.019160049999954,-51.19636560239968
431490205001542,431490205001542,-30.021057049999964,-51.19610922193009
431490205001543,431490205001543,-30.02388239999996,-51.19595856933311
431490205001544,431490205001544,-30.023945649999945,-51.19440289836727
431490205001545,431490205001545,-30.023785499999967,-51.192861612729565
431490205001546,431490205001546,-30.021459049999947,-51.19445497849935
431490205001547,431490205001547,-30.01824814999995,-51.195925346954695
431490205001548,431490205001548,-30.02049619999996,-51.19068571857094
431490205001550,431490205001550,-30.022487799999936,-51.192194964813545
431490205001551,431490205001551,-30.02334094999994,-51.188158801773035
431490205001552,431490205001552,-30.021594599999954,-51.18880646139468
431490205001553,431490205001553,-30.019807949999972,-51.18897884103321
431490205001554,431490205001554,-30.01975874999996,-51.18794917899198
431490205001555,431490205001555,-30.019506399999948,-51.18685443094829
431490205001556,431490205001556,-30.022942049999955,-51.187027777156516
431490205001557,431490205001557,-30.022873149999945,-51.18533951065007
431490205001558,431490205001558,-30.01704734999995,-51.190313092646164
431490205001559,431490205001559,-30.01498259999994,-51.18993856698161
431490205001560,431490205001560,-30.014687249999948,-51.18891762954135
431490205001561,431490205001561,-30.015136299999966,-51.187459839851684
431490205001562,431490205001562,-30.014621499999944,-51.18604029640898
431490205001563,431490205001563,-30.01598534999996,-51.18469545585786
431490205001564,431490205001564,-30.019506399999948,-51.185097107380045
431490205001565,431490205001565,-30.019568249999956,-51.18348290145609
431490205001566,431490205001566,-30.012996149999932,-51.18373407716139
431490205001568,431490205001568,-30.01614134999994,-51.18244773532288
431490205001569,431490205001569,-30.01817719999996,-51.18239800195636
431490205001570,431490205001570,-30.01821609999996,-51.1810108556553
431490205001571,431490205001571,-30.015805299999954,-51.180056884657006
431490205001572,431490205001572,-30.012843949999954,-51.18020419940328
431490205001573,431490205001573,-30.016164749999938,-51.192593395499465
431490205001574,431490205001574,-30.017264199999943,-51.195855525843996
431490205001575,431490205001575,-30.01576979999995,-51.195488020868616
431490205001576,431490205001576,-30.015276049999947,-51.19392067020193
431490205001577,431490205001577,-30.013052099999953,-51.19360133262067
431490205001578,431490205001578,-30.012622649999944,-51.192252713058664
431490205001579,431490205001579,-30.01214064999996,-51.191347275087274
431490205001580,431490205001580,-30.009547999999967,-51.19173442039282
431490205001582,431490205001582,-30.01015089999995,-51.18990660260184
431490205001583,431490205001583,-30.00790374999997,-51.18883889953919
431490205001584,431490205001584,-30.00994469999994,-51.18752311488481
431490205001585,431490205001585,-30.009580249999942,-51.185321683381616
431490205001586,431490205001586,-30.009580249999942,-51.184149352972256
431490205001587,431490205001587,-30.01005449999994,-51.18259563619894
431490205001588,431490205001588,-30.007703149999934,-51.18449932597828
431490205001589,431490205001589,-30.006477599999947,-51.184257620338514
431490205001590,431490205001590,-30.005212549999953,-51.186808682187745
431490205001591,431490205001591,-30.00362154999996,-51.188343308270916
431490205001592,431490205001592,-30.005907599999972,-51.18962189592858
431490205001593,431490205001593,-30.007140449999945,-51.19200093530402
431490205001594,431490205001594,-30.004354149999948,-51.18967972391053
431490205001595,431490205001595,-30.003313049999946,-51.191356264918745
431490205001596,431490205001596,-29.997923099999944,-51.18850140851234
431490205001597,431490205001597,-29.999475299999965,-51.167494439387724
431490205001599,431490205001599,-29.97588549999998,-51.16478774376006
431490205001601,431490205001601,-30.00515439999998,-51.181550021430255
431490205001602,431490205001602,-30.007849199999978,-51.17955639848802
431490205001603,431490205001603,-30.005964049999925,-51.17907749840158
431490205001604,431490205001604,-30.006656849999956,-51.17706175512062
431490205001605,431490205001605,-30.004974649999948,-51.1752538222959
431490205001606,431490205001606,-30.005725699999942,-51.17343313641687
431490205001607,431490205001607,-30.007170099999968,-51.17114256402749
431490205001608,431490205001608,-30.004598199999947,-51.16893953379728
431490205001609,431490205001609,-30.010092699999966,-51.18124678822339
431490205001610,431490205001610,-30.00943739999993,-51.17981960332781
431490205001611,431490205001611,-30.01059764999996,-51.17786718361742
431490205001612,431490205001612,-30.015957199999935,-51.17782855883155
431490205001613,431490205001613,-30.015988399999934,-51.176473123269595
431490205001614,431490205001614,-30.016537349999957,-51.17285594268337
431490205001615,431490205001615,-30.01467179999997,-51.17335675471823
431490205001616,431490205001616,-30.013933949999963,-51.174944466127606
431490205001617,431490205001617,-30.013245549999937,-51.172407132226006
431490205001618,431490205001618,-30.01186569999995,-51.17487680173808
431490205001619,431490205001619,-30.00986484999995,-51.17657391188678
431490205001620,431490205001620,-30.00975459999998,-51.17456734725009
431490205001621,431490205001621,-30.009417249999963,-51.17238535144253
431490205001622,431490205001622,-30.008240399999984,-51.170672666100714
431490205001623,431490205001623,-30.009340599999966,-51.17048976589926
431490205001624,431490205001624,-30.01115189999996,-51.1700184673527
431490205001625,431490205001625,-30.009386199999966,-51.16726267284429
431490205001626,431490205001626,-30.01009429999997,-51.16820675961611
431490205001627,431490205001627,-30.012707799999948,-51.16779774712981
431490205001628,431490205001628,-30.01470564999994,-51.168309817086296
431490205001630,431490205001630,-30.01555919999995,-51.17133027804128
431490205001631,431490205001631,-30.019224349999973,-51.170760928689454
431490205001632,431490205001632,-30.014982449999955,-51.16683867752853
431490205001633,431490205001633,-30.016859699999962,-51.16567347094879
431490205001636,431490205001636,-30.01261624999998,-51.16487990666788
431490205001637,431490205001637,-30.014187399999937,-51.163439822514405
431490205001638,431490205001638,-30.014275949999956,-51.162409503832805
431490205001639,431490205001639,-30.016665549999967,-51.161718623059116
431490205001640,431490205001640,-30.016519599999953,-51.162466940344345
431490205001641,431490205001641,-30.018831199999926,-51.161617635425145
431490205001642,431490205001642,-30.019032499999945,-51.16262152229655
431490205001643,431490205001643,-30.01975934999996,-51.16508114814337
431490205001644,431490205001644,-30.02427534999995,-51.16493547631333
431490205001647,431490205001647,-30.02471454999996,-51.18181076648577
431490205001648,431490205001648,-30.021727049999946,-51.182392598750724
431490205001649,431490205001649,-30.02248519999994,-51.1778015648511
431490205001650,431490205001650,-30.023348649999942,-51.177584005979185
431490205001652,431490205001652,-30.020679249999972,-51.173891940841884
431490205001653,431490205001653,-30.017589849999947,-51.17237424031373
431490205001654,431490205001654,-30.01999449999996,-51.17357577427035
431490205001655,431490205001655,-30.020965249999957,-51.1722145947015
431490205001656,431490205001656,-30.022675999999958,-51.172146147032265
431490205001657,431490205001657,-30.023424049999957,-51.17467084056712
431490205001658,431490205001658,-30.02581009999998,-51.17648980248646
431490205001659,431490205001659,-30.026616399999934,-51.178770204009425
431490205001660,431490205001660,-30.033606999999954,-51.17743358844966
431490205001661,431490205001661,-30.034414099999964,-51.171363675051964
431490205001662,431490205001662,-30.029247649999938,-51.16818463235455
431490205001663,431490205001663,-30.036342299999966,-51.16927715928524
431490205001664,431490205001664,-30.03895039999997,-51.171682789093964
431490205001665,431490205001665,-30.03115489999996,-51.16492038438412
431490205001666,431490205001666,-30.029124349999957,-51.16188066490645
431490205001667,431490205001667,-30.03215574999996,-51.16014266942959
431490205001668,431490205001668,-30.034015849999946,-51.16467831387535
431490205001669,431490205001669,-30.03368094999996,-51.16144641905368
431490205001670,431490205001670,-30.036963749999956,-51.159358492496445
431490205001671,431490205001671,-30.038771999999966,-51.16064287713005
431490205001672,431490205001672,-30.038032749999957,-51.16430414962411
431490205001673,431490205001673,-30.037429799999952,-51.166690482632525
431490205001674,431490205001674,-30.03110059999997,-51.15464286696465
431490205001675,431490205001675,-30.032283349999936,-51.155750298325145
431490205001676,431490205001676,-30.03126299999996,-51.153929082038
431490205001677,431490205001677,-30.031641799999953,-51.15264811510812
431490205001678,431490205001678,-30.029442299999936,-51.15174787949412
431490205001679,431490205001679,-30.02973949999997,-51.149957749898874
431490205001680,431490205001680,-30.028219199999963,-51.14840313078417
431490205001681,431490205001681,-30.03074634999996,-51.148698070151625
431490205001682,431490205001682,-30.032888899999957,-51.14959116043434
431490205001683,431490205001683,-30.033967049999966,-51.149528697217576
431490205001684,431490205001684,-30.035288499999947,-51.15000317948805
431490205001685,431490205001685,-30.034669899999955,-51.152258272314356
431490205001686,431490205001686,-30.03498299999995,-51.156602134176964
431490205001687,431490205001687,-30.03544444999997,-51.15345816327556
431490205001688,431490205001688,-30.037485999999976,-51.15093443010361
431490205001689,431490205001689,-30.03984094999995,-51.15121133124524
431490205001690,431490205001690,-30.040088649999937,-51.15334824527717
431490205001691,431490205001691,-30.04040624999996,-51.15472810953969
431490205001692,431490205001692,-30.037463199999962,-51.154276275069705
431490205001693,431490205001693,-30.038178299999963,-51.15653000936189
431490205001694,431490205001694,-30.03768724999998,-51.15681390051215
431490205001695,431490205001695,-30.040107049999953,-51.157285312039434
431490205001696,431490205001696,-30.01838524999996,-51.1605308967311
431490205001697,431490205001697,-30.01850844999995,-51.15992618459129
431490205001698,431490205001698,-30.01906909999994,-51.159825768711805
431490205001699,431490205001699,-30.019788949999928,-51.15945478069355
431490205001700,431490205001700,-30.020745599999962,-51.16092768701472
431490205001701,431490205001701,-30.02071384999996,-51.15999546651268
431490205001702,431490205001702,-30.020723549999953,-51.15892351441657
431490205001704,431490205001704,-30.028914699999937,-51.15533313487706
431490205001706,431490205001706,-30.02123869999996,-51.1543170556449
431490205001707,431490205001707,-30.020999849999946,-51.15689377370656
431490205001708,431490205001708,-30.020448149999957,-51.15643001614963
431490205001709,431490205001709,-30.020047299999923,-51.15646953555029
431490205001710,431490205001710,-30.019479599999947,-51.15640493336595
431490205001711,431490205001711,-30.018239999999956,-51.15797300650762
431490205001712,431490205001712,-30.018434149999955,-51.154585089966716
431490205001713,431490205001713,-30.021106849999967,-51.15348509552241
431490205001714,431490205001714,-30.021106849999967,-51.15240266699399
431490205001715,431490205001715,-30.024525349999948,-51.15343836490287
431490205001716,431490205001716,-30.024691999999952,-51.151857831676885
431490205001717,431490205001717,-30.02312254999996,-51.150355220779005
431490205001718,431490205001718,-30.02002089999996,-51.15084320722641
431490205001719,431490205001719,-30.02029779999995,-51.15157290356337
431490205001720,431490205001720,-30.01716904999995,-51.1483431471794
431490205001721,431490205001721,-30.014298099999962,-51.14903977114346
431490205001722,431490205001722,-30.013044999999952,-51.1482517264444
431490205001723,431490205001723,-30.01106804999995,-51.14930460883005
431490205001724,431490205001724,-30.011712499999923,-51.14697009555387
431490205001725,431490205001725,-30.011816949999968,-51.14616132633766
431490205001726,431490205001726,-30.01053059999995,-51.143544432367946
431490205001727,431490205001727,-30.01215629999995,-51.14417070604888
431490205001728,431490205001728,-30.014302149999928,-51.14567122887305
431490205001729,431490205001729,-30.015974849999928,-51.14632700918257
431490205001730,431490205001730,-30.01787554999995,-51.144734206136306
431490205001731,431490205001731,-30.01923589999995,-51.14667578366587
431490205001732,431490205001732,-30.019109449999938,-51.14890447245878
431490205001733,431490205001733,-30.02295034999997,-51.14777292561571
431490205001734,431490205001734,-30.022985849999962,-51.148932648002756
431490205001735,431490205001735,-30.024055249999947,-51.145782683553634
431490205001736,431490205001736,-30.005552249999933,-51.16144116505386
431490205001737,431490205001737,-30.005544699999966,-51.15613522873292
431490205001739,431490205001739,-30.007159199999926,-51.15661778284752
431490205001740,431490205001740,-30.00656749999996,-51.1585264869213
431490205001741,431490205001741,-30.00743694999997,-51.160354378782124
431490205001742,431490205001742,-30.008804999999953,-51.16218095308366
431490205001743,431490205001743,-30.009715449999952,-51.15960240620133
431490205001744,431490205001744,-30.00890214999995,-51.15898744690969
431490205001745,431490205001745,-30.00890214999995,-51.157425220566694
431490205001746,431490205001746,-30.008829099999957,-51.155492433394414
431490205001747,431490205001747,-30.009925799999962,-51.15591752667185
431490205001748,431490205001748,-30.011579499999957,-51.1511205754207
431490205001749,431490205001749,-30.014861249999967,-51.150452187583966
431490205001750,431490205001750,-30.015047749999948,-51.151696436002524
431490205001751,431490205001751,-30.012053599999945,-51.152604386279435
431490205001752,431490205001752,-30.01304799999993,-51.15389810095242
431490205001753,431490205001753,-30.01665389999996,-51.15396565981525
431490205001754,431490205001754,-30.016500649999955,-51.152943378696136
431490205001755,431490205001755,-30.01737849999995,-51.15755657581405
431490205001756,431490205001756,-30.016313949999947,-51.15601908031253
431490205001757,431490205001757,-30.014870349999967,-51.156155747351484
431490205001758,431490205001758,-30.01312799999996,-51.15537699393146
431490205001759,431490205001759,-30.012076199999935,-51.15649736133622
431490205001760,431490205001760,-30.01210729999994,-51.15738435161186
431490205001761,431490205001761,-30.01233374999994,-51.15948761579125
431490205001762,431490205001762,-30.015456999999962,-51.157940504952805
431490205001764,431490205001764,-30.01782329999994,-51.15997585099197
431490205001765,431490205001765,-30.004436049999953,-51.16648439814155
431490205001766,431490205001766,-30.00474209999995,-51.163954378453965
431490205001767,431490205001767,-30.006774799999956,-51.16515415129535
431490205001768,431490205001768,-30.007756799999946,-51.166308290845
431490205001769,431490205001769,-30.009759699999957,-51.16451357358561
431490205001770,431490205001770,-30.01069939999997,-51.164340527478686
431490205001771,431490205001771,-29.99956499999992,-51.16202256675454
431490205001772,431490205001772,-29.999025449999948,-51.15733120829348
431490205001773,431490205001773,-30.001757599999962,-51.156023244766374
431490205001774,431490205001774,-30.00289944999997,-51.15873486149032
431490205001775,431490205001775,-30.001589749999965,-51.16078230898399
431490205001776,431490205001776,-30.00075824999996,-51.15416496726654
431490205001777,431490205001777,-29.999320499999946,-51.152544476970824
431490205001778,431490205001778,-30.00088379999997,-51.15163139614626
431490205001779,431490205001779,-29.99928469999997,-51.15002009879478
431490205001781,431490205001781,-30.002543399999944,-51.150357664768485
431490205001782,431490205001782,-30.00373854999995,-51.15274580514563
431490205001783,431490205001783,-30.00823539999996,-51.15231002520117
431490205001784,431490205001784,-30.009948199999936,-51.15170140499976
431490205001785,431490205001785,-30.007182299999947,-51.149977197598965
431490205001786,431490205001786,-30.009963899999946,-51.15007566274274
431490205001787,431490205001787,-29.999089299999945,-51.14695032202716
431490205001788,431490205001788,-30.001445799999964,-51.147156388975105
431490205001789,431490205001789,-30.003380499999963,-51.14696183839327
431490205001790,431490205001790,-30.00137894999994,-51.14637399107292
431490205001791,431490205001791,-30.00134364999993,-51.14556056413416
431490205001792,431490205001792,-29.999441749999924,-51.14392864738385
431490205001793,431490205001793,-30.001813599999934,-51.14378180005907
431490205001794,431490205001794,-30.005670599999966,-51.14354687224625
431490205001795,431490205001795,-30.006078199999926,-51.14540866227617
431490205001796,431490205001796,-30.005096549999923,-51.14664762247013
431490205001797,431490205001797,-30.005941899999947,-51.14802986667646
431490205001799,431490205001799,-30.01125664999997,-51.14056783581019
431490205001800,431490205001800,-30.01335544999995,-51.14081436967962
431490205001801,431490205001801,-30.014938799999953,-51.14121135651469
431490205001802,431490205001802,-30.01228784999995,-51.136839823803356
431490205001803,431490205001803,-30.011221299999953,-51.13381431170847
431490205001804,431490205001804,-30.01281204999995,-51.13404823780253
431490205001805,431490205001805,-30.01292989999995,-51.13170773980761
431490205001806,431490205001806,-30.016398849999973,-51.1327820656325
431490205001807,431490205001807,-30.01747009999994,-51.13174624302485
431490205001808,431490205001808,-30.018788199999932,-51.13313392432672
431490205001809,431490205001809,-30.02100034999995,-51.1327537172575
431490205001810,431490205001810,-30.017948049999944,-51.13555971515292
431490205001811,431490205001811,-30.01906694999994,-51.13733876395575
431490205001812,431490205001812,-30.01592809999997,-51.13769630478208
431490205001813,431490205001813,-30.017449749999933,-51.14082367353987
431490205001814,431490205001814,-30.018259199999953,-51.14267050142651
431490205001815,431490205001815,-30.022185099999973,-51.14101562333088
431490205001816,431490205001816,-30.022017449999968,-51.14364889826622
431490205001817,431490205001817,-30.023900549999947,-51.14259390501114
431490205001818,431490205001818,-30.024262099999955,-51.140322260339
431490205001819,431490205001819,-30.022129099999944,-51.13447030456295
431490205001820,431490205001820,-30.026288849999947,-51.137337941340036
431490205001821,431490205001821,-30.02457414999995,-51.13325770911718
431490205001822,431490205001822,-30.024606449999958,-51.13204414508383
431490205001824,431490205001824,-30.029083349999944,-51.13944905090601
431490205001825,431490205001825,-30.03205834999994,-51.1356379166492
431490205001826,431490205001826,-30.029566399999958,-51.140982392182146
431490205001827,431490205001827,-30.02929804999996,-51.14430798895182
431490205001829,431490205001829,-30.030710999999936,-51.144777950568454
431490205001830,431490205001830,-30.033047749999945,-51.14662692190825
431490205001832,431490205001832,-30.034751799999974,-51.14470219099277
431490205001833,431490205001833,-30.03274654999995,-51.139673597011765
431490205001834,431490205001834,-30.038868749999974,-51.13884154406557
431490205001835,431490205001835,-30.03818684999996,-51.13650388208961
431490205001836,431490205001836,-30.039043599999957,-51.13654990438498
431490205001837,431490205001837,-30.038890899999952,-51.14069813556684
431490205001838,431490205001838,-30.03951449999996,-51.142451936460326
431490205001839,431490205001839,-30.03789034999997,-51.14503529208318
431490205001840,431490205001840,-30.038686299999974,-51.14437808496609
431490205001841,431490205001841,-30.040223449999957,-51.14449164761814
431490205001842,431490205001842,-30.041473899999968,-51.14354862253958
431490205001843,431490205001843,-30.042283299999944,-51.14485063853901
431490205001844,431490205001844,-30.042176099999946,-51.14550868576893
431490205001845,431490205001845,-30.040006199999958,-51.14729835860621
431490205001846,431490205001846,-30.03893094999998,-51.14930555726752
431490205001847,431490205001847,-29.98638754999996,-51.137979135612596
431490205001848,431490205001848,-29.98283324999997,-51.13770759176525
431490205001849,431490205001849,-29.983876199999962,-51.13732828936497
431490205001850,431490205001850,-29.978957049999963,-51.13575146045497
431490205001851,431490205001851,-29.978389499999956,-51.13128381793946
431490205001852,431490205001852,-29.97913174999997,-51.13197028129403
431490205001853,431490205001853,-29.97963569999996,-51.127562009020764
431490205001854,431490205001854,-29.981862749999944,-51.12671707334125
431490205001855,431490205001855,-29.98178214999995,-51.12870452128953
431490205001856,431490205001856,-29.982008499999942,-51.13024441085691
431490205001857,431490205001857,-29.980519649999955,-51.13226252871433
431490205001858,431490205001858,-29.98031494999998,-51.13419173265899
431490205001859,431490205001859,-29.979983899999944,-51.13535612888593
431490205001860,431490205001860,-29.980028649999944,-51.136806588162244
431490205001861,431490205001861,-29.98235819999993,-51.135873381664524
431490205001862,431490205001862,-29.984042899999956,-51.13611492824404
431490205001863,431490205001863,-29.983926149999967,-51.133907100245445
431490205001864,431490205001864,-29.982150599999954,-51.131379815623745
431490205001865,431490205001865,-29.98367029999997,-51.12935651575261
431490205001866,431490205001866,-29.98351924999995,-51.126983757152686
431490205001869,431490205001869,-29.98239609999996,-51.11883444006645
431490205001870,431490205001870,-29.98331794999995,-51.11362467146705
431490205001871,431490205001871,-29.984132449999976,-51.116749492737
431490205001872,431490205001872,-29.98752604999995,-51.12059314658555
431490205001873,431490205001873,-29.987020349999963,-51.12401326907988
431490205001874,431490205001874,-29.985419249999943,-51.12604902794465
431490205001875,431490205001875,-29.98612434999995,-51.127993164733
431490205001876,431490205001876,-29.98624924999995,-51.12952643512631
431490205001877,431490205001877,-29.985471499999953,-51.13149694708751
431490205001878,431490205001878,-29.987191199999952,-51.13292105473339
431490205001879,431490205001879,-29.985732049999967,-51.13597450964954
431490205001880,431490205001880,-29.98739644999995,-51.135840138932394
431490205001881,431490205001881,-29.991866349999945,-51.138304394433945
431490205001882,431490205001882,-29.99143854999997,-51.137638658517645
431490205001883,431490205001883,-29.993669199999935,-51.13802018847074
431490205001884,431490205001884,-29.99338359999995,-51.13568678105138
431490205001885,431490205001885,-29.992384049999963,-51.13703922456935
431490205001886,431490205001886,-29.990322099999958,-51.13678810698466
431490205001887,431490205001887,-29.989834299999952,-51.136009248306685
431490205001888,431490205001888,-29.990117149999975,-51.13435588095514
431490205001889,431490205001889,-29.98967419999994,-51.131595895887386
431490205001890,431490205001890,-29.989230749999958,-51.128141163606514
431490205001891,431490205001891,-29.989779649999946,-51.12571783262088
431490205001892,431490205001892,-29.991846199999973,-51.124732784784364
431490205001893,431490205001893,-29.989768549999944,-51.12199095424593
431490205001894,431490205001894,-29.991530699999945,-51.12168877661887
431490205001895,431490205001895,-29.98942414999996,-51.12047799162127
431490205001896,431490205001896,-29.991098749999956,-51.119259537747446
431490205001897,431490205001897,-29.98846049999997,-51.11785874420178
431490205001898,431490205001898,-29.990127299999955,-51.11495334178859
431490205001899,431490205001899,-29.986772749999943,-51.114341730281026
431490205001900,431490205001900,-29.985623549999943,-51.11250476260504
431490205001901,431490205001901,-29.989542249999943,-51.113218887172465
431490205001902,431490205001902,-29.98905339999996,-51.112668539541374
431490205001904,431490205001904,-29.998567299999962,-51.11797817745824
431490205001905,431490205001905,-29.99621559999994,-51.12536181925997
431490205001906,431490205001906,-29.991552299999967,-51.12876196669953
431490205001907,431490205001907,-29.99299389999993,-51.12998126323855
431490205001908,431490205001908,-29.991863899999966,-51.1316484316592
431490205001909,431490205001909,-29.991786749999928,-51.13428704578122
431490205001910,431490205001910,-29.992870699999962,-51.13460896024485
431490205001911,431490205001911,-29.996359099999946,-51.1347552735926
431490205001912,431490205001912,-29.997185399999942,-51.13657783060714
431490205001913,431490205001913,-29.99649309999995,-51.13362516231594
431490205001914,431490205001914,-29.99781864999997,-51.13261796129272
431490205001915,431490205001915,-29.998914799999927,-51.131251207115795
431490205001917,431490205001917,-29.99969154999994,-51.12700426348481
431490205001918,431490205001918,-30.000346149999956,-51.12477323698567
431490205001919,431490205001919,-30.00106589999995,-51.12409546644935
431490205001920,431490205001920,-30.00213654999995,-51.12723897415813
431490205001921,431490205001921,-30.00127939999996,-51.13477036538313
431490205001922,431490205001922,-29.999991999999956,-51.13631487801243
431490205001924,431490205001924,-30.00687794999996,-51.13926983917102
431490205001926,431490205001926,-30.00687429999993,-51.135694402142136
431490205001927,431490205001927,-30.003110399999954,-51.133674374199785
431490205001928,431490205001928,-30.003258899999963,-51.13246633127193
431490205001929,431490205001929,-30.005149899999935,-51.13312952509914
431490205001930,431490205001930,-30.006541099999957,-51.13372353405141
431490205001931,431490205001931,-30.006631299999952,-51.13281233137316
431490205001932,431490205001932,-30.00774454999995,-51.132670285139724
431490205001933,431490205001933,-30.009607899999956,-51.13195605314847
431490205001934,431490205001934,-30.010540549999966,-51.13063009853923
431490205001935,431490205001935,-30.005179099999957,-51.130553046845364
431490205001936,431490205001936,-30.003087049999944,-51.12853954196029
431490205001937,431490205001937,-30.008763099999946,-51.126308678880086
431490205001938,431490205001938,-30.004148849999943,-51.1269240894357
431490205001939,431490205001939,-30.004248299999958,-51.12456039646821
431490205001940,431490205001940,-30.009943399999962,-51.12446767095441
431490205001941,431490205001941,-30.01090584999994,-51.12399182994143
431490205001943,431490205001943,-30.00700179999995,-51.12134068686656
431490205001944,431490205001944,-30.01111869999994,-51.119484981579674
431490205001945,431490205001945,-30.013686849999964,-51.11973760495348
431490205001947,431490205001947,-29.99253504999995,-51.107512116945344
431490205001948,431490205001948,-29.99348809999995,-51.10704805911894
431490205001949,431490205001949,-29.993589499999956,-51.105641779325204
431490205001950,431490205001950,-29.992002149999955,-51.10375933557262
431490205001951,431490205001951,-29.995157849999963,-51.103854964304304
431490205001952,431490205001952,-29.99496384999995,-51.102198740233746
431490205001953,431490205001953,-29.994562649999974,-51.10109024443348
431490205001954,431490205001954,-29.99372494999995,-51.09927346800966
431490205001955,431490205001955,-29.993825199999975,-51.10016925806153
431490205001956,431490205001956,-29.993003999999956,-51.09866022430514
431490205001958,431490205001958,-29.992361949999975,-51.09727948560709
431490205001959,431490205001959,-29.99366994999997,-51.09720487101683
431490205001960,431490205001960,-29.992059049999963,-51.09611507549816
431490205001961,431490205001961,-29.993342749999947,-51.09589422562286
431490205001962,431490205001962,-29.99401034999993,-51.09577934565313
431490205001964,431490205001964,-29.993342749999947,-51.09315712732781
431490205001965,431490205001965,-29.994232549999964,-51.09024152809559
431490205001966,431490205001966,-29.99619929999998,-51.0912616333229
431490205001967,431490205001967,-29.998340799999934,-51.09074069785602
431490205001968,431490205001968,-29.997907349999963,-51.09454896469721
431490205001970,431490205001970,-29.99755639999995,-51.09867685243836
431490205001971,431490205001971,-29.99607379999997,-51.099768931408335
431490205001972,431490205001972,-29.996012849999968,-51.105856885671685
431490205001973,431490205001973,-29.99783469999997,-51.10546481341305
431490205001974,431490205001974,-29.998916499999982,-51.103471174286305
431490205001975,431490205001975,-30.000680249999952,-51.10327734915639
431490205001976,431490205001976,-30.000992349999926,-51.10461778671382
431490205001977,431490205001977,-30.000849549999963,-51.10185312738895
431490205001978,431490205001978,-30.000909299999957,-51.099869700890586
431490205001979,431490205001979,-30.00076289999995,-51.100902573264065
431490205001980,431490205001980,-29.998975299999945,-51.09850547095999
431490205001981,431490205001981,-30.00101954999993,-51.09833984326757
431490205001982,431490205001982,-30.00118694999994,-51.096010992126764
431490205001983,431490205001983,-30.001440099999968,-51.093795352595365
431490205001984,431490205001984,-30.002721399999952,-51.08913048825282
431490205001985,431490205001985,-30.001538599999947,-51.09188075899527
431490205001986,431490205001986,-30.002613549999978,-51.09229844477984
431490205001987,431490205001987,-30.00318914999994,-51.09234006208846
431490205001988,431490205001988,-30.00468154999995,-51.09154266474076
431490205001989,431490205001989,-30.00475354999994,-51.093137150735075
431490205001990,431490205001990,-30.00515399999997,-51.09425729051067
431490205001991,431490205001991,-30.00515399999997,-51.09486081319617
431490205001992,431490205001992,-30.005487049999935,-51.09647004996317
431490205001993,431490205001993,-30.004899499999958,-51.095710004207476
431490205001994,431490205001994,-30.003840999999966,-51.09734173196641
431490205001995,431490205001995,-30.00284629999996,-51.09705625363336
431490205001996,431490205001996,-30.003691749999938,-51.09909915976215
431490205001997,431490205001997,-30.005487799999944,-51.1015523064187
431490205001999,431490205001999,-30.003871199999953,-51.10879787102616
431490205002001,431490205002001,-30.00624439999995,-51.10868024708655
431490205002002,431490205002002,-30.009190649999937,-51.10963466693413
431490205002003,431490205002003,-30.008060999999962,-51.116813028408615
431490205002004,431490205002004,-30.01051984999995,-51.11676468724904
431490205002005,431490205002005,-30.012000599999933,-51.117586244371545
431490205002006,431490205002006,-30.014722299999953,-51.1184084272149
431490205002007,431490205002007,-30.014677099999936,-51.113495607561006
431490205002008,431490205002008,-30.010352049999945,-51.11375610901264
431490205002009,431490205002009,-30.011263999999944,-51.1098109919253
431490205002010,431490205002010,-30.01464944999995,-51.110114210778335
431490205002011,431490205002011,-30.01175659999995,-51.10646908340226
431490205002013,431490205002013,-30.007242849999955,-51.10101073154115
431490205002014,431490205002014,-30.009653149999956,-51.098600587245144
431490205002015,431490205002015,-30.010384899999963,-51.097400603854325
431490205002016,431490205002016,-30.01033129999996,-51.09579247730392
431490205002018,431490205002018,-30.00980769999995,-51.09371739692015
431490205002019,431490205002019,-30.01512479999994,-51.09689988469485
431490205002020,431490205002020,-30.017451949999973,-51.10465163026416
431490205002021,431490205002021,-30.019614849999947,-51.106569509324075
431490205002022,431490205002022,-30.019858949999946,-51.10511776498545
431490205002023,431490205002023,-30.02057979999995,-51.10560705904455
431490205002024,431490205002024,-30.020260599999936,-51.10342541717351
431490205002025,431490205002025,-30.019885349999974,-51.101519244578306
431490205002026,431490205002026,-30.022584099999936,-51.10450631812013
431490205002027,431490205002027,-30.02175374999993,-51.10605909017575
431490205002028,431490205002028,-30.021443649999952,-51.10379345568863
431490205002029,431490205002029,-30.02110199999995,-51.102179100060894
431490205002030,431490205002030,-30.02225914999994,-51.10109582291908
431490205002031,431490205002031,-30.022554049999936,-51.10315155750416
431490205002032,431490205002032,-30.024125199999947,-51.10500476709298
431490205002033,431490205002033,-30.025284649999946,-51.104889371657336
431490205002034,431490205002034,-30.022987599999958,-51.10616691489325
431490205002035,431490205002035,-30.024049049999938,-51.10646817460325
431490205002036,431490205002036,-30.02449929999994,-51.10699847112879
431490205002037,431490205002037,-30.026402199999954,-51.107013111659995
431490205002038,431490205002038,-30.02674869999995,-51.10516380379952
431490205002039,431490205002039,-30.026783949999945,-51.09986016801622
431490205002040,431490205002040,-30.026858149999946,-51.10241484304181
431490205002041,431490205002041,-30.023828449999964,-51.10027524285418
431490205002042,431490205002042,-30.025146399999947,-51.102335489349144
431490205002043,431490205002043,-30.024087899999955,-51.10160266191737
431490205002046,431490205002046,-30.02196689999994,-51.0949616679875
431490205002048,431490205002048,-30.02979019999995,-51.11752504730919
431490205002049,431490205002049,-30.029039049999927,-51.10999741124453
431490205002050,431490205002050,-30.02829939999998,-51.108064874817416
431490205002051,431490205002051,-30.029179549999945,-51.10597338085807
431490205002053,431490205002053,-30.030755249999938,-51.104709481964285
431490205002054,431490205002054,-30.03411614999996,-51.10378496419169
431490205002056,431490205002056,-30.032701449999962,-51.101960348799274
431490205002058,431490205002058,-30.032283399999955,-51.111065513900556
431490205002059,431490205002059,-30.03162134999996,-51.11242103720721
431490205002060,431490205002060,-30.03306104999992,-51.11252200609372
431490205002061,431490205002061,-30.032813749999974,-51.11483291432721
431490205002062,431490205002062,-30.031009849999933,-51.114711205554855
431490205002063,431490205002063,-30.031750199999948,-51.11646053573433
431490205002064,431490205002064,-30.031660649999935,-51.118838872083074
431490205002065,431490205002065,-30.03361824999996,-51.119323732185606
431490205002066,431490205002066,-30.035294849999957,-51.11680322158872
431490205002067,431490205002067,-30.03603724999993,-51.12020347374654
431490205002070,431490205002070,-30.03629039999995,-51.10559837454157
431490205002072,431490205002072,-30.039130599999964,-51.09787712280035
431490205002073,431490205002073,-30.01278254999997,-51.12839195604723
431490205002075,431490205002075,-30.016258649999962,-51.126731084256456
431490205002076,431490205002076,-30.015293449999938,-51.12567980683325
431490205002077,431490205002077,-30.014557699999955,-51.122311633134785
431490205002078,431490205002078,-30.01555654999995,-51.123977247002884
431490205002080,431490205002080,-30.01887679999996,-51.118602900827895
431490205002081,431490205002081,-30.018863949999936,-51.11705404090489
431490205002082,431490205002082,-30.01573889999994,-51.11771883250641
431490205002083,431490205002083,-30.016235349999924,-51.115512450429534
431490205002084,431490205002084,-30.017246899999943,-51.11486323621381
431490205002085,431490205002085,-30.01638584999995,-51.11432526978498
431490205002086,431490205002086,-30.017460049999954,-51.11569682208345
431490205002087,431490205002087,-30.01758729999995,-51.113269279051735
431490205002088,431490205002088,-30.01769239999995,-51.11196404059656
431490205002089,431490205002089,-30.016593349999965,-51.113653002002465
431490205002090,431490205002090,-30.016593349999965,-51.11278889415246
431490205002091,431490205002091,-30.016170099999947,-51.11289275439522
431490205002092,431490205002092,-30.015595699999945,-51.112858113973985
431490205002093,431490205002093,-30.015687149999955,-51.1110457389873
431490205002094,431490205002094,-30.016367149999944,-51.11078140005823
431490205002095,431490205002095,-30.016986549999952,-51.109954154553854
431490205002096,431490205002096,-30.01680414999995,-51.111487385451966
431490205002098,431490205002098,-30.016839949999955,-51.10880411968502
431490205002099,431490205002099,-30.018525549999957,-51.10759775704018
431490205002100,431490205002100,-30.017766249999966,-51.10871663184264
431490205002101,431490205002101,-30.018453399999963,-51.10877619839043
431490205002102,431490205002102,-30.019159849999966,-51.108843457357935
431490205002103,431490205002103,-30.01986139999996,-51.10890726978192
431490205002104,431490205002104,-30.02059309999995,-51.10897398658558
431490205002105,431490205002105,-30.021347549999945,-51.10904657566856
431490205002106,431490205002106,-30.022795999999964,-51.1080329687236
431490205002107,431490205002107,-30.02387284999994,-51.109286520488666
431490205002108,431490205002108,-30.02246249999996,-51.11195999647954
431490205002109,431490205002109,-30.021196249999942,-51.1118519646128
431490205002110,431490205002110,-30.02250084999994,-51.115214217710744
431490205002111,431490205002111,-30.025001199999956,-51.11674985529845
431490205002112,431490205002112,-30.021681649999948,-51.11848838302315
431490205002114,431490205002114,-30.02025739999996,-51.127119205631814
431490205002115,431490205002115,-30.017581899999946,-51.129012473357314
431490205002118,431490205002118,-30.022567549999927,-51.12788688211505
431490205002119,431490205002119,-30.022716249999945,-51.12325786711615
431490205002121,431490205002121,-30.023964749999983,-51.125403352374164
431490205002122,431490205002122,-30.025064849999943,-51.12959918188835
431490205002123,431490205002123,-30.027903599999938,-51.130459633180536
431490205002124,431490205002124,-30.02828114999994,-51.12447874692481
431490205002125,431490205002125,-30.035469149999955,-51.13364199268949
431490205002126,431490205002126,-30.03832279999994,-51.13387369644768
431490205002127,431490205002127,-30.03993914999994,-51.131564262682
431490205002128,431490205002128,-30.03961219999993,-51.129608123384216
431490205002129,431490205002129,-30.039765549999963,-51.12776101565649
431490205002130,431490205002130,-30.03809949999996,-51.12765706369874
431490205002131,431490205002131,-30.035698699999955,-51.129667790184556
431490205002132,431490205002132,-30.03305954999996,-51.12370609772937
431490205002133,431490205002133,-30.03777134999995,-51.12625155509752
431490205002134,431490205002134,-30.039384699999943,-51.12645726670977
431490205002135,431490205002135,-30.03757864999994,-51.12486718299107
431490205002136,431490205002136,-30.037642249999944,-51.12324124783092
431490205002137,431490205002137,-29.976992149999965,-51.155646050341865
431490205002138,431490205002138,-29.981593549999957,-51.15505257178357
431490205002139,431490205002139,-29.986074799999955,-51.15524802428446
431490205002141,431490205002141,-29.987242699999964,-51.154782581052615
431490205002143,431490205002143,-29.997640099999952,-51.150732507012776
431490205002148,431490205002148,-29.989156599999973,-51.10295657427902
431490205002149,431490205002149,-29.99099414999995,-51.105974986361204
431490205002150,431490205002150,-29.98854979999995,-51.10955608752955
431490205002151,431490205002151,-29.98797509999997,-51.10901701964855
431490205002152,431490205002152,-29.98778444999995,-51.10835796014105
431490205002153,431490205002153,-29.98768814999996,-51.10769635040597
431490205002154,431490205002154,-29.984411149999964,-51.1021325985875
431490205002155,431490205002155,-29.988924899999972,-51.09315408877587
431490205002158,431490205002158,-30.03198859999994,-51.2275765333671
431490205002159,431490205002159,-30.03638269999996,-51.22926742308452
431490205002163,431490205002163,-30.040852799999946,-51.217085949107926
431490205002164,431490205002164,-30.038069549999953,-51.22200226338778
431490205002167,431490205002167,-30.039827349999964,-51.20186821392891
431490205002168,431490205002168,-30.050416899999956,-51.191985102068834
431490205002169,431490205002169,-30.044472699999936,-51.15937258696704
431490205002170,431490205002170,-30.047629299999954,-51.156174694361404
431490205002171,431490205002171,-30.073893699999946,-51.197612825542286
431490205002172,431490205002172,-30.057538849999954,-51.168600932112355
431490205002173,431490205002173,-30.060664849999938,-51.15893668890402
431490205002174,431490205002174,-30.059409249999955,-51.20730404486173
431490205002175,431490205002175,-30.04356844999995,-51.218922931207594
431490205002176,431490205002176,-30.05021599999995,-51.21073979988573
431490205002177,431490205002177,-30.051678499999944,-51.219929553258524
431490205002178,431490205002178,-30.05232794999995,-51.225124403997455
431490205002179,431490205002179,-30.052124549999945,-51.223316140092166
431490205002180,431490205002180,-30.056322899999927,-51.22302183681237
431490205002181,431490205002181,-30.058638549999984,-51.22474430121655
431490205002182,431490205002182,-30.06430634999995,-51.23115259222005
431490205002183,431490205002183,-30.081574549999935,-51.224752228836394
431490205002184,431490205002184,-30.15301934999996,-51.17751391988152
431490205002185,431490205002185,-30.09713839999998,-51.18791248292203
431490205002186,431490205002186,-30.093075799999973,-51.17707714270048
431490205002187,431490205002187,-30.126145249999976,-51.230502899369256
431490205002188,431490205002188,-30.095123299999948,-51.13024109724297
431490205002189,431490205002189,-30.099567499999978,-51.13216385109757
431490205002190,431490205002190,-30.11002854999995,-51.14265202994255
431490205002191,431490205002191,-30.09839829999995,-51.13844223688969
431490205002192,431490205002192,-30.11677359999996,-51.1074564903283
431490205002193,431490205002193,-30.11997014999998,-51.10429832560759
431490205002194,431490205002194,-30.14859244999996,-51.155421228382586
431490205002195,431490205002195,-30.145608999999947,-51.14759722839524
431490205002196,431490205002196,-30.146366449999924,-51.12801621099445
431490205002197,431490205002197,-30.155733149999968,-51.14657251394897
431490205002199,431490205002199,-30.164500949999958,-51.14335487586415
431490205002200,431490205002200,-30.107560399999947,-51.17231103864208
431490205002201,431490205002201,-30.113706449999967,-51.16799796287445
431490205002206,431490205002206,-30.130768899999957,-51.21581135263361
431490205002207,431490205002207,-30.12249879999996,-51.215207257737525
431490205002208,431490205002208,-30.10495274999996,-51.23626179648619
431490205002209,431490205002209,-30.10611689999996,-51.25325210618095
431490205002210,431490205002210,-30.12515714999994,-51.236382517297386
431490205002213,431490205002213,-30.140643699999966,-51.21159607818822
431490205002214,431490205002214,-30.102723849999958,-51.138439448780545
431490205002215,431490205002215,-30.223171949999966,-51.069424964601936
431490205002216,431490205002216,-29.983055099999973,-51.194163270168346
431490205002219,431490205002219,-30.030403899999975,-51.21380867463744
431490205002220,431490205002220,-30.030961999999953,-51.20132237045474
431490205002221,431490205002221,-30.038122499999957,-51.20102400103883
431490205002224,431490205002224,-30.01967144999994,-51.19464709709812
431490205002225,431490205002225,-30.023561449999953,-51.19048731960996
431490205002226,431490205002226,-30.019087049999936,-51.17925219149086
431490205002227,431490205002227,-30.018428749999966,-51.1696750127842
431490205002229,431490205002229,-30.019835249999943,-51.175108930527244
431490205002230,431490205002230,-30.01971704999994,-51.17238078439543
431490205002231,431490205002231,-30.032974999999958,-51.1750852815418
431490205002232,431490205002232,-30.052000549999946,-51.18512380342507
431490205002233,431490205002233,-29.999220449999935,-51.148444885243094
431490205002234,431490205002234,-30.04312784999995,-51.19288866518145
431490205002235,431490205002235,-30.04482084999995,-51.19149591474085
431490205002236,431490205002236,-30.04585869999994,-51.18945695225884
431490205002237,431490205002237,-30.031040199999946,-51.18167213033378
431490205002238,431490205002238,-30.035378899999944,-51.18034685526487
431490205002239,431490205002239,-30.038228449999956,-51.17925075331614
431490205002240,431490205002240,-30.04081094999995,-51.18100474161706
431490205002242,431490205002242,-30.055994099999964,-51.18119934864628
431490205002243,431490205002243,-30.065904499999952,-51.14709127391815
431490205002244,431490205002244,-30.07059839999993,-51.203504803012315
431490205002245,431490205002245,-30.116281899999926,-51.21438926489667
431490205002246,431490205002246,-30.125870049999946,-51.21057191689944
431490205002247,431490205002247,-30.12325009999995,-51.218415272597255
431490205002248,431490205002248,-30.12823069999996,-51.202944788399165
431490205002249,431490205002249,-30.12416709999993,-51.20774309245886
431490205002250,431490205002250,-30.111231899999943,-51.24680357637723
431490205002251,431490205002251,-30.17854989999998,-51.18844323693237
431490205002252,431490205002252,-30.17422524999995,-51.18006850175881
431490205002253,431490205002253,-30.176576849999947,-51.17884760901572
431490205002254,431490205002254,-30.122485449999935,-51.2011777938366
431490205002255,431490205002255,-30.16056894999994,-51.17967639151017
431490205002256,431490205002256,-29.98121169999996,-51.19868034619802
431490205002257,431490205002257,-30.033694899999944,-51.20048564430449
431490205002258,431490205002258,-30.030937249999955,-51.19836923648111
431490205002259,431490205002259,-30.035189949999957,-51.19996681738063
431490205002260,431490205002260,-30.03133479999996,-51.18416315135033
431490205002261,431490205002261,-30.033852449999955,-51.19137128115655
431490205002262,431490205002262,-30.036118999999957,-51.190817584204524
431490205002263,431490205002263,-30.02541324999995,-51.195738461187645
431490205002264,431490205002264,-30.029085049999956,-51.190589428833505
431490205002265,431490205002265,-30.01104234999994,-51.11546373552975
431490205002266,431490205002266,-30.013215749999958,-51.114336039282804
431490205002267,431490205002267,-30.020214949999957,-51.18981139868782
431490205002268,431490205002268,-30.012220149999962,-51.16291203190284
431490205002269,431490205002269,-30.02190279999996,-51.175398552964104
431490205002272,431490205002272,-30.030197349999945,-51.15989082922207
431490205002273,431490205002273,-30.010876199999952,-51.14734968630794
431490205002274,431490205002274,-30.018002049999943,-51.13830079328811
431490205002275,431490205002275,-30.014958049999958,-51.13486490019784
431490205002276,431490205002276,-30.022911149999935,-51.13797931126899
431490205002278,431490205002278,-30.002899399999958,-51.125716970591014
431490205002282,431490205002282,-30.14469564999993,-51.12789258022086
431490205002283,431490205002283,-30.054654149999973,-51.18079779195751
431490205002284,431490205002284,-30.019507499999975,-51.11531968146305
431490205002285,431490205002285,-30.02064019999994,-51.11444370026916
431490205002286,431490205002286,-30.08318904999996,-51.20231085237286
431490205002287,431490205002287,-30.01763754999996,-51.10080054820372
431490205002288,431490205002288,-30.017675899999936,-51.1011611575382
431490205002289,431490205002289,-30.017592699999938,-51.101519077195924
431490205002290,431490205002290,-30.01763639999995,-51.10197826344308
431490205002291,431490205002291,-30.016214199999936,-51.10065388692388
431490205002292,431490205002292,-30.016226199999945,-51.101195167943175
431490205002293,431490205002293,-30.055554299999947,-51.19941820908291
431490205002294,431490205002294,-30.05614709999994,-51.199844557569726
431490205002295,431490205002295,-30.05590809999995,-51.198954676387075
431490205002296,431490205002296,-30.056503199999952,-51.19935300118397
431490205002297,431490205002297,-30.056240199999962,-51.19851927580052
431490205002298,431490205002298,-30.056830399999935,-51.1988692143929
431490205002299,431490205002299,-30.012769049999946,-51.14705952775549
431490205002301,431490205002301,-30.032651249999955,-51.143436585283176
431490205002302,431490205002302,-30.00929189999996,-51.13359387242746
431490205002305,431490205002305,-30.132041599999944,-51.19844640152112
431490205002306,431490205002306,-30.011945549999943,-51.15880627042216
431490205002307,431490205002307,-30.012849999999943,-51.158703546355184
431490205002308,431490205002308,-30.027132949999945,-51.10439576619942
431490205002309,431490205002309,-30.05806439999995,-51.15095319219276
431490205002311,431490205002311,-30.028847199999944,-51.13722413795915
431490205002312,431490205002312,-30.19920529999993,-51.132197001002005
431490205002313,431490205002313,-30.026002049999953,-51.09173138470425
431490205002315,431490205002315,-30.027818849999957,-51.109629113883344
431490205002316,431490205002316,-30.015729499999956,-51.151877300300555
431490205002317,431490205002317,-30.02984539999997,-51.115144553583335
431490205002318,431490205002318,-30.164578949999957,-51.20072708262184
431490205002319,431490205002319,-30.145966749999964,-51.201126618136385
431490205002320,431490205002320,-30.01507794999994,-51.191184728782076
431490205002321,431490205002321,-30.174430549999947,-51.14400663672548
431490205002324,431490205002324,-30.23741474999995,-51.085083769184024
431490205002325,431490205002325,-30.207306349999946,-51.16084445889811
431490205002326,431490205002326,-30.14182234999995,-51.20125457306164
431490205002329,431490205002329,-30.07064224999996,-51.17555403228243
431490205002330,431490205002330,-30.089308849999977,-51.22891499762994
431490205002331,431490205002331,-30.07781579999994,-51.22523389121963
431490205002332,431490205002332,-30.127856949999966,-51.214971086874755
431490205002333,431490205002333,-30.12824004999996,-51.214453813091325
431490205002334,431490205002334,-30.128314399999958,-51.213630843840136
431490205002335,431490205002335,-30.004785449999957,-51.111594553808104
431490205002337,431490205002337,-30.004918849999967,-51.11440334264928
431490205002341,431490205002341,-30.032780949999957,-51.10997727752213
431490205002342,431490205002342,-30.07167869999998,-51.233199527700194
431490205002343,431490205002343,-30.01150674999994,-51.14576353488103
431490205002344,431490205002344,-30.011634599999947,-51.145270896961236
431490205002345,431490205002345,-30.012673449999966,-51.14536325903831
431490205002346,431490205002346,-30.012827949999973,-51.14587447247543
431490205002347,431490205002347,-30.01216939999994,-51.14582735668465
431490205002348,431490205002348,-30.08653354999995,-51.11945651652941
431490205002349,431490205002349,-30.00790389999994,-51.13020544433408
431490205002351,431490205002351,-30.03829824999996,-51.15599587278731
431490205002352,431490205002352,-30.037966249999954,-51.157378920051826
431490205002353,431490205002353,-29.96790429999995,-51.17146111949077
431490205002354,431490205002354,-30.033821599999953,-51.15624202616846
431490205002355,431490205002355,-30.054800649999944,-51.14593140140303
431490205002356,431490205002356,-30.15952109999994,-51.22104803643079
431490205002357,431490205002357,-30.15780584999993,-51.2267382832503
431490205002358,431490205002358,-29.98968359999995,-51.22485236832372
431490205002359,431490205002359,-29.97381704999995,-51.22712142130485
431490205002360,431490205002360,-29.99355364999994,-51.220078762150266
431490205002361,431490205002361,-30.212821349999953,-51.17664676796949
431490205002363,431490205002363,-30.091628949999965,-51.195115363748094
431490205002364,431490205002364,-30.091913249999944,-51.19316063919284
431490205002365,431490205002365,-30.12745149999995,-51.204288298232626
431490205002366,431490205002366,-30.081703349999966,-51.20139306519414
431490205002368,431490205002368,-30.05293399999995,-51.21946053205324
431490205002369,431490205002369,-30.060190649999956,-51.21918653022175
431490205002370,431490205002370,-30.111931649999946,-51.20769994399511
431490205002371,431490205002371,-30.112346249999966,-51.246265705062186
431490205002372,431490205002372,-30.144828699999934,-51.1417583558156
431490205002374,431490205002374,-30.18371469999994,-51.185414093686724
431490205002375,431490205002375,-30.086992049999964,-51.129674336977146
431490205002376,431490205002376,-30.007574349999963,-51.15374203200841
431490205002378,431490205002378,-29.994989999999973,-51.10795364828424
431490205002379,431490205002379,-29.99675999999993,-51.107830122596305
431490205002380,431490205002380,-29.999096499999972,-51.10745117210577
431490205002382,431490205002382,-30.00129934999995,-51.10726519002847
431490205002385,431490205002385,-29.996562299999937,-51.12253105024254
431490205002386,431490205002386,-30.001416599999942,-51.11951007441057
431490205002387,431490205002387,-30.165165749999968,-51.186401782651885
431490205002388,431490205002388,-30.16587564999997,-51.19085924274252
431490205002389,431490205002389,-30.161860899999937,-51.18861991541604
431490205002390,431490205002390,-30.02676964999994,-51.12875649080762
431490205002391,431490205002391,-30.02520039999996,-51.1269414857692
431490205002392,431490205002392,-30.021903299999956,-51.160373828665776
431490205002393,431490205002393,-30.04327164999995,-51.212828096510364
431490205002394,431490205002394,-30.04507909999995,-51.22990910417954
431490205002395,431490205002395,-30.077507399999945,-51.18529727130385
431490205002396,431490205002396,-30.04992034999995,-51.19776895184485
431490205002398,431490205002398,-30.155089699999927,-51.12776092203529
431490205002399,431490205002399,-30.125784249999953,-51.21856300677494
431490205002400,431490205002400,-30.108552849999956,-51.24615660754607
431490205002401,431490205002401,-29.986774849999957,-51.19560400895108
431490205002402,431490205002402,-30.02959294999994,-51.20716772857248
431490205002403,431490205002403,-30.03574014999995,-51.208579301335085
431490205002404,431490205002404,-30.03826329999994,-51.19654400775303
431490205002405,431490205002405,-30.024584449999956,-51.13500399583969
431490205002406,431490205002406,-29.980137399999954,-51.121894236270265
431490205002407,431490205002407,-29.992075899999943,-51.12030455939352
431490205002408,431490205002408,-30.023732799999948,-51.10323793372846
431490205002409,431490205002409,-30.027525649999976,-51.10257342124267
431490205002410,431490205002410,-29.976982499999956,-51.198163661234375
431490205002411,431490205002411,-30.129398899999956,-51.21439681315232
431490205002412,431490205002412,-30.116116249999976,-51.22953610727857
431490205002413,431490205002413,-30.087523749999974,-51.125292785754155
431490205002414,431490205002414,-30.11492334999996,-51.18124281892158
431490205002415,431490205002415,-30.039044249999954,-51.127690445151345
431490205002416,431490205002416,-30.021644399999957,-51.096847667097705
431490205002417,431490205002417,-30.110733699999933,-51.111255650754586
431490205002418,431490205002418,-30.081888499999963,-51.1697960120606
431490205002419,431490205002419,-30.072406349999937,-51.16033958275479
431490205002420,431490205002420,-30.162194549999974,-51.14301010929327
431490205002421,431490205002421,-30.094901549999946,-51.233502203730495
431490205002422,431490205002422,-30.094300949999962,-51.23531835634296
431490205002423,431490205002423,-30.039267299999977,-51.107233530947255
431490205002426,431490205002426,-30.152535249999964,-51.16409168426646
431490205002427,431490205002427,-30.15504789999994,-51.16389449950418
431490205002428,431490205002428,-30.15344989999994,-51.16682558894155
431490205002429,431490205002429,-30.152241849999932,-51.168267254718906
431490205002430,431490205002430,-30.154078699999953,-51.17097759837675
431490205002431,431490205002431,-30.149245799999964,-51.17235973517821
431490205002432,431490205002432,-29.98852534999998,-51.09491429480933
431490205002433,431490205002433,-29.98481594999995,-51.09204082600715
431490205002434,431490205002434,-30.043727299999937,-51.148992118026484
431490205002435,431490205002435,-30.044456299999947,-51.15002782752167
431490205002436,431490205002436,-30.071559549999954,-51.187599695388755
431490205002437,431490205002437,-30.071851749999944,-51.18478074142635
431490205002438,431490205002438,-30.072616499999945,-51.184410416044216
431490205002439,431490205002439,-30.074098149999944,-51.183556190156665
431490205002440,431490205002440,-30.083863249999943,-51.233799826494206
431490205002441,431490205002441,-30.082575249999934,-51.23441485763669
431490205002442,431490205002442,-30.116321849999935,-51.15423355080269
431490205002443,431490205002443,-30.113527899999944,-51.15502108189311
431490205002444,431490205002444,-29.990681699999946,-51.19353734780957
431490205002445,431490205002445,-29.990681699999946,-51.191077334557264
431490205002446,431490205002446,-30.021049449999957,-51.12363705823625
431490205002447,431490205002447,-30.021947849999968,-51.125668148933684
431490205002448,431490205002448,-30.13654889999998,-51.164756026699365
431490205002449,431490205002449,-30.13926184999996,-51.1475435629778
431490205002450,431490205002450,-30.147110049999974,-51.15542522748108
431490205002451,431490205002451,-30.050977049999936,-51.17617316704546
431490205002452,431490205002452,-30.049223799999957,-51.17421428723787
431490205002453,431490205002453,-30.028469349999934,-51.172184857796
431490205002454,431490205002454,-30.03171414999997,-51.1717412112654
431490205002455,431490205002455,-30.03057089999995,-51.17208337867263
431490205002456,431490205002456,-30.04613964999995,-51.2168467820468
431490205002457,431490205002457,-30.04536914999997,-51.21610306996391
431490205002458,431490205002458,-30.04515664999996,-51.225604021736785
431490205002459,431490205002459,-30.045249649999953,-51.22492379233404
431490205002460,431490205002460,-30.13985209999995,-51.19256309398669
431490205002461,431490205002461,-30.14679844999997,-51.1980948706489
431490205002462,431490205002462,-30.15209644999995,-51.195943698230934
431490205002463,431490205002463,-30.14775659999995,-51.18513903220967
431490205002464,431490205002464,-30.063586749999946,-51.14893368962246
431490205002465,431490205002465,-30.066535399999964,-51.149254958055025
431490205002466,431490205002466,-29.995299349999947,-51.20595396830474
431490205002467,431490205002467,-30.030811549999946,-51.19743008871106
431490205002468,431490205002468,-30.034159949999967,-51.19520857868733
431490205002469,431490205002469,-30.05302809999995,-51.20327018054695
431490205002470,431490205002470,-30.05276119999996,-51.20179415221288
431490205002471,431490205002471,-30.04605269999996,-51.19174554832831
431490205002472,431490205002472,-30.04668829999994,-51.19374344878887
431490205002473,431490205002473,-30.128695749999963,-51.21783667248554
431490205002474,431490205002474,-30.129590549999953,-51.21345812797214
431490205002475,431490205002475,-30.07968004999995,-51.168950965626976
431490205002476,431490205002476,-30.083763249999944,-51.16444872158186
431490205002477,431490205002477,-30.05038894999995,-51.155294853864646
431490205002478,431490205002478,-30.053595799999954,-51.16049185421184
431490205002479,431490205002479,-30.053594299999958,-51.16259727877096
431490205002480,431490205002480,-30.05397854999995,-51.16627322139406
431490205002482,431490205002482,-30.04964314999995,-51.15030442388933
431490205002483,431490205002483,-30.049509999999966,-51.14900227598571
431490205002484,431490205002484,-30.112768199999948,-51.233753730502066
431490205002485,431490205002485,-30.117168599999957,-51.22584675763211
431490205002486,431490205002486,-30.133608449999965,-51.215726263902724
431490205002487,431490205002487,-30.13120449999996,-51.217141614100804
431490205002488,431490205002488,-30.08395614999994,-51.23148513240917
431490205002489,431490205002489,-30.085607999999944,-51.23177854518781
431490205002490,431490205002490,-30.004267549999952,-51.154429827966055
431490205002491,431490205002491,-30.006668949999945,-51.15518445053724
431490205002492,431490205002492,-30.14388024999994,-51.22309684996182
431490205002493,431490205002493,-30.14546169999994,-51.22118758789778
431490205002494,431490205002494,-30.153777849999983,-51.21402879930829
431490205002495,431490205002495,-30.155460049999952,-51.21812785899464
431490205002496,431490205002496,-30.156533499999963,-51.2126446092696
431490205002497,431490205002497,-30.16113234999994,-51.211379734037024
431490205002500,431490205002500,-29.97826029999993,-51.18316133914994
431490205002501,431490205002501,-29.97857009999995,-51.18162034043952
431490205002502,431490205002502,-30.14376914999997,-51.17905836772469
431490205002503,431490205002503,-30.128221199999956,-51.189986171984344
431490205002504,431490205002504,-30.12411014999997,-51.20034711865884
431490205002505,431490205002505,-30.12215374999997,-51.19987243711088
431490205002506,431490205002506,-30.111681699999956,-51.23338359456549
431490205002507,431490205002507,-30.112862049999954,-51.23133195653452
431490205002508,431490205002508,-30.166310349999943,-51.17414745996581
431490205002509,431490205002509,-30.171291099999927,-51.163304785502845
431490205002510,431490205002510,-30.174714899999966,-51.17569483889335
431490205002511,431490205002511,-30.173897699999962,-51.17353548021673
431490205002512,431490205002512,-30.174428399999947,-51.173297778817016
431490205002513,431490205002513,-30.025589649999958,-51.142040720019025
431490205002514,431490205002514,-30.029222699999956,-51.147080297396315
431490205002515,431490205002515,-30.024798149999945,-51.170933207468465
431490205002516,431490205002516,-30.02108614999996,-51.168391982699035
431490205002517,431490205002517,-29.989686449999958,-51.11036687777937
431490205002518,431490205002518,-29.98975314999995,-51.111767768587015
431490205002519,431490205002519,-30.00053719999994,-51.138733766110825
431490205002520,431490205002520,-30.002253999999937,-51.14091193951597
431490205002521,431490205002521,-30.006428199999956,-51.14200910144969
431490205002522,431490205002522,-30.11587784999994,-51.252401025687675
431490205002523,431490205002523,-30.117956699999954,-51.251559641271115
431490205002524,431490205002524,-30.028066649999943,-51.231741015018116
431490205002525,431490205002525,-30.04937529999995,-51.216688094374106
431490205002526,431490205002526,-30.127649249999955,-51.22810629062071
431490205002527,431490205002527,-30.209741699999963,-51.194951889428836
431490205002529,431490205002529,-29.972568349999953,-51.174668759217894
431490205002530,431490205002530,-30.036541499999963,-51.214689728415436
431490205002531,431490205002531,-30.108094449999953,-51.20266306519616
431490205002532,431490205002532,-29.983934499999936,-51.189067639340344
431490205002533,431490205002533,-30.026374249999947,-51.199529196879894
431490205002534,431490205002534,-29.999257799999945,-51.11146053334092
431490205002535,431490205002535,-30.04634709999996,-51.1996131916966
431490205002536,431490205002536,-30.04768564999995,-51.198676175565126
431490205002537,431490205002537,-30.039690549999925,-51.17504441150288
431490205002538,431490205002538,-30.042172849999957,-51.176986632225436
431490205002539,431490205002539,-30.047305249999958,-51.14143183572688
431490205002540,431490205002540,-30.047113949999947,-51.13927598847896
431490205002541,431490205002541,-30.050938099999964,-51.142003042317114
431490205002542,431490205002542,-30.053663649999947,-51.14316533370044
431490205002543,431490205002543,-30.05949834999995,-51.16848425046035
431490205002544,431490205002544,-30.061044649999957,-51.16777926284955
431490205002545,431490205002545,-30.05195624999995,-51.21747810005712
431490205002546,431490205002546,-30.053105999999953,-51.217596685299455
431490205002547,431490205002547,-30.060605699999968,-51.226728672140766
431490205002548,431490205002548,-30.06169259999996,-51.22735160316122
431490205002549,431490205002549,-30.123709049999942,-51.1018684578532
431490205002550,431490205002550,-30.124187449999937,-51.1013459982927
431490205002551,431490205002551,-30.046905949999932,-51.13352334386138
431490205002552,431490205002552,-30.051746149999957,-51.13348424340721
431490205002553,431490205002553,-30.051815399999953,-51.20960488526715
431490205002554,431490205002554,-30.051749749999935,-51.21105601534497
431490205002555,431490205002555,-30.148618399999968,-51.15783701546678
431490205002556,431490205002556,-30.14913889999996,-51.16009915127479
431490205002557,431490205002557,-30.155831049999954,-51.158777880538025
431490205002558,431490205002558,-30.11269464999994,-51.229581739886726
431490205002559,431490205002559,-30.114537299999963,-51.23026855353352
431490205002560,431490205002560,-30.114509799999947,-51.23096344756621
431490205002561,431490205002561,-30.099135299999965,-51.23691860486552
431490205002562,431490205002562,-30.099770849999967,-51.23784288460986
431490205002563,431490205002563,-30.099434599999967,-51.23579918529793
431490205002564,431490205002564,-30.160296699999968,-51.18968641649121
431490205002565,431490205002565,-30.160725299999964,-51.191321599067436
431490205002566,431490205002566,-30.166810049999977,-51.19403324596645
431490205002567,431490205002567,-30.13441099999994,-51.19794358104073
431490205002568,431490205002568,-30.137319799999936,-51.20117852082059
431490205002569,431490205002569,-29.98301414999994,-51.199466026755516
431490205002570,431490205002570,-29.984699049999957,-51.200039591424286
431490205002571,431490205002571,-29.98613569999994,-51.2005003242045
431490205002572,431490205002572,-29.980428999999965,-51.18330871500969
431490205002573,431490205002573,-29.982896199999967,-51.18497739710239
431490205002574,431490205002574,-29.98530344999994,-51.187115284173316
431490205002575,431490205002575,-29.987803699999944,-51.18938517502901
431490205002576,431490205002576,-30.00789409999996,-51.20768429646257
431490205002577,431490205002577,-30.008433199999963,-51.206058047059884
431490205002578,431490205002578,-30.009298299999948,-51.20217858447334
431490205002579,431490205002579,-30.01371524999993,-51.170733233611855
431490205002580,431490205002580,-30.016109999999973,-51.16949641110487
431490205002581,431490205002581,-30.020419399999952,-51.17662652345351
431490205002582,431490205002582,-30.020245399999936,-51.17529815004768
431490205002583,431490205002583,-30.02169399999996,-51.158621997088346
431490205002584,431490205002584,-30.025421899999934,-51.16132430733481
431490205002585,431490205002585,-30.02895874999996,-51.1342469936162
431490205002586,431490205002586,-30.027811949999965,-51.13286077251361
431490205002587,431490205002587,-30.035406949999953,-51.14716871835958
431490205002588,431490205002588,-30.03617604999993,-51.14725905114676
431490205002589,431490205002589,-29.97980144999994,-51.12372480263504
431490205002590,431490205002590,-29.979809699999947,-51.12431160594049
431490205002591,431490205002591,-29.981543749999958,-51.12403784605064
431490205002592,431490205002592,-29.98157724999996,-51.12526422624586
431490205002593,431490205002593,-29.993826949999942,-51.109974998510644
431490205002594,431490205002594,-29.996429349999936,-51.11087438017371
431490205002595,431490205002595,-30.005171549999936,-51.10569869467745
431490205002596,431490205002596,-30.006978899999943,-51.10547974961883
431490205002597,431490205002597,-30.01277369999997,-51.13026469848937
431490205002598,431490205002598,-30.015995299999943,-51.12925278960918
431490205002599,431490205002599,-30.019403749999952,-51.123531914629226
431490205002600,431490205002600,-30.01873939999996,-51.12041798085686
431490205002601,431490205002601,-30.117551949999942,-51.20962670133915
431490205002602,431490205002602,-30.118559799999947,-51.211827159424956
431490205002603,431490205002603,-30.121372749999942,-51.21141339843826
431490205002604,431490205002604,-30.031734399999948,-51.18972863690213
431490205002605,431490205002605,-30.032258149999954,-51.18766956469295
431490205002606,431490205002606,-30.034452799999933,-51.12109445970481
431490205002607,431490205002607,-30.03541084999994,-51.12125256818469
431490205002608,431490205002608,-30.023266549999953,-51.09158727334962
431490205002609,431490205002609,-30.02339219999996,-51.088124597119915
431490205002610,431490205002610,-30.164786449999944,-51.150115977377894
431490205002611,431490205002611,-30.165636949999957,-51.14665536195028
431490205002612,431490205002612,-30.162525299999963,-51.151962566449114
431490205002613,431490205002613,-30.162451549999947,-51.15064109707845
431490205002614,431490205002614,-30.159492299999947,-51.16543902236327
431490205002615,431490205002615,-30.157324049999964,-51.16311740857854
431490205002616,431490205002616,-30.158827749999944,-51.162223041722484
431490205002617,431490205002617,-30.02205674999996,-51.15691913452752
431490205002618,431490205002618,-30.02276984999994,-51.1552823988613
431490205002619,431490205002619,-30.025301749999954,-51.15677418640695
431490205002620,431490205002620,-30.01911014999996,-51.111948483861596
431490205002621,431490205002621,-30.019634049999972,-51.113120242744344
431490205002622,431490205002622,-30.01832549999994,-51.16887436483842
431490205002623,431490205002623,-30.01737809999994,-51.167713563162124
431490205002624,431490205002624,-30.029109849999962,-51.15808787092503
431490205002625,431490205002625,-30.031103649999974,-51.156915242515524
431490205002626,431490205002626,-30.006461949999927,-51.12850308214887
431490205002627,431490205002627,-30.00933449999996,-51.12895024542141
431490205002628,431490205002628,-30.169843699999937,-51.145564453413286
431490205002629,431490205002629,-30.169170949999966,-51.14644541588155
431490205002630,431490205002630,-30.170313449999945,-51.149513292415406
431490205002631,431490205002631,-30.056849049999943,-51.18181058501402
431490205002632,431490205002632,-30.05581374999997,-51.17545863400319
431490205002633,431490205002633,-30.063669549999954,-51.16090951628617
431490205002634,431490205002634,-30.064222349999966,-51.160416554922364
431490205002635,431490205002635,-30.066863649999952,-51.160005838251706
431490205002636,431490205002636,-30.067680099999922,-51.15847387100138
431490205002637,431490205002637,-30.072667349999954,-51.157521100122906
431490205002638,431490205002638,-30.08163239999993,-51.20805153511725
431490205002639,431490205002639,-30.08191194999995,-51.20641298050919
431490205002640,431490205002640,-30.11463779999994,-51.15750480202813
431490205002641,431490205002641,-30.10882339999994,-51.15099306017356
431490205002642,431490205002642,-30.11177774999993,-51.129767450703845
431490205002643,431490205002643,-30.105380999999937,-51.12529797254959
431490205002644,431490205002644,-30.10600829999995,-51.12367491079209
431490205002646,431490205002646,-30.137539449999963,-51.103972485803894
431490205002647,431490205002647,-30.143031799999957,-51.111227551473576
431490205002648,431490205002648,-30.14266444999995,-51.119201295674586
431490205002649,431490205002649,-30.142833499999966,-51.118392853834955
431490205002650,431490205002650,-30.142544949999937,-51.11764224770269
431490205002651,431490205002651,-30.165602399999962,-51.13990712568598
431490205002652,431490205002652,-30.164316949999964,-51.14152384355077
431490205002653,431490205002653,-30.164524949999958,-51.14054344502837
431490205002654,431490205002654,-30.164436549999973,-51.139188150765875
431490205002655,431490205002655,-30.164436549999973,-51.137944619425525
431490205002656,431490205002656,-30.16520124999993,-51.13794470599985
431490205002657,431490205002657,-30.164502499999966,-51.13693304432057
431490205002658,431490205002658,-30.165551199999953,-51.13659360278898
431490205002659,431490205002659,-30.164419599999974,-51.13393295221696
431490205002660,431490205002660,-30.014576799999958,-51.160501747971566
431490205002661,431490205002661,-30.016532299999923,-51.160701979937144
431490205002663,431490205002663,-30.00708359999993,-51.11347195265702
431490205002664,431490205002664,-30.008771949999982,-51.11430875650851
431490205002665,431490205002665,-30.020237249999944,-51.099527472650195
431490205002666,431490205002666,-30.021884499999974,-51.098855484726656
431490205002667,431490205002667,-30.02402804999997,-51.09872584787023
431490205002668,431490205002668,-30.025953099999946,-51.09906605121442
431490205002670,431490205002670,-30.026634549999947,-51.11867440778752
431490205002671,431490205002671,-30.02644319999996,-51.11751611898559
431490205002672,431490205002672,-30.035887199999962,-51.11057076492024
431490205002673,431490205002673,-30.038035599999965,-51.11169082354218
431490205002674,431490205002674,-30.03687524999995,-51.112834116599295
431490205002675,431490205002675,-30.138116349999947,-51.13217656667787
431490205002676,431490205002676,-30.14376584999996,-51.13186991595679
431490205002677,431490205002677,-30.142200799999948,-51.13716093062281
431490205002678,431490205002678,-30.142905699999933,-51.14037162846843
431490205002679,431490205002679,-30.14568439999996,-51.13779283970167
431490205002680,431490205002680,-30.14568439999996,-51.140003589061436
431490205002681,431490205002681,-30.13936344999996,-51.09955106922138
431490205002682,431490205002682,-30.136345599999963,-51.09639509895497
431490205002684,431490205002684,-30.02516274999996,-51.0950379470014
431490205002685,431490205002685,-30.027925149999945,-51.09467384746498
431490205002686,431490205002686,-30.028522049999935,-51.09145049584861
431490205002687,431490205002687,-30.02723829999996,-51.08941391674692
431490205002688,431490205002688,-30.030642249999968,-51.09448659494754
431490205002689,431490205002689,-30.029069499999927,-51.102972397706125
431490205002691,431490205002691,-30.02431124999995,-51.22124052821951
431490205002692,431490205002692,-29.969816799999958,-51.101172040904004
431490205002694,431490205002694,-30.060509199999956,-51.23381526622413
431490205002696,431490205002696,-30.07765859999998,-51.15529434695452
431490205002697,431490205002697,-30.074842699999934,-51.15716629092251
431490205002698,431490205002698,-30.072517899999944,-51.17703070802492
431490205002699,431490205002699,-30.071681799999936,-51.18060028023487
431490205002700,431490205002700,-30.21551349999995,-51.09163690836117
431490205002701,431490205002701,-30.217241199999954,-51.07749222663725
431490205002702,431490205002702,-30.168985149999962,-51.134436540603545
431490205002703,431490205002703,-30.176607349999944,-51.13098907518544
431490205002704,431490205002704,-30.025284649999946,-51.10646967008992
431490205002705,431490205002705,-30.02622024999996,-51.10248259229364
431490205002707,431490205002707,-30.021606799999937,-51.09230867932066
431490205002708,431490205002708,-30.025129999999955,-51.13091505597421
431490205002709,431490205002709,-30.031984449999943,-51.12732288096939
431490205002710,431490205002710,-30.081244249999934,-51.21339428701912
431490205002711,431490205002711,-30.081772549999947,-51.215520814987244
431490205002712,431490205002712,-30.116021199999945,-51.15997198749874
431490205002713,431490205002713,-30.125139899999965,-51.13503033792473
431490205002714,431490205002714,-30.083274999999958,-51.21316025031369
431490205002715,431490205002715,-30.086490199999954,-51.21012115554327
431490205002716,431490205002716,-30.120646449999946,-51.250766691149096
431490205002717,431490205002717,-30.12292359999995,-51.247216497583075
431490205002718,431490205002718,-30.07136654999993,-51.208290503378606
431490205002719,431490205002719,-30.07067094999993,-51.205636470020096
431490205002720,431490205002720,-30.08543619999994,-51.201386312503246
431490205002721,431490205002721,-30.08693909999994,-51.197404968332414
431490205002723,431490205002723,-30.00525619999996,-51.11814721546098
431490205002724,431490205002724,-30.190077699999954,-51.166491086099704
431490205002725,431490205002725,-30.198456599999957,-51.174460118298896
431490205002726,431490205002726,-30.17155909999994,-51.07904448309937
431490205002727,431490205002727,-30.184874199999967,-51.08585262470558
431490205002728,431490205002728,-30.047061699999936,-51.11398080437919
431490205002729,431490205002729,-30.039239499999944,-51.119826206302015
431490205002730,431490205002730,-30.041564299999944,-51.108369151518474
431490205002731,431490205002731,-30.04168864999997,-51.107612912457355
431490205002732,431490205002732,-30.112648399999948,-51.15346862013859
431490205002733,431490205002733,-30.11278104999996,-51.15116479992554
431490205002734,431490205002734,-30.136242699999965,-51.2206497042276
431490205002735,431490205002735,-30.13527104999994,-51.221986516379445
431490205002736,431490205002736,-30.007584899999948,-51.14654102891135
431490205002737,431490205002737,-30.00939564999996,-51.14763208452595
431490205002738,431490205002738,-30.008450699999955,-51.144672187122694
431490205002739,431490205002739,-29.981185799999963,-51.146444303224115
431490205002741,431490205002741,-30.114709449999964,-51.217361096192334
431490205002742,431490205002742,-30.117990999999957,-51.218002296435685
431490205002743,431490205002743,-30.045167049999968,-51.13164384951156
431490205002744,431490205002744,-30.041030899999946,-51.129488545054215
431490205002745,431490205002745,-30.042187449999943,-51.129636079363266
431490205002746,431490205002746,-30.04479904999996,-51.129939427982904
431490205002748,431490205002748,-30.180380699999937,-51.06617027957553
431490205002749,431490205002749,-30.01128529999996,-51.12128618203447
431490205002750,431490205002750,-30.010706099999936,-51.12266623643605
431490205002751,431490205002751,-30.020501299999943,-51.09627999880384
431490205002752,431490205002752,-30.018427949999918,-51.095988851568265
431490205002753,431490205002753,-30.094321449999967,-51.12757789681043
431490205002754,431490205002754,-30.093070599999947,-51.12716389652998
431490205002755,431490205002755,-30.011777099999954,-51.19067150007242
431490205002756,431490205002756,-30.011777099999954,-51.19007251780249
431490205002758,431490205002758,-30.08258229999995,-51.17278630824872
431490205002759,431490205002759,-30.018301199999932,-51.16506839824336
431490205002760,431490205002760,-30.018142199999943,-51.16641031991381
431490205002761,431490205002761,-30.016519599999953,-51.1630267988115
431490205002762,431490205002762,-30.016878449999943,-51.16384431558518
431490205002763,431490205002763,-30.000375849999955,-51.12922195008745
431490205002764,431490205002764,-29.996924249999942,-51.129222358233065
431490205002765,431490205002765,-29.99653884999995,-51.09671566603477
431490205002766,431490205002766,-29.99640724999994,-51.09537670855706
431490205002767,431490205002767,-30.16431649999995,-51.12386610363265
431490205002768,431490205002768,-30.153994049999934,-51.120999556865684
431490205002769,431490205002769,-30.107681599999953,-51.16729212819638
431490205002770,431490205002770,-30.10276189999996,-51.15089271695693
431490205002771,431490205002771,-30.012304999999962,-51.18254152089692
431490205002772,431490205002772,-30.01388379999994,-51.18250259479882
431490205002773,431490205002773,-30.086302499999956,-51.158109467893006
431490205002774,431490205002774,-30.077616249999977,-51.159342603038326
431490205002775,431490205002775,-30.159657999999947,-51.107120754351456
431490205002777,431490205002777,-30.10541714999996,-51.242611645605386
431490205002778,431490205002778,-30.104134449999954,-51.24232004718611
431490205002779,431490205002779,-30.119207449999937,-51.248527385371254
431490205002780,431490205002780,-30.11918669999993,-51.24031251557878
431490205002781,431490205002781,-30.094190399999935,-51.227458463767334
431490205002782,431490205002782,-30.093836749999948,-51.229078853203035
431490205002783,431490205002783,-30.044957149999952,-51.095702183182254
431490205002784,431490205002784,-30.04012284999996,-51.092595128399225
431490205002785,431490205002785,-29.97430299999996,-51.19108194862121
431490205002786,431490205002786,-29.973976849999946,-51.19239309533897
431490205002788,431490205002788,-30.048566199999946,-51.19470700613299
431490205002789,431490205002789,-30.046155499999934,-51.194793397988505
431490205002790,431490205002790,-30.04910009999997,-51.19234073636615
431490205002791,431490205002791,-30.04923799999995,-51.19389106991818
431490205002793,431490205002793,-30.061464449999963,-51.182674305244895
431490205002794,431490205002794,-30.11563169999996,-51.22307067667026
431490205002795,431490205002795,-30.115260149999955,-51.224522060019076
431490205002796,431490205002796,-30.04239264999995,-51.17512281773895
431490205002797,431490205002797,-30.045371299999935,-51.177957764544225
431490205002798,431490205002798,-30.037839699999942,-51.22742477117424
431490205002799,431490205002799,-30.036527049999957,-51.22768900371242
431490205002800,431490205002800,-30.061711349999936,-51.15003465392171
431490205002801,431490205002801,-30.05591189999995,-51.1495141579622
431490205002802,431490205002802,-30.058436549999954,-51.149001309295684
431490205002803,431490205002803,-30.056701399999945,-51.15113963047438
431490205002804,431490205002804,-30.141772449999955,-51.17352486762725
431490205002805,431490205002805,-30.148359599999957,-51.16429174984774
431490205002806,431490205002806,-30.143964499999953,-51.167296294512965
431490205002807,431490205002807,-30.045002649999958,-51.1415659692892
431490205002808,431490205002808,-30.045422399999946,-51.13951691667971
431490205002809,431490205002809,-30.00150064999996,-51.14797937690485
431490205002810,431490205002810,-30.00150064999996,-51.1488301823137
431490205002811,431490205002811,-30.020557399999937,-51.12855800107565
431490205002812,431490205002812,-30.021056499999958,-51.12955913520693
431490205002813,431490205002813,-30.080159299999956,-51.203048086800635
431490205002814,431490205002814,-30.08005794999996,-51.20507948899959
431490205002815,431490205002815,-30.01128469999994,-51.10216604170594
431490205002816,431490205002816,-30.013390899999926,-51.10234687379749
431490205002817,431490205002817,-30.015854499999964,-51.26000771598899
431490205002818,431490205002818,-30.01931234999997,-51.259047686803214
431490205002819,431490205002819,-30.076064499999937,-51.17580522225297
431490205002820,431490205002820,-30.074304499999943,-51.176421207107
431490205002821,431490205002821,-30.093627049999945,-51.24109156413736
431490205002822,431490205002822,-30.092899899999964,-51.24063835260729
431490205002823,431490205002823,-29.982321999999947,-51.122537775350295
431490205002824,431490205002824,-29.984952549999964,-51.122477971136135
431490205002825,431490205002825,-30.026566999999957,-51.111895226128496
431490205002826,431490205002826,-30.026534399999974,-51.115162145431185
431490205002827,431490205002827,-30.072111349999965,-51.218753884497346
431490205002828,431490205002828,-30.071820699999954,-51.22000400545848
431490205002829,431490205002829,-30.00787159999995,-51.137675113332406
431490205002830,431490205002830,-30.009224849999946,-51.135902782466374
431490205002831,431490205002831,-30.05392909999997,-51.21327400003561
431490205002832,431490205002832,-30.053495849999955,-51.21355917818091
431490205002833,431490205002833,-30.24205069999996,-51.129019314834856
431490205002834,431490205002834,-30.239672499999948,-51.1343273085638
431490205002835,431490205002835,-30.063837899999953,-51.163182240320424
431490205002836,431490205002836,-30.06424244999996,-51.163871483887995
431490205002837,431490205002837,-30.065110899999954,-51.16370853817425
431490205002838,431490205002838,-30.020475199999957,-51.191835762433485
431490205002839,431490205002839,-30.020625199999955,-51.19319441732068
431490205002840,431490205002840,-30.106057649999933,-51.21137478514168
431490205002841,431490205002841,-30.105719299999944,-51.21468493845714
431490205002842,431490205002842,-30.168435699999947,-51.183163050040285
431490205002843,431490205002843,-30.167115199999948,-51.184912085962466
431490205002844,431490205002844,-30.23295604999994,-51.091291318318085
431490205002845,431490205002845,-30.226756499999965,-51.09619977387382
431490205002846,431490205002846,-30.230527249999934,-51.05976052627405
431490205002847,431490205002847,-30.22866719999996,-51.05779327673133
431490205002848,431490205002848,-30.220968149999955,-51.05830858528618
431490205002849,431490205002849,-30.222800749999976,-51.06733637610412
431490205002850,431490205002850,-30.026893549999958,-51.17140716518104
431490205002851,431490205002851,-30.026894249999962,-51.17047375607112
431490205002852,431490205002852,-30.14190999999996,-51.09053225149995
431490205002853,431490205002853,-30.14494304999996,-51.090920921312744
431490205002854,431490205002854,-30.148431249999952,-51.09389327535624
431490205002855,431490205002855,-30.24454834999994,-51.06648876781538
431490205002856,431490205002856,-30.233676099999965,-51.07207693984588
431490205002857,431490205002857,-30.23959439999995,-51.10176284099519
431490205002858,431490205002858,-30.219578299999927,-51.10012090832893
431490205002859,431490205002859,-30.169622099999966,-51.22001439544729
431490205002860,431490205002860,-30.167385449999948,-51.22603249541302
431490205002861,431490205002861,-30.118852799999956,-51.20668495880628
431490205002862,431490205002862,-30.118316749999963,-51.2044982994067
431490205002863,431490205002863,-30.11868084999994,-51.20541471927915
431490205002864,431490205002864,-30.024801899999968,-51.12314130578824
431490205002865,431490205002865,-30.02363404999994,-51.1234401801498
431490205002866,431490205002866,-30.08316504999993,-51.22898804073416
431490205002867,431490205002867,-30.083798199999926,-51.22985903775505
431490205002868,431490205002868,-29.994312599999972,-51.16639069025657
431490205002869,431490205002869,-29.995997149999933,-51.145719108280446
431490205002870,431490205002870,-29.99276509999995,-51.14573941460172
431490205002871,431490205002871,-30.105658499999947,-51.24533520336471
431490205002872,431490205002872,-30.106532749999957,-51.2453780359687
431490205002873,431490205002873,-30.104459449999947,-51.24383068871599
431490205002874,431490205002874,-30.104757249999942,-51.24572419055591
431490205002875,431490205002875,-30.107082649999967,-51.19030313637134
431490205002876,431490205002876,-30.117935999999958,-51.18716770351561
431490205002877,431490205002877,-30.105207399999948,-51.17720245785341
431490205002878,431490205002878,-30.117379749999937,-51.19302253611397
431490205002879,431490205002879,-30.046233799999953,-51.10232684927981
431490205002880,431490205002880,-30.042780499999957,-51.10492313983556
431490205002881,431490205002881,-30.031653549999955,-51.12039545130271
431490205002882,431490205002882,-30.031800699999927,-51.11747031008059
431490205002883,431490205002883,-30.028171749999952,-51.118669041683404
431490205002884,431490205002884,-30.02992144999996,-51.12014174833281
431490205002885,431490205002885,-30.034407649999928,-51.11262850898318
431490205002886,431490205002886,-30.03439204999998,-51.110429135862105
431490205002887,431490205002887,-30.03310449999995,-51.10776560179523
431490205002888,431490205002888,-30.03639139999995,-51.10805186492318
431490205002889,431490205002889,-30.033677999999945,-51.10508682417836
431490205002890,431490205002890,-30.035686549999973,-51.106708236321595
431490205002891,431490205002891,-30.039517049999972,-51.10232640622648
431490205002892,431490205002892,-30.03929689999995,-51.10462149818349
431490205002893,431490205002893,-30.037848049999944,-51.1059638149497
431490205002894,431490205002894,-30.03631654999995,-51.10367479247863
431490205002895,431490205002895,-30.03966824999994,-51.1036690874738
431490205002896,431490205002896,-30.037871699999947,-51.10366227058821
431490205002897,431490205002897,-30.03362554999995,-51.11671673889096
431490205002898,431490205002898,-30.034228249999956,-51.11676581849669
431490205002899,431490205002899,-30.188167949999976,-51.069314292796506
431490205002900,431490205002900,-30.200323449999956,-51.09921160794691
431490205002901,431490205002901,-30.213844299999963,-51.10162249981457
431490205002902,431490205002902,-30.201113999999954,-51.042326933212266
431490205002903,431490205002903,-30.209606899999947,-51.061206054647116
431490205002904,431490205002904,-30.198458149999936,-51.0691052620322
431490205002905,431490205002905,-30.209482399999953,-51.06281326809248
431490205002906,431490205002906,-29.992906199999958,-51.13929405498611
431490205002907,431490205002907,-29.99617769999994,-51.13880891262264
431490205002908,431490205002908,-30.06199874999995,-51.186305237808384
431490205002909,431490205002909,-30.06016079999994,-51.18826277659832
431490205002910,431490205002910,-30.060351849999954,-51.18587061847387
431490205002911,431490205002911,-29.99844234999998,-51.09589468143207
431490205002912,431490205002912,-29.998084699999964,-51.09704432439409
431490205002913,431490205002913,-29.99439264999995,-51.09650202923496
431490205002914,431490205002914,-29.99298959999995,-51.09802120875855
431490205002915,431490205002915,-29.99135089999995,-51.096708490229474
431490205002916,431490205002916,-30.16964929999994,-51.20778744161558
431490205002917,431490205002917,-30.161700599999957,-51.21695855208485
431490205002918,431490205002918,-30.077318949999977,-51.22669652968097
431490205002919,431490205002919,-30.075645299999966,-51.22652143030383
431490205002920,431490205002920,-30.019308449999947,-51.09201835396412
431490205002921,431490205002921,-30.01979724999997,-51.08873674499404
431490205002922,431490205002922,-30.025300549999965,-51.09043246245275
431490205002923,431490205002923,-30.02591919999994,-51.089035492030526
431490205002924,431490205002924,-30.049761599999943,-51.14185751707591
431490205002925,431490205002925,-30.050045349999976,-51.14305573744167
431490205002926,431490205002926,-30.00697384999995,-51.11537040352407
431490205002927,431490205002927,-30.00620354999995,-51.11547526745812
431490205002928,431490205002928,-30.003410199999955,-51.115906995601364
431490205002929,431490205002929,-30.002954499999955,-51.114320938363015
431490205002930,431490205002930,-30.005308349999943,-51.12015984028416
431490205002931,431490205002931,-30.00764839999993,-51.11940905382654
431490205002932,431490205002932,-30.155831049999954,-51.15478819308659
431490205002933,431490205002933,-30.155978199999968,-51.151894823865575
431490205002934,431490205002934,-30.059154849999967,-51.173083822695695
431490205002935,431490205002935,-30.059916599999948,-51.17749655865914
431490205002936,431490205002936,-30.061720199999932,-51.18017177632326
431490205002937,431490205002937,-30.06211904999994,-51.1785698819624
431490205002938,431490205002938,-30.088064749999944,-51.17833349249593
431490205002939,431490205002939,-30.090879699999956,-51.177025799844074
431490205002940,431490205002940,-30.090099299999956,-51.17965735247762
431490205002941,431490205002941,-30.090431949999946,-51.180187063370894
431490205002942,431490205002942,-30.088868999999953,-51.18109676490015
431490205002943,431490205002943,-30.089703799999935,-51.18169531663247
431490205002944,431490205002944,-30.08810019999995,-51.183565573815216
431490205002945,431490205002945,-30.089742999999938,-51.1825859330073
431490205002946,431490205002946,-30.091028449999975,-51.174921722878366
431490205002947,431490205002947,-30.09158139999996,-51.17894184288538
431490205002948,431490205002948,-30.090747649999937,-51.18107991782166
431490205002949,431490205002949,-30.092982099999965,-51.185377452035
431490205002950,431490205002950,-30.088759449999934,-51.19043958990024
431490205002951,431490205002951,-30.085679549999973,-51.17640998002777
431490205002952,431490205002952,-30.084688399999948,-51.17347431815166
431490205002953,431490205002953,-30.081322899999943,-51.222278841039625
431490205002954,431490205002954,-30.08026069999996,-51.22150441174911
431490205002955,431490205002955,-30.007354949999947,-51.09362578697558
431490205002956,431490205002956,-30.007354949999947,-51.091708036858066
431490205002957,431490205002957,-29.972613399999968,-51.19453115415665
431490205002958,431490205002958,-29.972268749999955,-51.18599101801773
431490205002959,431490205002959,-29.972686799999956,-51.18013705030732
431490205002960,431490205002960,-30.139314599999942,-51.21249452017028
431490205002961,431490205002961,-30.133206699999924,-51.21093485393261
431490205002962,431490205002962,-30.065077099999947,-51.19841245806954
431490205002963,431490205002963,-30.06366454999996,-51.19724476680962
431490205002964,431490205002964,-30.06378289999995,-51.19529357211458
431490205002965,431490205002965,-30.206124149999965,-51.02571366645698
431490205002966,431490205002966,-30.194878099999947,-51.02738848109439
431490205002967,431490205002967,-30.081644599999944,-51.23890937027022
431490205002968,431490205002968,-30.083770899999962,-51.23977409557361
431490205002969,431490205002969,-30.084265749999922,-51.23821659705274
431490205002970,431490205002970,-30.083942849999968,-51.239141288034105
431490205002971,431490205002971,-30.08862834999995,-51.23930785510585
431490205002972,431490205002972,-30.086684249999934,-51.239179979366384
431490205002973,431490205002973,-30.15019929999994,-51.11724896828038
431490205002974,431490205002974,-30.14514444999994,-51.120130566035726
431490205002975,431490205002975,-30.13503724999995,-51.114848235198124
431490205002976,431490205002976,-30.139667899999946,-51.12358520208932
431490205002977,431490205002977,-30.086965999999954,-51.18669961357463
431490205002978,431490205002978,-30.085992799999953,-51.1850725634905
431490205002979,431490205002979,-30.11309124999996,-51.11092242344532
431490205002980,431490205002980,-30.115715099999957,-51.10986355848371
431490205002981,431490205002981,-30.116428749999947,-51.114258565114795
431490205002982,431490205002982,-30.116480749999933,-51.111617933436776
431490205002983,431490205002983,-30.00082509999995,-51.223736148784695
431490205002984,431490205002984,-30.003226149999954,-51.230235533079025
431490205002985,431490205002985,-29.994718699999957,-51.231545117436326
431490205002986,431490205002986,-29.96342539999995,-51.234291775238646
431490205002987,431490205002987,-29.946522299999955,-51.23025015638201
431490205002988,431490205002988,-29.94962029999993,-51.273663416216394
431490205002989,431490205002989,-29.990411499999958,-51.208981874421426
431490205002990,431490205002990,-29.95866764999997,-51.24633508093622
431490205002991,431490205002991,-29.97565284999993,-51.235725950012714
431490205002992,431490205002992,-29.965944199999953,-51.22273316940699
431490205002993,431490205002993,-29.97587814999997,-51.20941525081585
431490205002994,431490205002994,-30.001214799999957,-51.217060721223405
431490205002995,431490205002995,-29.972444349999954,-51.257436312182925
431490205002996,431490205002996,-30.095485199999956,-51.12810484702774
431490205002997,431490205002997,-30.097833249999944,-51.128188559591635
431490205002998,431490205002998,-30.05149274999993,-51.16251524196767
431490205002999,431490205002999,-30.050449899999926,-51.15990539833025
431490205003000,431490205003000,-30.04946594999995,-51.16302908643438
431490205003001,431490205003001,-30.049461999999945,-51.164769178614854
431490205003002,431490205003002,-30.050607949999943,-51.153032209621536
431490205003003,431490205003003,-30.051580549999954,-51.15296776457312
431490205003004,431490205003004,-30.041220749999976,-51.23481679954223
431490205003005,431490205003005,-30.08438544999995,-51.1833009653015
431490205003006,431490205003006,-30.082013649999965,-51.18611754778249
431490205003007,431490205003007,-30.177084049999955,-51.10934928146821
431490205003008,431490205003008,-30.16616204999996,-51.085723041904274
431490205003009,431490205003009,-30.090143099999977,-51.215341831103125
431490205003010,431490205003010,-30.088827299999927,-51.2115848822602
431490205003011,431490205003011,-30.091244949999943,-51.21157638540708
431490205003012,431490205003012,-30.06287729999994,-51.21809529258996
431490205003013,431490205003013,-30.064246749999963,-51.21698082168904
431490205003014,431490205003014,-30.072253249999953,-51.15127707951189
431490205003015,431490205003015,-30.070550349999955,-51.14877989475489
431490205003016,431490205003016,-30.23671409999996,-51.1519109088655
431490205003017,431490205003017,-30.215499749999957,-51.13502590048488
431490205003018,431490205003018,-30.078081249999965,-51.157407615056776
431490205003019,431490205003019,-30.07427074999994,-51.159914185987304
431490205003020,431490205003020,-29.98584804999995,-51.24222085102941
431490205003021,431490205003021,-29.984408799999954,-51.27425618092104
431490205003022,431490205003022,-29.997251049999925,-51.255155960729226
431490205003023,431490205003023,-30.01587824999995,-51.22773644820393
431490205003024,431490205003024,-30.08083759999993,-51.14617859061386
431490205003025,431490205003025,-30.079868449999964,-51.13363964753288
431490205003026,431490205003026,-30.066521449999954,-51.13092511545432
431490205003027,431490205003027,-30.06876904999995,-51.13635401221937
431490205003028,431490205003028,-30.013874149999957,-51.2471101066583
431490205003029,431490205003029,-30.02016669999994,-51.225450284700415
431490205003030,431490205003030,-30.037761349999947,-51.25614377859324
431490205003031,431490205003031,-30.053623199999933,-51.156564709721636
431490205003032,431490205003032,-30.05492879999995,-51.16076437851945
